run_directory,iteration,eval_average_return
q2_b1000_r0.01_InvertedPendulum-v4_28-09-2026_14-30-27,0,18.68181800842285
q2_b1000_r0.01_InvertedPendulum-v4_28-09-2026_14-30-27,1,28.714284896850586
q2_b1000_r0.01_InvertedPendulum-v4_28-09-2026_14-30-27,2,36.66666793823242
q2_b1000_r0.01_InvertedPendulum-v4_28-09-2026_14-30-27,3,63.0
q2_b1000_r0.01_InvertedPendulum-v4_28-09-2026_14-30-27,4,36.6363639831543
q2_b1000_r0.01_InvertedPendulum-v4_28-09-2026_14-30-27,5,48.11111068725586
q2_b1000_r0.01_InvertedPendulum-v4_28-09-2026_14-30-27,6,42.900001525878906
q2_b1000_r0.01_InvertedPendulum-v4_28-09-2026_14-30-27,7,46.20000076293945
q2_b1000_r0.01_InvertedPendulum-v4_28-09-2026_14-30-27,8,41.599998474121094
q2_b1000_r0.01_InvertedPendulum-v4_28-09-2026_14-30-27,9,44.77777862548828
q2_b1000_r0.01_InvertedPendulum-v4_28-09-2026_14-30-27,10,45.0
q2_b1000_r0.01_InvertedPendulum-v4_28-09-2026_14-30-27,11,54.375
q2_b1000_r0.01_InvertedPendulum-v4_28-09-2026_14-30-27,12,45.099998474121094
q2_b1000_r0.01_InvertedPendulum-v4_28-09-2026_14-30-27,13,64.28571319580078
q2_b1000_r0.01_InvertedPendulum-v4_28-09-2026_14-30-27,14,69.83333587646484
q2_b1000_r0.01_InvertedPendulum-v4_28-09-2026_14-30-27,15,88.80000305175781
q2_b1000_r0.01_InvertedPendulum-v4_28-09-2026_14-30-27,16,87.0
q2_b1000_r0.01_InvertedPendulum-v4_28-09-2026_14-30-27,17,159.6666717529297
q2_b1000_r0.01_InvertedPendulum-v4_28-09-2026_14-30-27,18,475.0
q2_b1000_r0.01_InvertedPendulum-v4_28-09-2026_14-30-27,19,127.5
q2_b1000_r0.01_InvertedPendulum-v4_28-09-2026_14-30-27,20,80.83333587646484
q2_b1000_r0.01_InvertedPendulum-v4_28-09-2026_14-30-27,21,69.33333587646484
q2_b1000_r0.01_InvertedPendulum-v4_28-09-2026_14-30-27,22,62.71428680419922
q2_b1000_r0.01_InvertedPendulum-v4_28-09-2026_14-30-27,23,73.83333587646484
q2_b1000_r0.01_InvertedPendulum-v4_28-09-2026_14-30-27,24,113.0
q2_b1000_r0.01_InvertedPendulum-v4_28-09-2026_14-30-27,25,299.5
q2_b1000_r0.01_InvertedPendulum-v4_28-09-2026_14-30-27,26,166.0
q2_b1000_r0.01_InvertedPendulum-v4_28-09-2026_14-30-27,27,170.3333282470703
q2_b1000_r0.01_InvertedPendulum-v4_28-09-2026_14-30-27,28,114.0
q2_b1000_r0.01_InvertedPendulum-v4_28-09-2026_14-30-27,29,97.5999984741211
q2_b1000_r0.01_InvertedPendulum-v4_28-09-2026_14-30-27,30,71.0
q2_b1000_r0.01_InvertedPendulum-v4_28-09-2026_14-30-27,31,58.85714340209961
q2_b1000_r0.01_InvertedPendulum-v4_28-09-2026_14-30-27,32,50.77777862548828
q2_b1000_r0.01_InvertedPendulum-v4_28-09-2026_14-30-27,33,51.125
q2_b1000_r0.01_InvertedPendulum-v4_28-09-2026_14-30-27,34,67.16666412353516
q2_b1000_r0.01_InvertedPendulum-v4_28-09-2026_14-30-27,35,71.33333587646484
q2_b1000_r0.01_InvertedPendulum-v4_28-09-2026_14-30-27,36,77.16666412353516
q2_b1000_r0.01_InvertedPendulum-v4_28-09-2026_14-30-27,37,117.75
q2_b1000_r0.01_InvertedPendulum-v4_28-09-2026_14-30-27,38,154.0
q2_b1000_r0.01_InvertedPendulum-v4_28-09-2026_14-30-27,39,166.6666717529297
q2_b1000_r0.01_InvertedPendulum-v4_28-09-2026_14-30-27,40,1000.0
q2_b1000_r0.01_InvertedPendulum-v4_28-09-2026_14-30-27,41,616.0
q2_b1000_r0.01_InvertedPendulum-v4_28-09-2026_14-30-27,42,584.0
q2_b1000_r0.01_InvertedPendulum-v4_28-09-2026_14-30-27,43,299.5
q2_b1000_r0.01_InvertedPendulum-v4_28-09-2026_14-30-27,44,298.0
q2_b1000_r0.01_InvertedPendulum-v4_28-09-2026_14-30-27,45,244.0
q2_b1000_r0.01_InvertedPendulum-v4_28-09-2026_14-30-27,46,148.3333282470703
q2_b1000_r0.01_InvertedPendulum-v4_28-09-2026_14-30-27,47,158.0
q2_b1000_r0.01_InvertedPendulum-v4_28-09-2026_14-30-27,48,176.3333282470703
q2_b1000_r0.01_InvertedPendulum-v4_28-09-2026_14-30-27,49,232.0
q2_b1000_r0.01_InvertedPendulum-v4_28-09-2026_14-30-27,50,493.0
q2_b1000_r0.01_InvertedPendulum-v4_28-09-2026_14-30-27,51,817.0
q2_b1000_r0.01_InvertedPendulum-v4_28-09-2026_14-30-27,52,240.6666717529297
q2_b1000_r0.01_InvertedPendulum-v4_28-09-2026_14-30-27,53,149.3333282470703
q2_b1000_r0.01_InvertedPendulum-v4_28-09-2026_14-30-27,54,601.5
q2_b1000_r0.01_InvertedPendulum-v4_28-09-2026_14-30-27,55,1000.0
q2_b1000_r0.01_InvertedPendulum-v4_28-09-2026_14-30-27,56,1000.0
q2_b1000_r0.01_InvertedPendulum-v4_28-09-2026_14-30-27,57,1000.0
q2_b1000_r0.01_InvertedPendulum-v4_28-09-2026_14-30-27,58,1000.0
q2_b1000_r0.01_InvertedPendulum-v4_28-09-2026_14-30-27,59,1000.0
q2_b1000_r0.01_InvertedPendulum-v4_28-09-2026_14-30-27,60,1000.0
q2_b1000_r0.01_InvertedPendulum-v4_28-09-2026_14-30-27,61,441.0
q2_b1000_r0.01_InvertedPendulum-v4_28-09-2026_14-30-27,62,1000.0
q2_b1000_r0.01_InvertedPendulum-v4_28-09-2026_14-30-27,63,1000.0
q2_b1000_r0.01_InvertedPendulum-v4_28-09-2026_14-30-27,64,1000.0
q2_b1000_r0.01_InvertedPendulum-v4_28-09-2026_14-30-27,65,1000.0
q2_b1000_r0.01_InvertedPendulum-v4_28-09-2026_14-30-27,66,1000.0
q2_b1000_r0.01_InvertedPendulum-v4_28-09-2026_14-30-27,67,1000.0
q2_b1000_r0.01_InvertedPendulum-v4_28-09-2026_14-30-27,68,850.0
q2_b1000_r0.01_InvertedPendulum-v4_28-09-2026_14-30-27,69,211.5
q2_b1000_r0.01_InvertedPendulum-v4_28-09-2026_14-30-27,70,50.5
q2_b1000_r0.01_InvertedPendulum-v4_28-09-2026_14-30-27,71,67.16666412353516
q2_b1000_r0.01_InvertedPendulum-v4_28-09-2026_14-30-27,72,272.0
q2_b1000_r0.01_InvertedPendulum-v4_28-09-2026_14-30-27,73,207.0
q2_b1000_r0.01_InvertedPendulum-v4_28-09-2026_14-30-27,74,1000.0
q2_b1000_r0.01_InvertedPendulum-v4_28-09-2026_14-30-27,75,225.0
q2_b1000_r0.01_InvertedPendulum-v4_28-09-2026_14-30-27,76,616.0
q2_b1000_r0.01_InvertedPendulum-v4_28-09-2026_14-30-27,77,428.0
q2_b1000_r0.01_InvertedPendulum-v4_28-09-2026_14-30-27,78,1000.0
q2_b1000_r0.01_InvertedPendulum-v4_28-09-2026_14-30-27,79,1000.0
q2_b1000_r0.01_InvertedPendulum-v4_28-09-2026_14-30-27,80,1000.0
q2_b1000_r0.01_InvertedPendulum-v4_28-09-2026_14-30-27,81,1000.0
q2_b1000_r0.01_InvertedPendulum-v4_28-09-2026_14-30-27,82,1000.0
q2_b1000_r0.01_InvertedPendulum-v4_28-09-2026_14-30-27,83,1000.0
q2_b1000_r0.01_InvertedPendulum-v4_28-09-2026_14-30-27,84,1000.0
q2_b1000_r0.01_InvertedPendulum-v4_28-09-2026_14-30-27,85,1000.0
q2_b1000_r0.01_InvertedPendulum-v4_28-09-2026_14-30-27,86,1000.0
q2_b1000_r0.01_InvertedPendulum-v4_28-09-2026_14-30-27,87,1000.0
q2_b1000_r0.01_InvertedPendulum-v4_28-09-2026_14-30-27,88,1000.0
q2_b1000_r0.01_InvertedPendulum-v4_28-09-2026_14-30-27,89,1000.0
q2_b1000_r0.01_InvertedPendulum-v4_28-09-2026_14-30-27,90,1000.0
q2_b1000_r0.01_InvertedPendulum-v4_28-09-2026_14-30-27,91,1000.0
q2_b1000_r0.01_InvertedPendulum-v4_28-09-2026_14-30-27,92,1000.0
q2_b1000_r0.01_InvertedPendulum-v4_28-09-2026_14-30-27,93,879.0
q2_b1000_r0.01_InvertedPendulum-v4_28-09-2026_14-30-27,94,341.75
q2_b1000_r0.01_InvertedPendulum-v4_28-09-2026_14-30-27,95,386.5
q2_b1000_r0.01_InvertedPendulum-v4_28-09-2026_14-30-27,96,62.28571319580078
q2_b1000_r0.01_InvertedPendulum-v4_28-09-2026_14-30-27,97,1000.0
q2_b1000_r0.01_InvertedPendulum-v4_28-09-2026_14-30-27,98,1000.0
q2_b1000_r0.01_InvertedPendulum-v4_28-09-2026_14-30-27,99,1000.0
q2_b100_r0.01_InvertedPendulum-v4_29-09-2026_11-15-53,0,13.896552085876465
q2_b100_r0.01_InvertedPendulum-v4_29-09-2026_11-15-53,1,19.904762268066406
q2_b100_r0.01_InvertedPendulum-v4_29-09-2026_11-15-53,2,40.20000076293945
q2_b100_r0.01_InvertedPendulum-v4_29-09-2026_11-15-53,3,18.772727966308594
q2_b100_r0.01_InvertedPendulum-v4_29-09-2026_11-15-53,4,23.105262756347656
q2_b100_r0.01_InvertedPendulum-v4_29-09-2026_11-15-53,5,31.923076629638672
q2_b100_r0.01_InvertedPendulum-v4_29-09-2026_11-15-53,6,42.20000076293945
q2_b100_r0.01_InvertedPendulum-v4_29-09-2026_11-15-53,7,59.14285659790039
q2_b100_r0.01_InvertedPendulum-v4_29-09-2026_11-15-53,8,35.91666793823242
q2_b100_r0.01_InvertedPendulum-v4_29-09-2026_11-15-53,9,39.90909194946289
q2_b100_r0.01_InvertedPendulum-v4_29-09-2026_11-15-53,10,44.66666793823242
q2_b100_r0.01_InvertedPendulum-v4_29-09-2026_11-15-53,11,39.6363639831543
q2_b100_r0.01_InvertedPendulum-v4_29-09-2026_11-15-53,12,95.80000305175781
q2_b100_r0.01_InvertedPendulum-v4_29-09-2026_11-15-53,13,54.375
q2_b100_r0.01_InvertedPendulum-v4_29-09-2026_11-15-53,14,69.83333587646484
q2_b100_r0.01_InvertedPendulum-v4_29-09-2026_11-15-53,15,35.5
q2_b100_r0.01_InvertedPendulum-v4_29-09-2026_11-15-53,16,31.571428298950195
q2_b100_r0.01_InvertedPendulum-v4_29-09-2026_11-15-53,17,54.0
q2_b100_r0.01_InvertedPendulum-v4_29-09-2026_11-15-53,18,30.846153259277344
q2_b100_r0.01_InvertedPendulum-v4_29-09-2026_11-15-53,19,57.28571319580078
q2_b100_r0.01_InvertedPendulum-v4_29-09-2026_11-15-53,20,50.875
q2_b100_r0.01_InvertedPendulum-v4_29-09-2026_11-15-53,21,67.16666412353516
q2_b100_r0.01_InvertedPendulum-v4_29-09-2026_11-15-53,22,54.0
q2_b100_r0.01_InvertedPendulum-v4_29-09-2026_11-15-53,23,76.83333587646484
q2_b100_r0.01_InvertedPendulum-v4_29-09-2026_11-15-53,24,88.5999984741211
q2_b100_r0.01_InvertedPendulum-v4_29-09-2026_11-15-53,25,84.5999984741211
q2_b100_r0.01_InvertedPendulum-v4_29-09-2026_11-15-53,26,67.42857360839844
q2_b100_r0.01_InvertedPendulum-v4_29-09-2026_11-15-53,27,76.5
q2_b100_r0.01_InvertedPendulum-v4_29-09-2026_11-15-53,28,73.0
q2_b100_r0.01_InvertedPendulum-v4_29-09-2026_11-15-53,29,56.875
q2_b100_r0.01_InvertedPendulum-v4_29-09-2026_11-15-53,30,51.875
q2_b100_r0.01_InvertedPendulum-v4_29-09-2026_11-15-53,31,37.90909194946289
q2_b100_r0.01_InvertedPendulum-v4_29-09-2026_11-15-53,32,43.20000076293945
q2_b100_r0.01_InvertedPendulum-v4_29-09-2026_11-15-53,33,37.181819915771484
q2_b100_r0.01_InvertedPendulum-v4_29-09-2026_11-15-53,34,33.41666793823242
q2_b100_r0.01_InvertedPendulum-v4_29-09-2026_11-15-53,35,27.266666412353516
q2_b100_r0.01_InvertedPendulum-v4_29-09-2026_11-15-53,36,49.77777862548828
q2_b100_r0.01_InvertedPendulum-v4_29-09-2026_11-15-53,37,57.375
q2_b100_r0.01_InvertedPendulum-v4_29-09-2026_11-15-53,38,73.66666412353516
q2_b100_r0.01_InvertedPendulum-v4_29-09-2026_11-15-53,39,68.28571319580078
q2_b100_r0.01_InvertedPendulum-v4_29-09-2026_11-15-53,40,61.71428680419922
q2_b100_r0.01_InvertedPendulum-v4_29-09-2026_11-15-53,41,47.11111068725586
q2_b100_r0.01_InvertedPendulum-v4_29-09-2026_11-15-53,42,41.599998474121094
q2_b100_r0.01_InvertedPendulum-v4_29-09-2026_11-15-53,43,36.818180084228516
q2_b100_r0.01_InvertedPendulum-v4_29-09-2026_11-15-53,44,37.6363639831543
q2_b100_r0.01_InvertedPendulum-v4_29-09-2026_11-15-53,45,40.400001525878906
q2_b100_r0.01_InvertedPendulum-v4_29-09-2026_11-15-53,46,50.44444274902344
q2_b100_r0.01_InvertedPendulum-v4_29-09-2026_11-15-53,47,54.125
q2_b100_r0.01_InvertedPendulum-v4_29-09-2026_11-15-53,48,65.42857360839844
q2_b100_r0.01_InvertedPendulum-v4_29-09-2026_11-15-53,49,59.14285659790039
q2_b100_r0.01_InvertedPendulum-v4_29-09-2026_11-15-53,50,88.80000305175781
q2_b100_r0.01_InvertedPendulum-v4_29-09-2026_11-15-53,51,92.5
q2_b100_r0.01_InvertedPendulum-v4_29-09-2026_11-15-53,52,114.5
q2_b100_r0.01_InvertedPendulum-v4_29-09-2026_11-15-53,53,121.75
q2_b100_r0.01_InvertedPendulum-v4_29-09-2026_11-15-53,54,136.6666717529297
q2_b100_r0.01_InvertedPendulum-v4_29-09-2026_11-15-53,55,114.75
q2_b100_r0.01_InvertedPendulum-v4_29-09-2026_11-15-53,56,141.3333282470703
q2_b100_r0.01_InvertedPendulum-v4_29-09-2026_11-15-53,57,121.25
q2_b100_r0.01_InvertedPendulum-v4_29-09-2026_11-15-53,58,129.75
q2_b100_r0.01_InvertedPendulum-v4_29-09-2026_11-15-53,59,119.5
q2_b100_r0.01_InvertedPendulum-v4_29-09-2026_11-15-53,60,120.0
q2_b100_r0.01_InvertedPendulum-v4_29-09-2026_11-15-53,61,161.3333282470703
q2_b100_r0.01_InvertedPendulum-v4_29-09-2026_11-15-53,62,476.0
q2_b100_r0.01_InvertedPendulum-v4_29-09-2026_11-15-53,63,218.0
q2_b100_r0.01_InvertedPendulum-v4_29-09-2026_11-15-53,64,264.5
q2_b100_r0.01_InvertedPendulum-v4_29-09-2026_11-15-53,65,238.3333282470703
q2_b100_r0.01_InvertedPendulum-v4_29-09-2026_11-15-53,66,201.6666717529297
q2_b100_r0.01_InvertedPendulum-v4_29-09-2026_11-15-53,67,199.0
q2_b100_r0.01_InvertedPendulum-v4_29-09-2026_11-15-53,68,159.3333282470703
q2_b100_r0.01_InvertedPendulum-v4_29-09-2026_11-15-53,69,114.5
q2_b100_r0.01_InvertedPendulum-v4_29-09-2026_11-15-53,70,55.875
q2_b100_r0.01_InvertedPendulum-v4_29-09-2026_11-15-53,71,104.75
q2_b100_r0.01_InvertedPendulum-v4_29-09-2026_11-15-53,72,107.0
q2_b100_r0.01_InvertedPendulum-v4_29-09-2026_11-15-53,73,1000.0
q2_b100_r0.01_InvertedPendulum-v4_29-09-2026_11-15-53,74,1000.0
q2_b100_r0.01_InvertedPendulum-v4_29-09-2026_11-15-53,75,1000.0
q2_b100_r0.01_InvertedPendulum-v4_29-09-2026_11-15-53,76,560.0
q2_b100_r0.01_InvertedPendulum-v4_29-09-2026_11-15-53,77,125.5
q2_b100_r0.01_InvertedPendulum-v4_29-09-2026_11-15-53,78,1000.0
q2_b100_r0.01_InvertedPendulum-v4_29-09-2026_11-15-53,79,1000.0
q2_b100_r0.01_InvertedPendulum-v4_29-09-2026_11-15-53,80,646.0
q2_b100_r0.01_InvertedPendulum-v4_29-09-2026_11-15-53,81,1000.0
q2_b100_r0.01_InvertedPendulum-v4_29-09-2026_11-15-53,82,1000.0
q2_b100_r0.01_InvertedPendulum-v4_29-09-2026_11-15-53,83,1000.0
q2_b100_r0.01_InvertedPendulum-v4_29-09-2026_11-15-53,84,934.0
q2_b100_r0.01_InvertedPendulum-v4_29-09-2026_11-15-53,85,672.0
q2_b100_r0.01_InvertedPendulum-v4_29-09-2026_11-15-53,86,482.0
q2_b100_r0.01_InvertedPendulum-v4_29-09-2026_11-15-53,87,349.0
q2_b100_r0.01_InvertedPendulum-v4_29-09-2026_11-15-53,88,255.0
q2_b100_r0.01_InvertedPendulum-v4_29-09-2026_11-15-53,89,268.5
q2_b100_r0.01_InvertedPendulum-v4_29-09-2026_11-15-53,90,197.6666717529297
q2_b100_r0.01_InvertedPendulum-v4_29-09-2026_11-15-53,91,212.5
q2_b100_r0.01_InvertedPendulum-v4_29-09-2026_11-15-53,92,178.3333282470703
q2_b100_r0.01_InvertedPendulum-v4_29-09-2026_11-15-53,93,191.6666717529297
q2_b100_r0.01_InvertedPendulum-v4_29-09-2026_11-15-53,94,197.3333282470703
q2_b100_r0.01_InvertedPendulum-v4_29-09-2026_11-15-53,95,238.0
q2_b100_r0.01_InvertedPendulum-v4_29-09-2026_11-15-53,96,314.5
q2_b100_r0.01_InvertedPendulum-v4_29-09-2026_11-15-53,97,913.0
q2_b100_r0.01_InvertedPendulum-v4_29-09-2026_11-15-53,98,1000.0
q2_b100_r0.01_InvertedPendulum-v4_29-09-2026_11-15-53,99,1000.0
q2_b100_r0.02_InvertedPendulum-v4_29-09-2026_11-14-12,0,11.166666984558105
q2_b100_r0.02_InvertedPendulum-v4_29-09-2026_11-14-12,1,26.4375
q2_b100_r0.02_InvertedPendulum-v4_29-09-2026_11-14-12,2,18.409090042114258
q2_b100_r0.02_InvertedPendulum-v4_29-09-2026_11-14-12,3,16.79166603088379
q2_b100_r0.02_InvertedPendulum-v4_29-09-2026_11-14-12,4,31.076923370361328
q2_b100_r0.02_InvertedPendulum-v4_29-09-2026_11-14-12,5,53.75
q2_b100_r0.02_InvertedPendulum-v4_29-09-2026_11-14-12,6,36.54545593261719
q2_b100_r0.02_InvertedPendulum-v4_29-09-2026_11-14-12,7,25.0
q2_b100_r0.02_InvertedPendulum-v4_29-09-2026_11-14-12,8,23.647058486938477
q2_b100_r0.02_InvertedPendulum-v4_29-09-2026_11-14-12,9,27.600000381469727
q2_b100_r0.02_InvertedPendulum-v4_29-09-2026_11-14-12,10,18.18181800842285
q2_b100_r0.02_InvertedPendulum-v4_29-09-2026_11-14-12,11,18.227272033691406
q2_b100_r0.02_InvertedPendulum-v4_29-09-2026_11-14-12,12,28.933332443237305
q2_b100_r0.02_InvertedPendulum-v4_29-09-2026_11-14-12,13,38.272727966308594
q2_b100_r0.02_InvertedPendulum-v4_29-09-2026_11-14-12,14,54.125
q2_b100_r0.02_InvertedPendulum-v4_29-09-2026_11-14-12,15,80.5999984741211
q2_b100_r0.02_InvertedPendulum-v4_29-09-2026_11-14-12,16,40.0
q2_b100_r0.02_InvertedPendulum-v4_29-09-2026_11-14-12,17,30.846153259277344
q2_b100_r0.02_InvertedPendulum-v4_29-09-2026_11-14-12,18,41.400001525878906
q2_b100_r0.02_InvertedPendulum-v4_29-09-2026_11-14-12,19,32.69230651855469
q2_b100_r0.02_InvertedPendulum-v4_29-09-2026_11-14-12,20,37.25
q2_b100_r0.02_InvertedPendulum-v4_29-09-2026_11-14-12,21,50.0
q2_b100_r0.02_InvertedPendulum-v4_29-09-2026_11-14-12,22,47.22222137451172
q2_b100_r0.02_InvertedPendulum-v4_29-09-2026_11-14-12,23,48.11111068725586
q2_b100_r0.02_InvertedPendulum-v4_29-09-2026_11-14-12,24,52.5
q2_b100_r0.02_InvertedPendulum-v4_29-09-2026_11-14-12,25,74.66666412353516
q2_b100_r0.02_InvertedPendulum-v4_29-09-2026_11-14-12,26,111.0
q2_b100_r0.02_InvertedPendulum-v4_29-09-2026_11-14-12,27,99.0
q2_b100_r0.02_InvertedPendulum-v4_29-09-2026_11-14-12,28,100.0
q2_b100_r0.02_InvertedPendulum-v4_29-09-2026_11-14-12,29,103.0
q2_b100_r0.02_InvertedPendulum-v4_29-09-2026_11-14-12,30,79.0
q2_b100_r0.02_InvertedPendulum-v4_29-09-2026_11-14-12,31,144.0
q2_b100_r0.02_InvertedPendulum-v4_29-09-2026_11-14-12,32,108.5
q2_b100_r0.02_InvertedPendulum-v4_29-09-2026_11-14-12,33,90.80000305175781
q2_b100_r0.02_InvertedPendulum-v4_29-09-2026_11-14-12,34,82.4000015258789
q2_b100_r0.02_InvertedPendulum-v4_29-09-2026_11-14-12,35,80.19999694824219
q2_b100_r0.02_InvertedPendulum-v4_29-09-2026_11-14-12,36,75.33333587646484
q2_b100_r0.02_InvertedPendulum-v4_29-09-2026_11-14-12,37,107.80000305175781
q2_b100_r0.02_InvertedPendulum-v4_29-09-2026_11-14-12,38,106.25
q2_b100_r0.02_InvertedPendulum-v4_29-09-2026_11-14-12,39,92.80000305175781
q2_b100_r0.02_InvertedPendulum-v4_29-09-2026_11-14-12,40,245.0
q2_b100_r0.02_InvertedPendulum-v4_29-09-2026_11-14-12,41,82.19999694824219
q2_b100_r0.02_InvertedPendulum-v4_29-09-2026_11-14-12,42,68.16666412353516
q2_b100_r0.02_InvertedPendulum-v4_29-09-2026_11-14-12,43,53.125
q2_b100_r0.02_InvertedPendulum-v4_29-09-2026_11-14-12,44,47.66666793823242
q2_b100_r0.02_InvertedPendulum-v4_29-09-2026_11-14-12,45,46.0
q2_b100_r0.02_InvertedPendulum-v4_29-09-2026_11-14-12,46,46.22222137451172
q2_b100_r0.02_InvertedPendulum-v4_29-09-2026_11-14-12,47,40.5
q2_b100_r0.02_InvertedPendulum-v4_29-09-2026_11-14-12,48,40.0
q2_b100_r0.02_InvertedPendulum-v4_29-09-2026_11-14-12,49,41.099998474121094
q2_b100_r0.02_InvertedPendulum-v4_29-09-2026_11-14-12,50,48.88888931274414
q2_b100_r0.02_InvertedPendulum-v4_29-09-2026_11-14-12,51,50.0
q2_b100_r0.02_InvertedPendulum-v4_29-09-2026_11-14-12,52,48.88888931274414
q2_b100_r0.02_InvertedPendulum-v4_29-09-2026_11-14-12,53,52.375
q2_b100_r0.02_InvertedPendulum-v4_29-09-2026_11-14-12,54,56.25
q2_b100_r0.02_InvertedPendulum-v4_29-09-2026_11-14-12,55,49.11111068725586
q2_b100_r0.02_InvertedPendulum-v4_29-09-2026_11-14-12,56,80.0
q2_b100_r0.02_InvertedPendulum-v4_29-09-2026_11-14-12,57,86.4000015258789
q2_b100_r0.02_InvertedPendulum-v4_29-09-2026_11-14-12,58,56.0
q2_b100_r0.02_InvertedPendulum-v4_29-09-2026_11-14-12,59,50.11111068725586
q2_b100_r0.02_InvertedPendulum-v4_29-09-2026_11-14-12,60,45.79999923706055
q2_b100_r0.02_InvertedPendulum-v4_29-09-2026_11-14-12,61,41.5
q2_b100_r0.02_InvertedPendulum-v4_29-09-2026_11-14-12,62,36.25
q2_b100_r0.02_InvertedPendulum-v4_29-09-2026_11-14-12,63,38.272727966308594
q2_b100_r0.02_InvertedPendulum-v4_29-09-2026_11-14-12,64,35.41666793823242
q2_b100_r0.02_InvertedPendulum-v4_29-09-2026_11-14-12,65,16.079999923706055
q2_b100_r0.02_InvertedPendulum-v4_29-09-2026_11-14-12,66,17.58333396911621
q2_b100_r0.02_InvertedPendulum-v4_29-09-2026_11-14-12,67,16.91666603088379
q2_b100_r0.02_InvertedPendulum-v4_29-09-2026_11-14-12,68,18.590909957885742
q2_b100_r0.02_InvertedPendulum-v4_29-09-2026_11-14-12,69,29.066667556762695
q2_b100_r0.02_InvertedPendulum-v4_29-09-2026_11-14-12,70,36.3636360168457
q2_b100_r0.02_InvertedPendulum-v4_29-09-2026_11-14-12,71,49.44444274902344
q2_b100_r0.02_InvertedPendulum-v4_29-09-2026_11-14-12,72,49.88888931274414
q2_b100_r0.02_InvertedPendulum-v4_29-09-2026_11-14-12,73,49.88888931274414
q2_b100_r0.02_InvertedPendulum-v4_29-09-2026_11-14-12,74,51.25
q2_b100_r0.02_InvertedPendulum-v4_29-09-2026_11-14-12,75,55.0
q2_b100_r0.02_InvertedPendulum-v4_29-09-2026_11-14-12,76,57.125
q2_b100_r0.02_InvertedPendulum-v4_29-09-2026_11-14-12,77,62.28571319580078
q2_b100_r0.02_InvertedPendulum-v4_29-09-2026_11-14-12,78,65.85713958740234
q2_b100_r0.02_InvertedPendulum-v4_29-09-2026_11-14-12,79,68.66666412353516
q2_b100_r0.02_InvertedPendulum-v4_29-09-2026_11-14-12,80,69.0
q2_b100_r0.02_InvertedPendulum-v4_29-09-2026_11-14-12,81,70.83333587646484
q2_b100_r0.02_InvertedPendulum-v4_29-09-2026_11-14-12,82,84.0
q2_b100_r0.02_InvertedPendulum-v4_29-09-2026_11-14-12,83,112.5
q2_b100_r0.02_InvertedPendulum-v4_29-09-2026_11-14-12,84,163.3333282470703
q2_b100_r0.02_InvertedPendulum-v4_29-09-2026_11-14-12,85,89.0
q2_b100_r0.02_InvertedPendulum-v4_29-09-2026_11-14-12,86,439.5
q2_b100_r0.02_InvertedPendulum-v4_29-09-2026_11-14-12,87,274.0
q2_b100_r0.02_InvertedPendulum-v4_29-09-2026_11-14-12,88,204.5
q2_b100_r0.02_InvertedPendulum-v4_29-09-2026_11-14-12,89,170.6666717529297
q2_b100_r0.02_InvertedPendulum-v4_29-09-2026_11-14-12,90,129.0
q2_b100_r0.02_InvertedPendulum-v4_29-09-2026_11-14-12,91,116.25
q2_b100_r0.02_InvertedPendulum-v4_29-09-2026_11-14-12,92,100.0
q2_b100_r0.02_InvertedPendulum-v4_29-09-2026_11-14-12,93,90.0
q2_b100_r0.02_InvertedPendulum-v4_29-09-2026_11-14-12,94,82.0
q2_b100_r0.02_InvertedPendulum-v4_29-09-2026_11-14-12,95,78.33333587646484
q2_b100_r0.02_InvertedPendulum-v4_29-09-2026_11-14-12,96,50.0
q2_b100_r0.02_InvertedPendulum-v4_29-09-2026_11-14-12,97,67.33333587646484
q2_b100_r0.02_InvertedPendulum-v4_29-09-2026_11-14-12,98,37.45454406738281
q2_b100_r0.02_InvertedPendulum-v4_29-09-2026_11-14-12,99,29.46666717529297
q2_b100_r0.03_InvertedPendulum-v4_29-09-2026_11-15-02,0,9.619047164916992
q2_b100_r0.03_InvertedPendulum-v4_29-09-2026_11-15-02,1,25.058822631835938
q2_b100_r0.03_InvertedPendulum-v4_29-09-2026_11-15-02,2,16.360000610351562
q2_b100_r0.03_InvertedPendulum-v4_29-09-2026_11-15-02,3,12.625
q2_b100_r0.03_InvertedPendulum-v4_29-09-2026_11-15-02,4,25.235294342041016
q2_b100_r0.03_InvertedPendulum-v4_29-09-2026_11-15-02,5,24.647058486938477
q2_b100_r0.03_InvertedPendulum-v4_29-09-2026_11-15-02,6,19.095237731933594
q2_b100_r0.03_InvertedPendulum-v4_29-09-2026_11-15-02,7,15.384614944458008
q2_b100_r0.03_InvertedPendulum-v4_29-09-2026_11-15-02,8,12.257143020629883
q2_b100_r0.03_InvertedPendulum-v4_29-09-2026_11-15-02,9,10.763157844543457
q2_b100_r0.03_InvertedPendulum-v4_29-09-2026_11-15-02,10,16.15999984741211
q2_b100_r0.03_InvertedPendulum-v4_29-09-2026_11-15-02,11,20.350000381469727
q2_b100_r0.03_InvertedPendulum-v4_29-09-2026_11-15-02,12,27.66666603088379
q2_b100_r0.03_InvertedPendulum-v4_29-09-2026_11-15-02,13,36.6363639831543
q2_b100_r0.03_InvertedPendulum-v4_29-09-2026_11-15-02,14,37.3636360168457
q2_b100_r0.03_InvertedPendulum-v4_29-09-2026_11-15-02,15,25.6875
q2_b100_r0.03_InvertedPendulum-v4_29-09-2026_11-15-02,16,23.941177368164062
q2_b100_r0.03_InvertedPendulum-v4_29-09-2026_11-15-02,17,31.923076629638672
q2_b100_r0.03_InvertedPendulum-v4_29-09-2026_11-15-02,18,36.3636360168457
q2_b100_r0.03_InvertedPendulum-v4_29-09-2026_11-15-02,19,36.91666793823242
q2_b100_r0.03_InvertedPendulum-v4_29-09-2026_11-15-02,20,29.733333587646484
q2_b100_r0.03_InvertedPendulum-v4_29-09-2026_11-15-02,21,27.66666603088379
q2_b100_r0.03_InvertedPendulum-v4_29-09-2026_11-15-02,22,29.785715103149414
q2_b100_r0.03_InvertedPendulum-v4_29-09-2026_11-15-02,23,32.53845977783203
q2_b100_r0.03_InvertedPendulum-v4_29-09-2026_11-15-02,24,29.714284896850586
q2_b100_r0.03_InvertedPendulum-v4_29-09-2026_11-15-02,25,35.25
q2_b100_r0.03_InvertedPendulum-v4_29-09-2026_11-15-02,26,38.45454406738281
q2_b100_r0.03_InvertedPendulum-v4_29-09-2026_11-15-02,27,45.44444274902344
q2_b100_r0.03_InvertedPendulum-v4_29-09-2026_11-15-02,28,47.33333206176758
q2_b100_r0.03_InvertedPendulum-v4_29-09-2026_11-15-02,29,52.125
q2_b100_r0.03_InvertedPendulum-v4_29-09-2026_11-15-02,30,48.77777862548828
q2_b100_r0.03_InvertedPendulum-v4_29-09-2026_11-15-02,31,65.85713958740234
q2_b100_r0.03_InvertedPendulum-v4_29-09-2026_11-15-02,32,86.5999984741211
q2_b100_r0.03_InvertedPendulum-v4_29-09-2026_11-15-02,33,84.0
q2_b100_r0.03_InvertedPendulum-v4_29-09-2026_11-15-02,34,101.25
q2_b100_r0.03_InvertedPendulum-v4_29-09-2026_11-15-02,35,107.80000305175781
q2_b100_r0.03_InvertedPendulum-v4_29-09-2026_11-15-02,36,112.75
q2_b100_r0.03_InvertedPendulum-v4_29-09-2026_11-15-02,37,152.25
q2_b100_r0.03_InvertedPendulum-v4_29-09-2026_11-15-02,38,199.0
q2_b100_r0.03_InvertedPendulum-v4_29-09-2026_11-15-02,39,58.42856979370117
q2_b100_r0.03_InvertedPendulum-v4_29-09-2026_11-15-02,40,38.181819915771484
q2_b100_r0.03_InvertedPendulum-v4_29-09-2026_11-15-02,41,33.33333206176758
q2_b100_r0.03_InvertedPendulum-v4_29-09-2026_11-15-02,42,37.45454406738281
q2_b100_r0.03_InvertedPendulum-v4_29-09-2026_11-15-02,43,38.45454406738281
q2_b100_r0.03_InvertedPendulum-v4_29-09-2026_11-15-02,44,26.1875
q2_b100_r0.03_InvertedPendulum-v4_29-09-2026_11-15-02,45,35.66666793823242
q2_b100_r0.03_InvertedPendulum-v4_29-09-2026_11-15-02,46,28.714284896850586
q2_b100_r0.03_InvertedPendulum-v4_29-09-2026_11-15-02,47,32.61538314819336
q2_b100_r0.03_InvertedPendulum-v4_29-09-2026_11-15-02,48,36.3636360168457
q2_b100_r0.03_InvertedPendulum-v4_29-09-2026_11-15-02,49,37.272727966308594
q2_b100_r0.03_InvertedPendulum-v4_29-09-2026_11-15-02,50,48.88888931274414
q2_b100_r0.03_InvertedPendulum-v4_29-09-2026_11-15-02,51,46.22222137451172
q2_b100_r0.03_InvertedPendulum-v4_29-09-2026_11-15-02,52,58.14285659790039
q2_b100_r0.03_InvertedPendulum-v4_29-09-2026_11-15-02,53,51.11111068725586
q2_b100_r0.03_InvertedPendulum-v4_29-09-2026_11-15-02,54,69.0
q2_b100_r0.03_InvertedPendulum-v4_29-09-2026_11-15-02,55,121.75
q2_b100_r0.03_InvertedPendulum-v4_29-09-2026_11-15-02,56,104.5
q2_b100_r0.03_InvertedPendulum-v4_29-09-2026_11-15-02,57,146.3333282470703
q2_b100_r0.03_InvertedPendulum-v4_29-09-2026_11-15-02,58,178.0
q2_b100_r0.03_InvertedPendulum-v4_29-09-2026_11-15-02,59,227.5
q2_b100_r0.03_InvertedPendulum-v4_29-09-2026_11-15-02,60,100.5
q2_b100_r0.03_InvertedPendulum-v4_29-09-2026_11-15-02,61,239.5
q2_b100_r0.03_InvertedPendulum-v4_29-09-2026_11-15-02,62,276.5
q2_b100_r0.03_InvertedPendulum-v4_29-09-2026_11-15-02,63,336.5
q2_b100_r0.03_InvertedPendulum-v4_29-09-2026_11-15-02,64,729.0
q2_b100_r0.03_InvertedPendulum-v4_29-09-2026_11-15-02,65,1000.0
q2_b100_r0.03_InvertedPendulum-v4_29-09-2026_11-15-02,66,421.5
q2_b100_r0.03_InvertedPendulum-v4_29-09-2026_11-15-02,67,204.0
q2_b100_r0.03_InvertedPendulum-v4_29-09-2026_11-15-02,68,167.6666717529297
q2_b100_r0.03_InvertedPendulum-v4_29-09-2026_11-15-02,69,102.5
q2_b100_r0.03_InvertedPendulum-v4_29-09-2026_11-15-02,70,52.375
q2_b100_r0.03_InvertedPendulum-v4_29-09-2026_11-15-02,71,78.33333587646484
q2_b100_r0.03_InvertedPendulum-v4_29-09-2026_11-15-02,72,69.16666412353516
q2_b100_r0.03_InvertedPendulum-v4_29-09-2026_11-15-02,73,69.66666412353516
q2_b100_r0.03_InvertedPendulum-v4_29-09-2026_11-15-02,74,42.900001525878906
q2_b100_r0.03_InvertedPendulum-v4_29-09-2026_11-15-02,75,48.599998474121094
q2_b100_r0.03_InvertedPendulum-v4_29-09-2026_11-15-02,76,76.5
q2_b100_r0.03_InvertedPendulum-v4_29-09-2026_11-15-02,77,174.3333282470703
q2_b100_r0.03_InvertedPendulum-v4_29-09-2026_11-15-02,78,90.5999984741211
q2_b100_r0.03_InvertedPendulum-v4_29-09-2026_11-15-02,79,215.5
q2_b100_r0.03_InvertedPendulum-v4_29-09-2026_11-15-02,80,201.5
q2_b100_r0.03_InvertedPendulum-v4_29-09-2026_11-15-02,81,407.0
q2_b100_r0.03_InvertedPendulum-v4_29-09-2026_11-15-02,82,687.0
q2_b100_r0.03_InvertedPendulum-v4_29-09-2026_11-15-02,83,1000.0
q2_b100_r0.03_InvertedPendulum-v4_29-09-2026_11-15-02,84,771.0
q2_b100_r0.03_InvertedPendulum-v4_29-09-2026_11-15-02,85,1000.0
q2_b100_r0.03_InvertedPendulum-v4_29-09-2026_11-15-02,86,635.0
q2_b100_r0.03_InvertedPendulum-v4_29-09-2026_11-15-02,87,1000.0
q2_b100_r0.03_InvertedPendulum-v4_29-09-2026_11-15-02,88,359.0
q2_b100_r0.03_InvertedPendulum-v4_29-09-2026_11-15-02,89,1000.0
q2_b100_r0.03_InvertedPendulum-v4_29-09-2026_11-15-02,90,1000.0
q2_b100_r0.03_InvertedPendulum-v4_29-09-2026_11-15-02,91,1000.0
q2_b100_r0.03_InvertedPendulum-v4_29-09-2026_11-15-02,92,1000.0
q2_b100_r0.03_InvertedPendulum-v4_29-09-2026_11-15-02,93,1000.0
q2_b100_r0.03_InvertedPendulum-v4_29-09-2026_11-15-02,94,1000.0
q2_b100_r0.03_InvertedPendulum-v4_29-09-2026_11-15-02,95,1000.0
q2_b100_r0.03_InvertedPendulum-v4_29-09-2026_11-15-02,96,1000.0
q2_b100_r0.03_InvertedPendulum-v4_29-09-2026_11-15-02,97,1000.0
q2_b100_r0.03_InvertedPendulum-v4_29-09-2026_11-15-02,98,1000.0
q2_b100_r0.03_InvertedPendulum-v4_29-09-2026_11-15-02,99,1000.0
q2_b100_r0.04_InvertedPendulum-v4_29-09-2026_11-16-14,0,9.181818008422852
q2_b100_r0.04_InvertedPendulum-v4_29-09-2026_11-16-14,1,15.961538314819336
q2_b100_r0.04_InvertedPendulum-v4_29-09-2026_11-16-14,2,15.769230842590332
q2_b100_r0.04_InvertedPendulum-v4_29-09-2026_11-16-14,3,15.576923370361328
q2_b100_r0.04_InvertedPendulum-v4_29-09-2026_11-16-14,4,42.099998474121094
q2_b100_r0.04_InvertedPendulum-v4_29-09-2026_11-16-14,5,13.466666221618652
q2_b100_r0.04_InvertedPendulum-v4_29-09-2026_11-16-14,6,12.515151977539062
q2_b100_r0.04_InvertedPendulum-v4_29-09-2026_11-16-14,7,20.5
q2_b100_r0.04_InvertedPendulum-v4_29-09-2026_11-16-14,8,44.900001525878906
q2_b100_r0.04_InvertedPendulum-v4_29-09-2026_11-16-14,9,53.0
q2_b100_r0.04_InvertedPendulum-v4_29-09-2026_11-16-14,10,31.69230842590332
q2_b100_r0.04_InvertedPendulum-v4_29-09-2026_11-16-14,11,13.733333587646484
q2_b100_r0.04_InvertedPendulum-v4_29-09-2026_11-16-14,12,15.615385055541992
q2_b100_r0.04_InvertedPendulum-v4_29-09-2026_11-16-14,13,44.44444274902344
q2_b100_r0.04_InvertedPendulum-v4_29-09-2026_11-16-14,14,80.5999984741211
q2_b100_r0.04_InvertedPendulum-v4_29-09-2026_11-16-14,15,151.25
q2_b100_r0.04_InvertedPendulum-v4_29-09-2026_11-16-14,16,104.0
q2_b100_r0.04_InvertedPendulum-v4_29-09-2026_11-16-14,17,91.5999984741211
q2_b100_r0.04_InvertedPendulum-v4_29-09-2026_11-16-14,18,189.6666717529297
q2_b100_r0.04_InvertedPendulum-v4_29-09-2026_11-16-14,19,262.5
q2_b100_r0.04_InvertedPendulum-v4_29-09-2026_11-16-14,20,135.3333282470703
q2_b100_r0.04_InvertedPendulum-v4_29-09-2026_11-16-14,21,132.5
q2_b100_r0.04_InvertedPendulum-v4_29-09-2026_11-16-14,22,77.83333587646484
q2_b100_r0.04_InvertedPendulum-v4_29-09-2026_11-16-14,23,60.42856979370117
q2_b100_r0.04_InvertedPendulum-v4_29-09-2026_11-16-14,24,53.0
q2_b100_r0.04_InvertedPendulum-v4_29-09-2026_11-16-14,25,52.875
q2_b100_r0.04_InvertedPendulum-v4_29-09-2026_11-16-14,26,38.272727966308594
q2_b100_r0.04_InvertedPendulum-v4_29-09-2026_11-16-14,27,42.900001525878906
q2_b100_r0.04_InvertedPendulum-v4_29-09-2026_11-16-14,28,37.54545593261719
q2_b100_r0.04_InvertedPendulum-v4_29-09-2026_11-16-14,29,42.900001525878906
q2_b100_r0.04_InvertedPendulum-v4_29-09-2026_11-16-14,30,37.0
q2_b100_r0.04_InvertedPendulum-v4_29-09-2026_11-16-14,31,40.09090805053711
q2_b100_r0.04_InvertedPendulum-v4_29-09-2026_11-16-14,32,48.55555725097656
q2_b100_r0.04_InvertedPendulum-v4_29-09-2026_11-16-14,33,10.146341323852539
q2_b100_r0.04_InvertedPendulum-v4_29-09-2026_11-16-14,34,37.272727966308594
q2_b100_r0.04_InvertedPendulum-v4_29-09-2026_11-16-14,35,53.125
q2_b100_r0.04_InvertedPendulum-v4_29-09-2026_11-16-14,36,31.384614944458008
q2_b100_r0.04_InvertedPendulum-v4_29-09-2026_11-16-14,37,65.85713958740234
q2_b100_r0.04_InvertedPendulum-v4_29-09-2026_11-16-14,38,29.428571701049805
q2_b100_r0.04_InvertedPendulum-v4_29-09-2026_11-16-14,39,21.6842098236084
q2_b100_r0.04_InvertedPendulum-v4_29-09-2026_11-16-14,40,28.266666412353516
q2_b100_r0.04_InvertedPendulum-v4_29-09-2026_11-16-14,41,50.0
q2_b100_r0.04_InvertedPendulum-v4_29-09-2026_11-16-14,42,54.625
q2_b100_r0.04_InvertedPendulum-v4_29-09-2026_11-16-14,43,71.0
q2_b100_r0.04_InvertedPendulum-v4_29-09-2026_11-16-14,44,115.25
q2_b100_r0.04_InvertedPendulum-v4_29-09-2026_11-16-14,45,75.16666412353516
q2_b100_r0.04_InvertedPendulum-v4_29-09-2026_11-16-14,46,109.25
q2_b100_r0.04_InvertedPendulum-v4_29-09-2026_11-16-14,47,81.4000015258789
q2_b100_r0.04_InvertedPendulum-v4_29-09-2026_11-16-14,48,84.0
q2_b100_r0.04_InvertedPendulum-v4_29-09-2026_11-16-14,49,68.66666412353516
q2_b100_r0.04_InvertedPendulum-v4_29-09-2026_11-16-14,50,80.33333587646484
q2_b100_r0.04_InvertedPendulum-v4_29-09-2026_11-16-14,51,94.4000015258789
q2_b100_r0.04_InvertedPendulum-v4_29-09-2026_11-16-14,52,56.5
q2_b100_r0.04_InvertedPendulum-v4_29-09-2026_11-16-14,53,70.71428680419922
q2_b100_r0.04_InvertedPendulum-v4_29-09-2026_11-16-14,54,65.85713958740234
q2_b100_r0.04_InvertedPendulum-v4_29-09-2026_11-16-14,55,74.16666412353516
q2_b100_r0.04_InvertedPendulum-v4_29-09-2026_11-16-14,56,64.28571319580078
q2_b100_r0.04_InvertedPendulum-v4_29-09-2026_11-16-14,57,73.5
q2_b100_r0.04_InvertedPendulum-v4_29-09-2026_11-16-14,58,62.42856979370117
q2_b100_r0.04_InvertedPendulum-v4_29-09-2026_11-16-14,59,74.5
q2_b100_r0.04_InvertedPendulum-v4_29-09-2026_11-16-14,60,101.75
q2_b100_r0.04_InvertedPendulum-v4_29-09-2026_11-16-14,61,82.4000015258789
q2_b100_r0.04_InvertedPendulum-v4_29-09-2026_11-16-14,62,107.19999694824219
q2_b100_r0.04_InvertedPendulum-v4_29-09-2026_11-16-14,63,123.25
q2_b100_r0.04_InvertedPendulum-v4_29-09-2026_11-16-14,64,154.3333282470703
q2_b100_r0.04_InvertedPendulum-v4_29-09-2026_11-16-14,65,14.357142448425293
q2_b100_r0.04_InvertedPendulum-v4_29-09-2026_11-16-14,66,11.11111068725586
q2_b100_r0.04_InvertedPendulum-v4_29-09-2026_11-16-14,67,68.0
q2_b100_r0.04_InvertedPendulum-v4_29-09-2026_11-16-14,68,114.75
q2_b100_r0.04_InvertedPendulum-v4_29-09-2026_11-16-14,69,109.75
q2_b100_r0.04_InvertedPendulum-v4_29-09-2026_11-16-14,70,98.5999984741211
q2_b100_r0.04_InvertedPendulum-v4_29-09-2026_11-16-14,71,95.19999694824219
q2_b100_r0.04_InvertedPendulum-v4_29-09-2026_11-16-14,72,101.0
q2_b100_r0.04_InvertedPendulum-v4_29-09-2026_11-16-14,73,96.4000015258789
q2_b100_r0.04_InvertedPendulum-v4_29-09-2026_11-16-14,74,95.4000015258789
q2_b100_r0.04_InvertedPendulum-v4_29-09-2026_11-16-14,75,86.5999984741211
q2_b100_r0.04_InvertedPendulum-v4_29-09-2026_11-16-14,76,91.19999694824219
q2_b100_r0.04_InvertedPendulum-v4_29-09-2026_11-16-14,77,74.5
q2_b100_r0.04_InvertedPendulum-v4_29-09-2026_11-16-14,78,19.590909957885742
q2_b100_r0.04_InvertedPendulum-v4_29-09-2026_11-16-14,79,185.3333282470703
q2_b100_r0.04_InvertedPendulum-v4_29-09-2026_11-16-14,80,190.3333282470703
q2_b100_r0.04_InvertedPendulum-v4_29-09-2026_11-16-14,81,213.0
q2_b100_r0.04_InvertedPendulum-v4_29-09-2026_11-16-14,82,198.3333282470703
q2_b100_r0.04_InvertedPendulum-v4_29-09-2026_11-16-14,83,224.5
q2_b100_r0.04_InvertedPendulum-v4_29-09-2026_11-16-14,84,236.5
q2_b100_r0.04_InvertedPendulum-v4_29-09-2026_11-16-14,85,162.3333282470703
q2_b100_r0.04_InvertedPendulum-v4_29-09-2026_11-16-14,86,760.0
q2_b100_r0.04_InvertedPendulum-v4_29-09-2026_11-16-14,87,571.0
q2_b100_r0.04_InvertedPendulum-v4_29-09-2026_11-16-14,88,339.6666564941406
q2_b100_r0.04_InvertedPendulum-v4_29-09-2026_11-16-14,89,249.5
q2_b100_r0.04_InvertedPendulum-v4_29-09-2026_11-16-14,90,244.0
q2_b100_r0.04_InvertedPendulum-v4_29-09-2026_11-16-14,91,205.0
q2_b100_r0.04_InvertedPendulum-v4_29-09-2026_11-16-14,92,276.3333435058594
q2_b100_r0.04_InvertedPendulum-v4_29-09-2026_11-16-14,93,480.0
q2_b100_r0.04_InvertedPendulum-v4_29-09-2026_11-16-14,94,249.5
q2_b100_r0.04_InvertedPendulum-v4_29-09-2026_11-16-14,95,210.5
q2_b100_r0.04_InvertedPendulum-v4_29-09-2026_11-16-14,96,793.0
q2_b100_r0.04_InvertedPendulum-v4_29-09-2026_11-16-14,97,1000.0
q2_b100_r0.04_InvertedPendulum-v4_29-09-2026_11-16-14,98,1000.0
q2_b100_r0.04_InvertedPendulum-v4_29-09-2026_11-16-14,99,1000.0
q2_b100_r0.05_InvertedPendulum-v4_29-09-2026_11-15-00,0,8.140000343322754
q2_b100_r0.05_InvertedPendulum-v4_29-09-2026_11-15-00,1,21.0
q2_b100_r0.05_InvertedPendulum-v4_29-09-2026_11-15-00,2,8.69565200805664
q2_b100_r0.05_InvertedPendulum-v4_29-09-2026_11-15-00,3,8.479166984558105
q2_b100_r0.05_InvertedPendulum-v4_29-09-2026_11-15-00,4,16.8799991607666
q2_b100_r0.05_InvertedPendulum-v4_29-09-2026_11-15-00,5,28.133333206176758
q2_b100_r0.05_InvertedPendulum-v4_29-09-2026_11-15-00,6,16.079999923706055
q2_b100_r0.05_InvertedPendulum-v4_29-09-2026_11-15-00,7,14.137930870056152
q2_b100_r0.05_InvertedPendulum-v4_29-09-2026_11-15-00,8,13.129032135009766
q2_b100_r0.05_InvertedPendulum-v4_29-09-2026_11-15-00,9,13.566666603088379
q2_b100_r0.05_InvertedPendulum-v4_29-09-2026_11-15-00,10,12.9375
q2_b100_r0.05_InvertedPendulum-v4_29-09-2026_11-15-00,11,21.3157901763916
q2_b100_r0.05_InvertedPendulum-v4_29-09-2026_11-15-00,12,25.5625
q2_b100_r0.05_InvertedPendulum-v4_29-09-2026_11-15-00,13,39.54545593261719
q2_b100_r0.05_InvertedPendulum-v4_29-09-2026_11-15-00,14,37.91666793823242
q2_b100_r0.05_InvertedPendulum-v4_29-09-2026_11-15-00,15,14.5
q2_b100_r0.05_InvertedPendulum-v4_29-09-2026_11-15-00,16,10.307692527770996
q2_b100_r0.05_InvertedPendulum-v4_29-09-2026_11-15-00,17,22.66666603088379
q2_b100_r0.05_InvertedPendulum-v4_29-09-2026_11-15-00,18,26.866666793823242
q2_b100_r0.05_InvertedPendulum-v4_29-09-2026_11-15-00,19,54.25
q2_b100_r0.05_InvertedPendulum-v4_29-09-2026_11-15-00,20,58.0
q2_b100_r0.05_InvertedPendulum-v4_29-09-2026_11-15-00,21,77.0
q2_b100_r0.05_InvertedPendulum-v4_29-09-2026_11-15-00,22,51.25
q2_b100_r0.05_InvertedPendulum-v4_29-09-2026_11-15-00,23,82.0
q2_b100_r0.05_InvertedPendulum-v4_29-09-2026_11-15-00,24,52.25
q2_b100_r0.05_InvertedPendulum-v4_29-09-2026_11-15-00,25,56.25
q2_b100_r0.05_InvertedPendulum-v4_29-09-2026_11-15-00,26,53.0
q2_b100_r0.05_InvertedPendulum-v4_29-09-2026_11-15-00,27,44.66666793823242
q2_b100_r0.05_InvertedPendulum-v4_29-09-2026_11-15-00,28,33.41666793823242
q2_b100_r0.05_InvertedPendulum-v4_29-09-2026_11-15-00,29,30.14285659790039
q2_b100_r0.05_InvertedPendulum-v4_29-09-2026_11-15-00,30,32.53845977783203
q2_b100_r0.05_InvertedPendulum-v4_29-09-2026_11-15-00,31,38.90909194946289
q2_b100_r0.05_InvertedPendulum-v4_29-09-2026_11-15-00,32,50.125
q2_b100_r0.05_InvertedPendulum-v4_29-09-2026_11-15-00,33,75.0
q2_b100_r0.05_InvertedPendulum-v4_29-09-2026_11-15-00,34,102.5
q2_b100_r0.05_InvertedPendulum-v4_29-09-2026_11-15-00,35,134.5
q2_b100_r0.05_InvertedPendulum-v4_29-09-2026_11-15-00,36,88.5999984741211
q2_b100_r0.05_InvertedPendulum-v4_29-09-2026_11-15-00,37,110.75
q2_b100_r0.05_InvertedPendulum-v4_29-09-2026_11-15-00,38,102.5999984741211
q2_b100_r0.05_InvertedPendulum-v4_29-09-2026_11-15-00,39,69.0
q2_b100_r0.05_InvertedPendulum-v4_29-09-2026_11-15-00,40,79.83333587646484
q2_b100_r0.05_InvertedPendulum-v4_29-09-2026_11-15-00,41,74.66666412353516
q2_b100_r0.05_InvertedPendulum-v4_29-09-2026_11-15-00,42,105.75
q2_b100_r0.05_InvertedPendulum-v4_29-09-2026_11-15-00,43,213.6666717529297
q2_b100_r0.05_InvertedPendulum-v4_29-09-2026_11-15-00,44,215.0
q2_b100_r0.05_InvertedPendulum-v4_29-09-2026_11-15-00,45,141.75
q2_b100_r0.05_InvertedPendulum-v4_29-09-2026_11-15-00,46,147.75
q2_b100_r0.05_InvertedPendulum-v4_29-09-2026_11-15-00,47,186.3333282470703
q2_b100_r0.05_InvertedPendulum-v4_29-09-2026_11-15-00,48,564.0
q2_b100_r0.05_InvertedPendulum-v4_29-09-2026_11-15-00,49,482.0
q2_b100_r0.05_InvertedPendulum-v4_29-09-2026_11-15-00,50,21.450000762939453
q2_b100_r0.05_InvertedPendulum-v4_29-09-2026_11-15-00,51,214.3333282470703
q2_b100_r0.05_InvertedPendulum-v4_29-09-2026_11-15-00,52,647.0
q2_b100_r0.05_InvertedPendulum-v4_29-09-2026_11-15-00,53,959.0
q2_b100_r0.05_InvertedPendulum-v4_29-09-2026_11-15-00,54,174.6666717529297
q2_b100_r0.05_InvertedPendulum-v4_29-09-2026_11-15-00,55,240.3333282470703
q2_b100_r0.05_InvertedPendulum-v4_29-09-2026_11-15-00,56,79.28571319580078
q2_b100_r0.05_InvertedPendulum-v4_29-09-2026_11-15-00,57,102.0
q2_b100_r0.05_InvertedPendulum-v4_29-09-2026_11-15-00,58,102.75
q2_b100_r0.05_InvertedPendulum-v4_29-09-2026_11-15-00,59,72.5
q2_b100_r0.05_InvertedPendulum-v4_29-09-2026_11-15-00,60,67.83333587646484
q2_b100_r0.05_InvertedPendulum-v4_29-09-2026_11-15-00,61,72.66666412353516
q2_b100_r0.05_InvertedPendulum-v4_29-09-2026_11-15-00,62,110.0
q2_b100_r0.05_InvertedPendulum-v4_29-09-2026_11-15-00,63,141.6666717529297
q2_b100_r0.05_InvertedPendulum-v4_29-09-2026_11-15-00,64,441.0
q2_b100_r0.05_InvertedPendulum-v4_29-09-2026_11-15-00,65,360.5
q2_b100_r0.05_InvertedPendulum-v4_29-09-2026_11-15-00,66,239.5
q2_b100_r0.05_InvertedPendulum-v4_29-09-2026_11-15-00,67,181.6666717529297
q2_b100_r0.05_InvertedPendulum-v4_29-09-2026_11-15-00,68,136.0
q2_b100_r0.05_InvertedPendulum-v4_29-09-2026_11-15-00,69,58.625
q2_b100_r0.05_InvertedPendulum-v4_29-09-2026_11-15-00,70,99.0
q2_b100_r0.05_InvertedPendulum-v4_29-09-2026_11-15-00,71,93.19999694824219
q2_b100_r0.05_InvertedPendulum-v4_29-09-2026_11-15-00,72,100.0
q2_b100_r0.05_InvertedPendulum-v4_29-09-2026_11-15-00,73,100.5
q2_b100_r0.05_InvertedPendulum-v4_29-09-2026_11-15-00,74,121.75
q2_b100_r0.05_InvertedPendulum-v4_29-09-2026_11-15-00,75,135.0
q2_b100_r0.05_InvertedPendulum-v4_29-09-2026_11-15-00,76,188.3333282470703
q2_b100_r0.05_InvertedPendulum-v4_29-09-2026_11-15-00,77,245.5
q2_b100_r0.05_InvertedPendulum-v4_29-09-2026_11-15-00,78,426.5
q2_b100_r0.05_InvertedPendulum-v4_29-09-2026_11-15-00,79,832.0
q2_b100_r0.05_InvertedPendulum-v4_29-09-2026_11-15-00,80,1000.0
q2_b100_r0.05_InvertedPendulum-v4_29-09-2026_11-15-00,81,1000.0
q2_b100_r0.05_InvertedPendulum-v4_29-09-2026_11-15-00,82,1000.0
q2_b100_r0.05_InvertedPendulum-v4_29-09-2026_11-15-00,83,610.5
q2_b100_r0.05_InvertedPendulum-v4_29-09-2026_11-15-00,84,1000.0
q2_b100_r0.05_InvertedPendulum-v4_29-09-2026_11-15-00,85,1000.0
q2_b100_r0.05_InvertedPendulum-v4_29-09-2026_11-15-00,86,1000.0
q2_b100_r0.05_InvertedPendulum-v4_29-09-2026_11-15-00,87,1000.0
q2_b100_r0.05_InvertedPendulum-v4_29-09-2026_11-15-00,88,1000.0
q2_b100_r0.05_InvertedPendulum-v4_29-09-2026_11-15-00,89,1000.0
q2_b100_r0.05_InvertedPendulum-v4_29-09-2026_11-15-00,90,1000.0
q2_b100_r0.05_InvertedPendulum-v4_29-09-2026_11-15-00,91,1000.0
q2_b100_r0.05_InvertedPendulum-v4_29-09-2026_11-15-00,92,225.5
q2_b100_r0.05_InvertedPendulum-v4_29-09-2026_11-15-00,93,221.6666717529297
q2_b100_r0.05_InvertedPendulum-v4_29-09-2026_11-15-00,94,80.16666412353516
q2_b100_r0.05_InvertedPendulum-v4_29-09-2026_11-15-00,95,87.4000015258789
q2_b100_r0.05_InvertedPendulum-v4_29-09-2026_11-15-00,96,61.14285659790039
q2_b100_r0.05_InvertedPendulum-v4_29-09-2026_11-15-00,97,72.0
q2_b100_r0.05_InvertedPendulum-v4_29-09-2026_11-15-00,98,68.42857360839844
q2_b100_r0.05_InvertedPendulum-v4_29-09-2026_11-15-00,99,58.71428680419922
q2_b200_r0.01_InvertedPendulum-v4_29-09-2026_11-15-51,0,12.363636016845703
q2_b200_r0.01_InvertedPendulum-v4_29-09-2026_11-15-51,1,15.461538314819336
q2_b200_r0.01_InvertedPendulum-v4_29-09-2026_11-15-51,2,28.928571701049805
q2_b200_r0.01_InvertedPendulum-v4_29-09-2026_11-15-51,3,35.75
q2_b200_r0.01_InvertedPendulum-v4_29-09-2026_11-15-51,4,42.20000076293945
q2_b200_r0.01_InvertedPendulum-v4_29-09-2026_11-15-51,5,33.58333206176758
q2_b200_r0.01_InvertedPendulum-v4_29-09-2026_11-15-51,6,35.08333206176758
q2_b200_r0.01_InvertedPendulum-v4_29-09-2026_11-15-51,7,31.076923370361328
q2_b200_r0.01_InvertedPendulum-v4_29-09-2026_11-15-51,8,31.928571701049805
q2_b200_r0.01_InvertedPendulum-v4_29-09-2026_11-15-51,9,35.83333206176758
q2_b200_r0.01_InvertedPendulum-v4_29-09-2026_11-15-51,10,37.54545593261719
q2_b200_r0.01_InvertedPendulum-v4_29-09-2026_11-15-51,11,34.07692337036133
q2_b200_r0.01_InvertedPendulum-v4_29-09-2026_11-15-51,12,51.75
q2_b200_r0.01_InvertedPendulum-v4_29-09-2026_11-15-51,13,37.727272033691406
q2_b200_r0.01_InvertedPendulum-v4_29-09-2026_11-15-51,14,49.400001525878906
q2_b200_r0.01_InvertedPendulum-v4_29-09-2026_11-15-51,15,39.54545593261719
q2_b200_r0.01_InvertedPendulum-v4_29-09-2026_11-15-51,16,44.66666793823242
q2_b200_r0.01_InvertedPendulum-v4_29-09-2026_11-15-51,17,46.66666793823242
q2_b200_r0.01_InvertedPendulum-v4_29-09-2026_11-15-51,18,43.900001525878906
q2_b200_r0.01_InvertedPendulum-v4_29-09-2026_11-15-51,19,48.55555725097656
q2_b200_r0.01_InvertedPendulum-v4_29-09-2026_11-15-51,20,50.25
q2_b200_r0.01_InvertedPendulum-v4_29-09-2026_11-15-51,21,68.16666412353516
q2_b200_r0.01_InvertedPendulum-v4_29-09-2026_11-15-51,22,62.0
q2_b200_r0.01_InvertedPendulum-v4_29-09-2026_11-15-51,23,72.0
q2_b200_r0.01_InvertedPendulum-v4_29-09-2026_11-15-51,24,54.625
q2_b200_r0.01_InvertedPendulum-v4_29-09-2026_11-15-51,25,98.19999694824219
q2_b200_r0.01_InvertedPendulum-v4_29-09-2026_11-15-51,26,79.66666412353516
q2_b200_r0.01_InvertedPendulum-v4_29-09-2026_11-15-51,27,107.75
q2_b200_r0.01_InvertedPendulum-v4_29-09-2026_11-15-51,28,142.3333282470703
q2_b200_r0.01_InvertedPendulum-v4_29-09-2026_11-15-51,29,83.0
q2_b200_r0.01_InvertedPendulum-v4_29-09-2026_11-15-51,30,102.5
q2_b200_r0.01_InvertedPendulum-v4_29-09-2026_11-15-51,31,71.16666412353516
q2_b200_r0.01_InvertedPendulum-v4_29-09-2026_11-15-51,32,51.11111068725586
q2_b200_r0.01_InvertedPendulum-v4_29-09-2026_11-15-51,33,40.727272033691406
q2_b200_r0.01_InvertedPendulum-v4_29-09-2026_11-15-51,34,52.22222137451172
q2_b200_r0.01_InvertedPendulum-v4_29-09-2026_11-15-51,35,45.55555725097656
q2_b200_r0.01_InvertedPendulum-v4_29-09-2026_11-15-51,36,71.28571319580078
q2_b200_r0.01_InvertedPendulum-v4_29-09-2026_11-15-51,37,103.25
q2_b200_r0.01_InvertedPendulum-v4_29-09-2026_11-15-51,38,146.3333282470703
q2_b200_r0.01_InvertedPendulum-v4_29-09-2026_11-15-51,39,154.6666717529297
q2_b200_r0.01_InvertedPendulum-v4_29-09-2026_11-15-51,40,295.0
q2_b200_r0.01_InvertedPendulum-v4_29-09-2026_11-15-51,41,104.25
q2_b200_r0.01_InvertedPendulum-v4_29-09-2026_11-15-51,42,146.0
q2_b200_r0.01_InvertedPendulum-v4_29-09-2026_11-15-51,43,110.75
q2_b200_r0.01_InvertedPendulum-v4_29-09-2026_11-15-51,44,82.33333587646484
q2_b200_r0.01_InvertedPendulum-v4_29-09-2026_11-15-51,45,104.5
q2_b200_r0.01_InvertedPendulum-v4_29-09-2026_11-15-51,46,104.0
q2_b200_r0.01_InvertedPendulum-v4_29-09-2026_11-15-51,47,103.25
q2_b200_r0.01_InvertedPendulum-v4_29-09-2026_11-15-51,48,88.4000015258789
q2_b200_r0.01_InvertedPendulum-v4_29-09-2026_11-15-51,49,123.5
q2_b200_r0.01_InvertedPendulum-v4_29-09-2026_11-15-51,50,209.0
q2_b200_r0.01_InvertedPendulum-v4_29-09-2026_11-15-51,51,562.0
q2_b200_r0.01_InvertedPendulum-v4_29-09-2026_11-15-51,52,440.0
q2_b200_r0.01_InvertedPendulum-v4_29-09-2026_11-15-51,53,225.5
q2_b200_r0.01_InvertedPendulum-v4_29-09-2026_11-15-51,54,378.3333435058594
q2_b200_r0.01_InvertedPendulum-v4_29-09-2026_11-15-51,55,628.0
q2_b200_r0.01_InvertedPendulum-v4_29-09-2026_11-15-51,56,432.0
q2_b200_r0.01_InvertedPendulum-v4_29-09-2026_11-15-51,57,1000.0
q2_b200_r0.01_InvertedPendulum-v4_29-09-2026_11-15-51,58,1000.0
q2_b200_r0.01_InvertedPendulum-v4_29-09-2026_11-15-51,59,530.0
q2_b200_r0.01_InvertedPendulum-v4_29-09-2026_11-15-51,60,322.0
q2_b200_r0.01_InvertedPendulum-v4_29-09-2026_11-15-51,61,565.5
q2_b200_r0.01_InvertedPendulum-v4_29-09-2026_11-15-51,62,1000.0
q2_b200_r0.01_InvertedPendulum-v4_29-09-2026_11-15-51,63,885.0
q2_b200_r0.01_InvertedPendulum-v4_29-09-2026_11-15-51,64,625.0
q2_b200_r0.01_InvertedPendulum-v4_29-09-2026_11-15-51,65,477.0
q2_b200_r0.01_InvertedPendulum-v4_29-09-2026_11-15-51,66,778.0
q2_b200_r0.01_InvertedPendulum-v4_29-09-2026_11-15-51,67,1000.0
q2_b200_r0.01_InvertedPendulum-v4_29-09-2026_11-15-51,68,1000.0
q2_b200_r0.01_InvertedPendulum-v4_29-09-2026_11-15-51,69,141.0
q2_b200_r0.01_InvertedPendulum-v4_29-09-2026_11-15-51,70,77.66666412353516
q2_b200_r0.01_InvertedPendulum-v4_29-09-2026_11-15-51,71,67.33333587646484
q2_b200_r0.01_InvertedPendulum-v4_29-09-2026_11-15-51,72,72.16666412353516
q2_b200_r0.01_InvertedPendulum-v4_29-09-2026_11-15-51,73,73.0
q2_b200_r0.01_InvertedPendulum-v4_29-09-2026_11-15-51,74,93.80000305175781
q2_b200_r0.01_InvertedPendulum-v4_29-09-2026_11-15-51,75,117.5
q2_b200_r0.01_InvertedPendulum-v4_29-09-2026_11-15-51,76,106.25
q2_b200_r0.01_InvertedPendulum-v4_29-09-2026_11-15-51,77,217.5
q2_b200_r0.01_InvertedPendulum-v4_29-09-2026_11-15-51,78,142.3333282470703
q2_b200_r0.01_InvertedPendulum-v4_29-09-2026_11-15-51,79,247.5
q2_b200_r0.01_InvertedPendulum-v4_29-09-2026_11-15-51,80,1000.0
q2_b200_r0.01_InvertedPendulum-v4_29-09-2026_11-15-51,81,231.5
q2_b200_r0.01_InvertedPendulum-v4_29-09-2026_11-15-51,82,585.0
q2_b200_r0.01_InvertedPendulum-v4_29-09-2026_11-15-51,83,458.0
q2_b200_r0.01_InvertedPendulum-v4_29-09-2026_11-15-51,84,294.0
q2_b200_r0.01_InvertedPendulum-v4_29-09-2026_11-15-51,85,224.0
q2_b200_r0.01_InvertedPendulum-v4_29-09-2026_11-15-51,86,640.0
q2_b200_r0.01_InvertedPendulum-v4_29-09-2026_11-15-51,87,1000.0
q2_b200_r0.01_InvertedPendulum-v4_29-09-2026_11-15-51,88,1000.0
q2_b200_r0.01_InvertedPendulum-v4_29-09-2026_11-15-51,89,1000.0
q2_b200_r0.01_InvertedPendulum-v4_29-09-2026_11-15-51,90,1000.0
q2_b200_r0.01_InvertedPendulum-v4_29-09-2026_11-15-51,91,1000.0
q2_b200_r0.01_InvertedPendulum-v4_29-09-2026_11-15-51,92,1000.0
q2_b200_r0.01_InvertedPendulum-v4_29-09-2026_11-15-51,93,1000.0
q2_b200_r0.01_InvertedPendulum-v4_29-09-2026_11-15-51,94,257.5
q2_b200_r0.01_InvertedPendulum-v4_29-09-2026_11-15-51,95,145.6666717529297
q2_b200_r0.01_InvertedPendulum-v4_29-09-2026_11-15-51,96,97.5999984741211
q2_b200_r0.01_InvertedPendulum-v4_29-09-2026_11-15-51,97,97.0
q2_b200_r0.01_InvertedPendulum-v4_29-09-2026_11-15-51,98,131.75
q2_b200_r0.01_InvertedPendulum-v4_29-09-2026_11-15-51,99,101.25
q2_b200_r0.02_InvertedPendulum-v4_29-09-2026_11-15-52,0,8.933333396911621
q2_b200_r0.02_InvertedPendulum-v4_29-09-2026_11-15-52,1,19.4761905670166
q2_b200_r0.02_InvertedPendulum-v4_29-09-2026_11-15-52,2,25.3125
q2_b200_r0.02_InvertedPendulum-v4_29-09-2026_11-15-52,3,15.65384578704834
q2_b200_r0.02_InvertedPendulum-v4_29-09-2026_11-15-52,4,15.538461685180664
q2_b200_r0.02_InvertedPendulum-v4_29-09-2026_11-15-52,5,18.227272033691406
q2_b200_r0.02_InvertedPendulum-v4_29-09-2026_11-15-52,6,18.636363983154297
q2_b200_r0.02_InvertedPendulum-v4_29-09-2026_11-15-52,7,14.714285850524902
q2_b200_r0.02_InvertedPendulum-v4_29-09-2026_11-15-52,8,15.222222328186035
q2_b200_r0.02_InvertedPendulum-v4_29-09-2026_11-15-52,9,16.1200008392334
q2_b200_r0.02_InvertedPendulum-v4_29-09-2026_11-15-52,10,16.479999542236328
q2_b200_r0.02_InvertedPendulum-v4_29-09-2026_11-15-52,11,18.545454025268555
q2_b200_r0.02_InvertedPendulum-v4_29-09-2026_11-15-52,12,31.153846740722656
q2_b200_r0.02_InvertedPendulum-v4_29-09-2026_11-15-52,13,36.08333206176758
q2_b200_r0.02_InvertedPendulum-v4_29-09-2026_11-15-52,14,47.55555725097656
q2_b200_r0.02_InvertedPendulum-v4_29-09-2026_11-15-52,15,51.25
q2_b200_r0.02_InvertedPendulum-v4_29-09-2026_11-15-52,16,52.75
q2_b200_r0.02_InvertedPendulum-v4_29-09-2026_11-15-52,17,36.91666793823242
q2_b200_r0.02_InvertedPendulum-v4_29-09-2026_11-15-52,18,14.103447914123535
q2_b200_r0.02_InvertedPendulum-v4_29-09-2026_11-15-52,19,12.272727012634277
q2_b200_r0.02_InvertedPendulum-v4_29-09-2026_11-15-52,20,16.91666603088379
q2_b200_r0.02_InvertedPendulum-v4_29-09-2026_11-15-52,21,22.22222137451172
q2_b200_r0.02_InvertedPendulum-v4_29-09-2026_11-15-52,22,70.16666412353516
q2_b200_r0.02_InvertedPendulum-v4_29-09-2026_11-15-52,23,76.83333587646484
q2_b200_r0.02_InvertedPendulum-v4_29-09-2026_11-15-52,24,89.19999694824219
q2_b200_r0.02_InvertedPendulum-v4_29-09-2026_11-15-52,25,143.6666717529297
q2_b200_r0.02_InvertedPendulum-v4_29-09-2026_11-15-52,26,102.25
q2_b200_r0.02_InvertedPendulum-v4_29-09-2026_11-15-52,27,114.25
q2_b200_r0.02_InvertedPendulum-v4_29-09-2026_11-15-52,28,82.83333587646484
q2_b200_r0.02_InvertedPendulum-v4_29-09-2026_11-15-52,29,75.66666412353516
q2_b200_r0.02_InvertedPendulum-v4_29-09-2026_11-15-52,30,72.33333587646484
q2_b200_r0.02_InvertedPendulum-v4_29-09-2026_11-15-52,31,58.57143020629883
q2_b200_r0.02_InvertedPendulum-v4_29-09-2026_11-15-52,32,47.77777862548828
q2_b200_r0.02_InvertedPendulum-v4_29-09-2026_11-15-52,33,39.0
q2_b200_r0.02_InvertedPendulum-v4_29-09-2026_11-15-52,34,41.29999923706055
q2_b200_r0.02_InvertedPendulum-v4_29-09-2026_11-15-52,35,40.29999923706055
q2_b200_r0.02_InvertedPendulum-v4_29-09-2026_11-15-52,36,37.272727966308594
q2_b200_r0.02_InvertedPendulum-v4_29-09-2026_11-15-52,37,37.272727966308594
q2_b200_r0.02_InvertedPendulum-v4_29-09-2026_11-15-52,38,31.846153259277344
q2_b200_r0.02_InvertedPendulum-v4_29-09-2026_11-15-52,39,41.29999923706055
q2_b200_r0.02_InvertedPendulum-v4_29-09-2026_11-15-52,40,39.3636360168457
q2_b200_r0.02_InvertedPendulum-v4_29-09-2026_11-15-52,41,54.25
q2_b200_r0.02_InvertedPendulum-v4_29-09-2026_11-15-52,42,59.42856979370117
q2_b200_r0.02_InvertedPendulum-v4_29-09-2026_11-15-52,43,57.375
q2_b200_r0.02_InvertedPendulum-v4_29-09-2026_11-15-52,44,44.66666793823242
q2_b200_r0.02_InvertedPendulum-v4_29-09-2026_11-15-52,45,40.0
q2_b200_r0.02_InvertedPendulum-v4_29-09-2026_11-15-52,46,53.375
q2_b200_r0.02_InvertedPendulum-v4_29-09-2026_11-15-52,47,34.5
q2_b200_r0.02_InvertedPendulum-v4_29-09-2026_11-15-52,48,41.20000076293945
q2_b200_r0.02_InvertedPendulum-v4_29-09-2026_11-15-52,49,40.727272033691406
q2_b200_r0.02_InvertedPendulum-v4_29-09-2026_11-15-52,50,50.0
q2_b200_r0.02_InvertedPendulum-v4_29-09-2026_11-15-52,51,49.22222137451172
q2_b200_r0.02_InvertedPendulum-v4_29-09-2026_11-15-52,52,46.0
q2_b200_r0.02_InvertedPendulum-v4_29-09-2026_11-15-52,53,47.77777862548828
q2_b200_r0.02_InvertedPendulum-v4_29-09-2026_11-15-52,54,58.25
q2_b200_r0.02_InvertedPendulum-v4_29-09-2026_11-15-52,55,56.75
q2_b200_r0.02_InvertedPendulum-v4_29-09-2026_11-15-52,56,62.42856979370117
q2_b200_r0.02_InvertedPendulum-v4_29-09-2026_11-15-52,57,54.125
q2_b200_r0.02_InvertedPendulum-v4_29-09-2026_11-15-52,58,41.0
q2_b200_r0.02_InvertedPendulum-v4_29-09-2026_11-15-52,59,36.818180084228516
q2_b200_r0.02_InvertedPendulum-v4_29-09-2026_11-15-52,60,29.5
q2_b200_r0.02_InvertedPendulum-v4_29-09-2026_11-15-52,61,27.53333282470703
q2_b200_r0.02_InvertedPendulum-v4_29-09-2026_11-15-52,62,26.5625
q2_b200_r0.02_InvertedPendulum-v4_29-09-2026_11-15-52,63,31.153846740722656
q2_b200_r0.02_InvertedPendulum-v4_29-09-2026_11-15-52,64,32.846153259277344
q2_b200_r0.02_InvertedPendulum-v4_29-09-2026_11-15-52,65,35.41666793823242
q2_b200_r0.02_InvertedPendulum-v4_29-09-2026_11-15-52,66,37.181819915771484
q2_b200_r0.02_InvertedPendulum-v4_29-09-2026_11-15-52,67,41.70000076293945
q2_b200_r0.02_InvertedPendulum-v4_29-09-2026_11-15-52,68,48.33333206176758
q2_b200_r0.02_InvertedPendulum-v4_29-09-2026_11-15-52,69,58.28571319580078
q2_b200_r0.02_InvertedPendulum-v4_29-09-2026_11-15-52,70,81.5999984741211
q2_b200_r0.02_InvertedPendulum-v4_29-09-2026_11-15-52,71,111.25
q2_b200_r0.02_InvertedPendulum-v4_29-09-2026_11-15-52,72,103.80000305175781
q2_b200_r0.02_InvertedPendulum-v4_29-09-2026_11-15-52,73,98.5999984741211
q2_b200_r0.02_InvertedPendulum-v4_29-09-2026_11-15-52,74,83.80000305175781
q2_b200_r0.02_InvertedPendulum-v4_29-09-2026_11-15-52,75,58.57143020629883
q2_b200_r0.02_InvertedPendulum-v4_29-09-2026_11-15-52,76,45.77777862548828
q2_b200_r0.02_InvertedPendulum-v4_29-09-2026_11-15-52,77,40.79999923706055
q2_b200_r0.02_InvertedPendulum-v4_29-09-2026_11-15-52,78,36.25
q2_b200_r0.02_InvertedPendulum-v4_29-09-2026_11-15-52,79,33.38461685180664
q2_b200_r0.02_InvertedPendulum-v4_29-09-2026_11-15-52,80,31.30769157409668
q2_b200_r0.02_InvertedPendulum-v4_29-09-2026_11-15-52,81,37.09090805053711
q2_b200_r0.02_InvertedPendulum-v4_29-09-2026_11-15-52,82,43.900001525878906
q2_b200_r0.02_InvertedPendulum-v4_29-09-2026_11-15-52,83,47.44444274902344
q2_b200_r0.02_InvertedPendulum-v4_29-09-2026_11-15-52,84,51.125
q2_b200_r0.02_InvertedPendulum-v4_29-09-2026_11-15-52,85,50.77777862548828
q2_b200_r0.02_InvertedPendulum-v4_29-09-2026_11-15-52,86,47.55555725097656
q2_b200_r0.02_InvertedPendulum-v4_29-09-2026_11-15-52,87,48.11111068725586
q2_b200_r0.02_InvertedPendulum-v4_29-09-2026_11-15-52,88,55.375
q2_b200_r0.02_InvertedPendulum-v4_29-09-2026_11-15-52,89,62.14285659790039
q2_b200_r0.02_InvertedPendulum-v4_29-09-2026_11-15-52,90,76.0
q2_b200_r0.02_InvertedPendulum-v4_29-09-2026_11-15-52,91,104.0
q2_b200_r0.02_InvertedPendulum-v4_29-09-2026_11-15-52,92,133.6666717529297
q2_b200_r0.02_InvertedPendulum-v4_29-09-2026_11-15-52,93,85.80000305175781
q2_b200_r0.02_InvertedPendulum-v4_29-09-2026_11-15-52,94,80.5999984741211
q2_b200_r0.02_InvertedPendulum-v4_29-09-2026_11-15-52,95,82.80000305175781
q2_b200_r0.02_InvertedPendulum-v4_29-09-2026_11-15-52,96,88.5999984741211
q2_b200_r0.02_InvertedPendulum-v4_29-09-2026_11-15-52,97,76.33333587646484
q2_b200_r0.02_InvertedPendulum-v4_29-09-2026_11-15-52,98,75.33333587646484
q2_b200_r0.02_InvertedPendulum-v4_29-09-2026_11-15-52,99,76.0
q2_b200_r0.03_InvertedPendulum-v4_29-09-2026_11-14-15,0,7.566037654876709
q2_b200_r0.03_InvertedPendulum-v4_29-09-2026_11-14-15,1,20.227272033691406
q2_b200_r0.03_InvertedPendulum-v4_29-09-2026_11-14-15,2,18.81818199157715
q2_b200_r0.03_InvertedPendulum-v4_29-09-2026_11-14-15,3,13.699999809265137
q2_b200_r0.03_InvertedPendulum-v4_29-09-2026_11-14-15,4,8.80434799194336
q2_b200_r0.03_InvertedPendulum-v4_29-09-2026_11-14-15,5,7.711538314819336
q2_b200_r0.03_InvertedPendulum-v4_29-09-2026_11-14-15,6,8.4375
q2_b200_r0.03_InvertedPendulum-v4_29-09-2026_11-14-15,7,11.970588684082031
q2_b200_r0.03_InvertedPendulum-v4_29-09-2026_11-14-15,8,15.074073791503906
q2_b200_r0.03_InvertedPendulum-v4_29-09-2026_11-14-15,9,24.44444465637207
q2_b200_r0.03_InvertedPendulum-v4_29-09-2026_11-14-15,10,41.09090805053711
q2_b200_r0.03_InvertedPendulum-v4_29-09-2026_11-14-15,11,16.040000915527344
q2_b200_r0.03_InvertedPendulum-v4_29-09-2026_11-14-15,12,17.869565963745117
q2_b200_r0.03_InvertedPendulum-v4_29-09-2026_11-14-15,13,15.538461685180664
q2_b200_r0.03_InvertedPendulum-v4_29-09-2026_11-14-15,14,27.53333282470703
q2_b200_r0.03_InvertedPendulum-v4_29-09-2026_11-14-15,15,41.3636360168457
q2_b200_r0.03_InvertedPendulum-v4_29-09-2026_11-14-15,16,57.625
q2_b200_r0.03_InvertedPendulum-v4_29-09-2026_11-14-15,17,68.0
q2_b200_r0.03_InvertedPendulum-v4_29-09-2026_11-14-15,18,59.125
q2_b200_r0.03_InvertedPendulum-v4_29-09-2026_11-14-15,19,61.14285659790039
q2_b200_r0.03_InvertedPendulum-v4_29-09-2026_11-14-15,20,56.75
q2_b200_r0.03_InvertedPendulum-v4_29-09-2026_11-14-15,21,65.28571319580078
q2_b200_r0.03_InvertedPendulum-v4_29-09-2026_11-14-15,22,53.25
q2_b200_r0.03_InvertedPendulum-v4_29-09-2026_11-14-15,23,27.799999237060547
q2_b200_r0.03_InvertedPendulum-v4_29-09-2026_11-14-15,24,68.83333587646484
q2_b200_r0.03_InvertedPendulum-v4_29-09-2026_11-14-15,25,80.33333587646484
q2_b200_r0.03_InvertedPendulum-v4_29-09-2026_11-14-15,26,53.75
q2_b200_r0.03_InvertedPendulum-v4_29-09-2026_11-14-15,27,37.09090805053711
q2_b200_r0.03_InvertedPendulum-v4_29-09-2026_11-14-15,28,37.3636360168457
q2_b200_r0.03_InvertedPendulum-v4_29-09-2026_11-14-15,29,43.5
q2_b200_r0.03_InvertedPendulum-v4_29-09-2026_11-14-15,30,69.66666412353516
q2_b200_r0.03_InvertedPendulum-v4_29-09-2026_11-14-15,31,81.80000305175781
q2_b200_r0.03_InvertedPendulum-v4_29-09-2026_11-14-15,32,101.5
q2_b200_r0.03_InvertedPendulum-v4_29-09-2026_11-14-15,33,199.6666717529297
q2_b200_r0.03_InvertedPendulum-v4_29-09-2026_11-14-15,34,457.5
q2_b200_r0.03_InvertedPendulum-v4_29-09-2026_11-14-15,35,1000.0
q2_b200_r0.03_InvertedPendulum-v4_29-09-2026_11-14-15,36,1000.0
q2_b200_r0.03_InvertedPendulum-v4_29-09-2026_11-14-15,37,1000.0
q2_b200_r0.03_InvertedPendulum-v4_29-09-2026_11-14-15,38,5.101265907287598
q2_b200_r0.03_InvertedPendulum-v4_29-09-2026_11-14-15,39,299.5
q2_b200_r0.03_InvertedPendulum-v4_29-09-2026_11-14-15,40,1000.0
q2_b200_r0.03_InvertedPendulum-v4_29-09-2026_11-14-15,41,1000.0
q2_b200_r0.03_InvertedPendulum-v4_29-09-2026_11-14-15,42,1000.0
q2_b200_r0.03_InvertedPendulum-v4_29-09-2026_11-14-15,43,669.5
q2_b200_r0.03_InvertedPendulum-v4_29-09-2026_11-14-15,44,435.0
q2_b200_r0.03_InvertedPendulum-v4_29-09-2026_11-14-15,45,129.0
q2_b200_r0.03_InvertedPendulum-v4_29-09-2026_11-14-15,46,93.19999694824219
q2_b200_r0.03_InvertedPendulum-v4_29-09-2026_11-14-15,47,102.25
q2_b200_r0.03_InvertedPendulum-v4_29-09-2026_11-14-15,48,62.57143020629883
q2_b200_r0.03_InvertedPendulum-v4_29-09-2026_11-14-15,49,51.55555725097656
q2_b200_r0.03_InvertedPendulum-v4_29-09-2026_11-14-15,50,41.900001525878906
q2_b200_r0.03_InvertedPendulum-v4_29-09-2026_11-14-15,51,42.20000076293945
q2_b200_r0.03_InvertedPendulum-v4_29-09-2026_11-14-15,52,26.5625
q2_b200_r0.03_InvertedPendulum-v4_29-09-2026_11-14-15,53,23.22222137451172
q2_b200_r0.03_InvertedPendulum-v4_29-09-2026_11-14-15,54,26.733333587646484
q2_b200_r0.03_InvertedPendulum-v4_29-09-2026_11-14-15,55,24.882352828979492
q2_b200_r0.03_InvertedPendulum-v4_29-09-2026_11-14-15,56,20.799999237060547
q2_b200_r0.03_InvertedPendulum-v4_29-09-2026_11-14-15,57,20.850000381469727
q2_b200_r0.03_InvertedPendulum-v4_29-09-2026_11-14-15,58,13.5
q2_b200_r0.03_InvertedPendulum-v4_29-09-2026_11-14-15,59,10.837838172912598
q2_b200_r0.03_InvertedPendulum-v4_29-09-2026_11-14-15,60,12.088234901428223
q2_b200_r0.03_InvertedPendulum-v4_29-09-2026_11-14-15,61,13.129032135009766
q2_b200_r0.03_InvertedPendulum-v4_29-09-2026_11-14-15,62,18.68181800842285
q2_b200_r0.03_InvertedPendulum-v4_29-09-2026_11-14-15,63,24.235294342041016
q2_b200_r0.03_InvertedPendulum-v4_29-09-2026_11-14-15,64,22.3157901763916
q2_b200_r0.03_InvertedPendulum-v4_29-09-2026_11-14-15,65,21.0
q2_b200_r0.03_InvertedPendulum-v4_29-09-2026_11-14-15,66,20.25
q2_b200_r0.03_InvertedPendulum-v4_29-09-2026_11-14-15,67,27.399999618530273
q2_b200_r0.03_InvertedPendulum-v4_29-09-2026_11-14-15,68,23.72222137451172
q2_b200_r0.03_InvertedPendulum-v4_29-09-2026_11-14-15,69,46.77777862548828
q2_b200_r0.03_InvertedPendulum-v4_29-09-2026_11-14-15,70,27.5625
q2_b200_r0.03_InvertedPendulum-v4_29-09-2026_11-14-15,71,33.5
q2_b200_r0.03_InvertedPendulum-v4_29-09-2026_11-14-15,72,37.66666793823242
q2_b200_r0.03_InvertedPendulum-v4_29-09-2026_11-14-15,73,33.846153259277344
q2_b200_r0.03_InvertedPendulum-v4_29-09-2026_11-14-15,74,34.07692337036133
q2_b200_r0.03_InvertedPendulum-v4_29-09-2026_11-14-15,75,37.0
q2_b200_r0.03_InvertedPendulum-v4_29-09-2026_11-14-15,76,51.875
q2_b200_r0.03_InvertedPendulum-v4_29-09-2026_11-14-15,77,45.79999923706055
q2_b200_r0.03_InvertedPendulum-v4_29-09-2026_11-14-15,78,27.0
q2_b200_r0.03_InvertedPendulum-v4_29-09-2026_11-14-15,79,64.14286041259766
q2_b200_r0.03_InvertedPendulum-v4_29-09-2026_11-14-15,80,75.0
q2_b200_r0.03_InvertedPendulum-v4_29-09-2026_11-14-15,81,42.099998474121094
q2_b200_r0.03_InvertedPendulum-v4_29-09-2026_11-14-15,82,68.16666412353516
q2_b200_r0.03_InvertedPendulum-v4_29-09-2026_11-14-15,83,87.19999694824219
q2_b200_r0.03_InvertedPendulum-v4_29-09-2026_11-14-15,84,64.14286041259766
q2_b200_r0.03_InvertedPendulum-v4_29-09-2026_11-14-15,85,37.0
q2_b200_r0.03_InvertedPendulum-v4_29-09-2026_11-14-15,86,40.818180084228516
q2_b200_r0.03_InvertedPendulum-v4_29-09-2026_11-14-15,87,34.5
q2_b200_r0.03_InvertedPendulum-v4_29-09-2026_11-14-15,88,21.526315689086914
q2_b200_r0.03_InvertedPendulum-v4_29-09-2026_11-14-15,89,19.761905670166016
q2_b200_r0.03_InvertedPendulum-v4_29-09-2026_11-14-15,90,18.81818199157715
q2_b200_r0.03_InvertedPendulum-v4_29-09-2026_11-14-15,91,18.81818199157715
q2_b200_r0.03_InvertedPendulum-v4_29-09-2026_11-14-15,92,19.5238094329834
q2_b200_r0.03_InvertedPendulum-v4_29-09-2026_11-14-15,93,19.14285659790039
q2_b200_r0.03_InvertedPendulum-v4_29-09-2026_11-14-15,94,20.100000381469727
q2_b200_r0.03_InvertedPendulum-v4_29-09-2026_11-14-15,95,19.090909957885742
q2_b200_r0.03_InvertedPendulum-v4_29-09-2026_11-14-15,96,17.60869598388672
q2_b200_r0.03_InvertedPendulum-v4_29-09-2026_11-14-15,97,15.65384578704834
q2_b200_r0.03_InvertedPendulum-v4_29-09-2026_11-14-15,98,12.088234901428223
q2_b200_r0.03_InvertedPendulum-v4_29-09-2026_11-14-15,99,13.566666603088379
q2_b200_r0.1_InvertedPendulum-v4_29-09-2026_11-15-01,0,5.050000190734863
q2_b200_r0.1_InvertedPendulum-v4_29-09-2026_11-15-01,1,11.5
q2_b200_r0.1_InvertedPendulum-v4_29-09-2026_11-15-01,2,3.97029709815979
q2_b200_r0.1_InvertedPendulum-v4_29-09-2026_11-15-01,3,5.647887229919434
q2_b200_r0.1_InvertedPendulum-v4_29-09-2026_11-15-01,4,5.842857360839844
q2_b200_r0.1_InvertedPendulum-v4_29-09-2026_11-15-01,5,16.91666603088379
q2_b200_r0.1_InvertedPendulum-v4_29-09-2026_11-15-01,6,19.285715103149414
q2_b200_r0.1_InvertedPendulum-v4_29-09-2026_11-15-01,7,14.206896781921387
q2_b200_r0.1_InvertedPendulum-v4_29-09-2026_11-15-01,8,20.799999237060547
q2_b200_r0.1_InvertedPendulum-v4_29-09-2026_11-15-01,9,23.11111068725586
q2_b200_r0.1_InvertedPendulum-v4_29-09-2026_11-15-01,10,20.0
q2_b200_r0.1_InvertedPendulum-v4_29-09-2026_11-15-01,11,19.85714340209961
q2_b200_r0.1_InvertedPendulum-v4_29-09-2026_11-15-01,12,21.210525512695312
q2_b200_r0.1_InvertedPendulum-v4_29-09-2026_11-15-01,13,19.761905670166016
q2_b200_r0.1_InvertedPendulum-v4_29-09-2026_11-15-01,14,20.0
q2_b200_r0.1_InvertedPendulum-v4_29-09-2026_11-15-01,15,19.4761905670166
q2_b200_r0.1_InvertedPendulum-v4_29-09-2026_11-15-01,16,20.200000762939453
q2_b200_r0.1_InvertedPendulum-v4_29-09-2026_11-15-01,17,20.950000762939453
q2_b200_r0.1_InvertedPendulum-v4_29-09-2026_11-15-01,18,20.350000381469727
q2_b200_r0.1_InvertedPendulum-v4_29-09-2026_11-15-01,19,20.549999237060547
q2_b200_r0.1_InvertedPendulum-v4_29-09-2026_11-15-01,20,20.149999618530273
q2_b200_r0.1_InvertedPendulum-v4_29-09-2026_11-15-01,21,19.571428298950195
q2_b200_r0.1_InvertedPendulum-v4_29-09-2026_11-15-01,22,20.049999237060547
q2_b200_r0.1_InvertedPendulum-v4_29-09-2026_11-15-01,23,18.863636016845703
q2_b200_r0.1_InvertedPendulum-v4_29-09-2026_11-15-01,24,19.428571701049805
q2_b200_r0.1_InvertedPendulum-v4_29-09-2026_11-15-01,25,19.619047164916992
q2_b200_r0.1_InvertedPendulum-v4_29-09-2026_11-15-01,26,20.399999618530273
q2_b200_r0.1_InvertedPendulum-v4_29-09-2026_11-15-01,27,19.238094329833984
q2_b200_r0.1_InvertedPendulum-v4_29-09-2026_11-15-01,28,19.4761905670166
q2_b200_r0.1_InvertedPendulum-v4_29-09-2026_11-15-01,29,17.5
q2_b200_r0.1_InvertedPendulum-v4_29-09-2026_11-15-01,30,21.100000381469727
q2_b200_r0.1_InvertedPendulum-v4_29-09-2026_11-15-01,31,17.913043975830078
q2_b200_r0.1_InvertedPendulum-v4_29-09-2026_11-15-01,32,21.789474487304688
q2_b200_r0.1_InvertedPendulum-v4_29-09-2026_11-15-01,33,18.04347801208496
q2_b200_r0.1_InvertedPendulum-v4_29-09-2026_11-15-01,34,19.761905670166016
q2_b200_r0.1_InvertedPendulum-v4_29-09-2026_11-15-01,35,20.700000762939453
q2_b200_r0.1_InvertedPendulum-v4_29-09-2026_11-15-01,36,18.772727966308594
q2_b200_r0.1_InvertedPendulum-v4_29-09-2026_11-15-01,37,20.0
q2_b200_r0.1_InvertedPendulum-v4_29-09-2026_11-15-01,38,19.904762268066406
q2_b200_r0.1_InvertedPendulum-v4_29-09-2026_11-15-01,39,18.909090042114258
q2_b200_r0.1_InvertedPendulum-v4_29-09-2026_11-15-01,40,18.68181800842285
q2_b200_r0.1_InvertedPendulum-v4_29-09-2026_11-15-01,41,19.619047164916992
q2_b200_r0.1_InvertedPendulum-v4_29-09-2026_11-15-01,42,19.095237731933594
q2_b200_r0.1_InvertedPendulum-v4_29-09-2026_11-15-01,43,19.238094329833984
q2_b200_r0.1_InvertedPendulum-v4_29-09-2026_11-15-01,44,19.0
q2_b200_r0.1_InvertedPendulum-v4_29-09-2026_11-15-01,45,19.5238094329834
q2_b200_r0.1_InvertedPendulum-v4_29-09-2026_11-15-01,46,17.565217971801758
q2_b200_r0.1_InvertedPendulum-v4_29-09-2026_11-15-01,47,18.81818199157715
q2_b200_r0.1_InvertedPendulum-v4_29-09-2026_11-15-01,48,21.421052932739258
q2_b200_r0.1_InvertedPendulum-v4_29-09-2026_11-15-01,49,19.809524536132812
q2_b200_r0.1_InvertedPendulum-v4_29-09-2026_11-15-01,50,20.299999237060547
q2_b200_r0.1_InvertedPendulum-v4_29-09-2026_11-15-01,51,19.66666603088379
q2_b200_r0.1_InvertedPendulum-v4_29-09-2026_11-15-01,52,18.130434036254883
q2_b200_r0.1_InvertedPendulum-v4_29-09-2026_11-15-01,53,19.190475463867188
q2_b200_r0.1_InvertedPendulum-v4_29-09-2026_11-15-01,54,19.238094329833984
q2_b200_r0.1_InvertedPendulum-v4_29-09-2026_11-15-01,55,19.238094329833984
q2_b200_r0.1_InvertedPendulum-v4_29-09-2026_11-15-01,56,19.809524536132812
q2_b200_r0.1_InvertedPendulum-v4_29-09-2026_11-15-01,57,18.954545974731445
q2_b200_r0.1_InvertedPendulum-v4_29-09-2026_11-15-01,58,18.863636016845703
q2_b200_r0.1_InvertedPendulum-v4_29-09-2026_11-15-01,59,19.571428298950195
q2_b200_r0.1_InvertedPendulum-v4_29-09-2026_11-15-01,60,20.149999618530273
q2_b200_r0.1_InvertedPendulum-v4_29-09-2026_11-15-01,61,20.238094329833984
q2_b200_r0.1_InvertedPendulum-v4_29-09-2026_11-15-01,62,18.363636016845703
q2_b200_r0.1_InvertedPendulum-v4_29-09-2026_11-15-01,63,19.761905670166016
q2_b200_r0.1_InvertedPendulum-v4_29-09-2026_11-15-01,64,19.428571701049805
q2_b200_r0.1_InvertedPendulum-v4_29-09-2026_11-15-01,65,19.4761905670166
q2_b200_r0.1_InvertedPendulum-v4_29-09-2026_11-15-01,66,21.736841201782227
q2_b200_r0.1_InvertedPendulum-v4_29-09-2026_11-15-01,67,19.380952835083008
q2_b200_r0.1_InvertedPendulum-v4_29-09-2026_11-15-01,68,19.090909957885742
q2_b200_r0.1_InvertedPendulum-v4_29-09-2026_11-15-01,69,19.66666603088379
q2_b200_r0.1_InvertedPendulum-v4_29-09-2026_11-15-01,70,17.69565200805664
q2_b200_r0.1_InvertedPendulum-v4_29-09-2026_11-15-01,71,20.350000381469727
q2_b200_r0.1_InvertedPendulum-v4_29-09-2026_11-15-01,72,19.590909957885742
q2_b200_r0.1_InvertedPendulum-v4_29-09-2026_11-15-01,73,19.571428298950195
q2_b200_r0.1_InvertedPendulum-v4_29-09-2026_11-15-01,74,18.81818199157715
q2_b200_r0.1_InvertedPendulum-v4_29-09-2026_11-15-01,75,18.5
q2_b200_r0.1_InvertedPendulum-v4_29-09-2026_11-15-01,76,18.954545974731445
q2_b200_r0.1_InvertedPendulum-v4_29-09-2026_11-15-01,77,18.727272033691406
q2_b200_r0.1_InvertedPendulum-v4_29-09-2026_11-15-01,78,20.200000762939453
q2_b200_r0.1_InvertedPendulum-v4_29-09-2026_11-15-01,79,21.421052932739258
q2_b200_r0.1_InvertedPendulum-v4_29-09-2026_11-15-01,80,18.863636016845703
q2_b200_r0.1_InvertedPendulum-v4_29-09-2026_11-15-01,81,19.045454025268555
q2_b200_r0.1_InvertedPendulum-v4_29-09-2026_11-15-01,82,19.190475463867188
q2_b200_r0.1_InvertedPendulum-v4_29-09-2026_11-15-01,83,19.33333396911621
q2_b200_r0.1_InvertedPendulum-v4_29-09-2026_11-15-01,84,20.75
q2_b200_r0.1_InvertedPendulum-v4_29-09-2026_11-15-01,85,19.952381134033203
q2_b200_r0.1_InvertedPendulum-v4_29-09-2026_11-15-01,86,20.299999237060547
q2_b200_r0.1_InvertedPendulum-v4_29-09-2026_11-15-01,87,18.272727966308594
q2_b200_r0.1_InvertedPendulum-v4_29-09-2026_11-15-01,88,21.473684310913086
q2_b200_r0.1_InvertedPendulum-v4_29-09-2026_11-15-01,89,20.549999237060547
q2_b200_r0.1_InvertedPendulum-v4_29-09-2026_11-15-01,90,20.25
q2_b200_r0.1_InvertedPendulum-v4_29-09-2026_11-15-01,91,18.863636016845703
q2_b200_r0.1_InvertedPendulum-v4_29-09-2026_11-15-01,92,18.31818199157715
q2_b200_r0.1_InvertedPendulum-v4_29-09-2026_11-15-01,93,18.772727966308594
q2_b200_r0.1_InvertedPendulum-v4_29-09-2026_11-15-01,94,20.850000381469727
q2_b200_r0.1_InvertedPendulum-v4_29-09-2026_11-15-01,95,21.149999618530273
q2_b200_r0.1_InvertedPendulum-v4_29-09-2026_11-15-01,96,19.761905670166016
q2_b200_r0.1_InvertedPendulum-v4_29-09-2026_11-15-01,97,20.200000762939453
q2_b200_r0.1_InvertedPendulum-v4_29-09-2026_11-15-01,98,19.33333396911621
q2_b200_r0.1_InvertedPendulum-v4_29-09-2026_11-15-01,99,20.649999618530273
q2_b500_r0.01_InvertedPendulum-v4_28-09-2026_15-09-54,0,17.84000015258789
q2_b500_r0.01_InvertedPendulum-v4_28-09-2026_15-09-54,1,28.399999618530273
q2_b500_r0.01_InvertedPendulum-v4_28-09-2026_15-09-54,2,40.79999923706055
q2_b500_r0.01_InvertedPendulum-v4_28-09-2026_15-09-54,3,44.0
q2_b500_r0.01_InvertedPendulum-v4_28-09-2026_15-09-54,4,54.5
q2_b500_r0.01_InvertedPendulum-v4_28-09-2026_15-09-54,5,42.0
q2_b500_r0.01_InvertedPendulum-v4_28-09-2026_15-09-54,6,39.0
q2_b500_r0.01_InvertedPendulum-v4_28-09-2026_15-09-54,7,34.41666793823242
q2_b500_r0.01_InvertedPendulum-v4_28-09-2026_15-09-54,8,34.41666793823242
q2_b500_r0.01_InvertedPendulum-v4_28-09-2026_15-09-54,9,47.22222137451172
q2_b500_r0.01_InvertedPendulum-v4_28-09-2026_15-09-54,10,36.54545593261719
q2_b500_r0.01_InvertedPendulum-v4_28-09-2026_15-09-54,11,58.0
q2_b500_r0.01_InvertedPendulum-v4_28-09-2026_15-09-54,12,61.71428680419922
q2_b500_r0.01_InvertedPendulum-v4_28-09-2026_15-09-54,13,59.85714340209961
q2_b500_r0.01_InvertedPendulum-v4_28-09-2026_15-09-54,14,71.0
q2_b500_r0.01_InvertedPendulum-v4_28-09-2026_15-09-54,15,100.25
q2_b500_r0.01_InvertedPendulum-v4_28-09-2026_15-09-54,16,80.5999984741211
q2_b500_r0.01_InvertedPendulum-v4_28-09-2026_15-09-54,17,76.16666412353516
q2_b500_r0.01_InvertedPendulum-v4_28-09-2026_15-09-54,18,123.5
q2_b500_r0.01_InvertedPendulum-v4_28-09-2026_15-09-54,19,189.3333282470703
q2_b500_r0.01_InvertedPendulum-v4_28-09-2026_15-09-54,20,176.6666717529297
q2_b500_r0.01_InvertedPendulum-v4_28-09-2026_15-09-54,21,134.0
q2_b500_r0.01_InvertedPendulum-v4_28-09-2026_15-09-54,22,129.75
q2_b500_r0.01_InvertedPendulum-v4_28-09-2026_15-09-54,23,108.0
q2_b500_r0.01_InvertedPendulum-v4_28-09-2026_15-09-54,24,121.75
q2_b500_r0.01_InvertedPendulum-v4_28-09-2026_15-09-54,25,94.0
q2_b500_r0.01_InvertedPendulum-v4_28-09-2026_15-09-54,26,106.25
q2_b500_r0.01_InvertedPendulum-v4_28-09-2026_15-09-54,27,134.5
q2_b500_r0.01_InvertedPendulum-v4_28-09-2026_15-09-54,28,115.25
q2_b500_r0.01_InvertedPendulum-v4_28-09-2026_15-09-54,29,68.0
q2_b500_r0.01_InvertedPendulum-v4_28-09-2026_15-09-54,30,60.57143020629883
q2_b500_r0.01_InvertedPendulum-v4_28-09-2026_15-09-54,31,61.14285659790039
q2_b500_r0.01_InvertedPendulum-v4_28-09-2026_15-09-54,32,78.0
q2_b500_r0.01_InvertedPendulum-v4_28-09-2026_15-09-54,33,65.57142639160156
q2_b500_r0.01_InvertedPendulum-v4_28-09-2026_15-09-54,34,62.57143020629883
q2_b500_r0.01_InvertedPendulum-v4_28-09-2026_15-09-54,35,90.5999984741211
q2_b500_r0.01_InvertedPendulum-v4_28-09-2026_15-09-54,36,110.25
q2_b500_r0.01_InvertedPendulum-v4_28-09-2026_15-09-54,37,95.5999984741211
q2_b500_r0.01_InvertedPendulum-v4_28-09-2026_15-09-54,38,100.0
q2_b500_r0.01_InvertedPendulum-v4_28-09-2026_15-09-54,39,111.5
q2_b500_r0.01_InvertedPendulum-v4_28-09-2026_15-09-54,40,103.25
q2_b500_r0.01_InvertedPendulum-v4_28-09-2026_15-09-54,41,122.25
q2_b500_r0.01_InvertedPendulum-v4_28-09-2026_15-09-54,42,124.75
q2_b500_r0.01_InvertedPendulum-v4_28-09-2026_15-09-54,43,100.0
q2_b500_r0.01_InvertedPendulum-v4_28-09-2026_15-09-54,44,75.83333587646484
q2_b500_r0.01_InvertedPendulum-v4_28-09-2026_15-09-54,45,88.0
q2_b500_r0.01_InvertedPendulum-v4_28-09-2026_15-09-54,46,108.0
q2_b500_r0.01_InvertedPendulum-v4_28-09-2026_15-09-54,47,94.5999984741211
q2_b500_r0.01_InvertedPendulum-v4_28-09-2026_15-09-54,48,103.0
q2_b500_r0.01_InvertedPendulum-v4_28-09-2026_15-09-54,49,102.25
q2_b500_r0.01_InvertedPendulum-v4_28-09-2026_15-09-54,50,403.0
q2_b500_r0.01_InvertedPendulum-v4_28-09-2026_15-09-54,51,156.6666717529297
q2_b500_r0.01_InvertedPendulum-v4_28-09-2026_15-09-54,52,120.0
q2_b500_r0.01_InvertedPendulum-v4_28-09-2026_15-09-54,53,68.66666412353516
q2_b500_r0.01_InvertedPendulum-v4_28-09-2026_15-09-54,54,93.4000015258789
q2_b500_r0.01_InvertedPendulum-v4_28-09-2026_15-09-54,55,81.4000015258789
q2_b500_r0.01_InvertedPendulum-v4_28-09-2026_15-09-54,56,138.0
q2_b500_r0.01_InvertedPendulum-v4_28-09-2026_15-09-54,57,1000.0
q2_b500_r0.01_InvertedPendulum-v4_28-09-2026_15-09-54,58,271.5
q2_b500_r0.01_InvertedPendulum-v4_28-09-2026_15-09-54,59,1000.0
q2_b500_r0.01_InvertedPendulum-v4_28-09-2026_15-09-54,60,169.0
q2_b500_r0.01_InvertedPendulum-v4_28-09-2026_15-09-54,61,125.0
q2_b500_r0.01_InvertedPendulum-v4_28-09-2026_15-09-54,62,117.25
q2_b500_r0.01_InvertedPendulum-v4_28-09-2026_15-09-54,63,112.25
q2_b500_r0.01_InvertedPendulum-v4_28-09-2026_15-09-54,64,84.33333587646484
q2_b500_r0.01_InvertedPendulum-v4_28-09-2026_15-09-54,65,190.6666717529297
q2_b500_r0.01_InvertedPendulum-v4_28-09-2026_15-09-54,66,1000.0
q2_b500_r0.01_InvertedPendulum-v4_28-09-2026_15-09-54,67,1000.0
q2_b500_r0.01_InvertedPendulum-v4_28-09-2026_15-09-54,68,1000.0
q2_b500_r0.01_InvertedPendulum-v4_28-09-2026_15-09-54,69,1000.0
q2_b500_r0.01_InvertedPendulum-v4_28-09-2026_15-09-54,70,1000.0
q2_b500_r0.01_InvertedPendulum-v4_28-09-2026_15-09-54,71,1000.0
q2_b500_r0.01_InvertedPendulum-v4_28-09-2026_15-09-54,72,1000.0
q2_b500_r0.01_InvertedPendulum-v4_28-09-2026_15-09-54,73,1000.0
q2_b500_r0.01_InvertedPendulum-v4_28-09-2026_15-09-54,74,1000.0
q2_b500_r0.01_InvertedPendulum-v4_28-09-2026_15-09-54,75,1000.0
q2_b500_r0.01_InvertedPendulum-v4_28-09-2026_15-09-54,76,1000.0
q2_b500_r0.01_InvertedPendulum-v4_28-09-2026_15-09-54,77,1000.0
q2_b500_r0.01_InvertedPendulum-v4_28-09-2026_15-09-54,78,1000.0
q2_b500_r0.01_InvertedPendulum-v4_28-09-2026_15-09-54,79,1000.0
q2_b500_r0.01_InvertedPendulum-v4_28-09-2026_15-09-54,80,1000.0
q2_b500_r0.01_InvertedPendulum-v4_28-09-2026_15-09-54,81,1000.0
q2_b500_r0.01_InvertedPendulum-v4_28-09-2026_15-09-54,82,1000.0
q2_b500_r0.01_InvertedPendulum-v4_28-09-2026_15-09-54,83,1000.0
q2_b500_r0.01_InvertedPendulum-v4_28-09-2026_15-09-54,84,1000.0
q2_b500_r0.01_InvertedPendulum-v4_28-09-2026_15-09-54,85,1000.0
q2_b500_r0.01_InvertedPendulum-v4_28-09-2026_15-09-54,86,1000.0
q2_b500_r0.01_InvertedPendulum-v4_28-09-2026_15-09-54,87,1000.0
q2_b500_r0.01_InvertedPendulum-v4_28-09-2026_15-09-54,88,1000.0
q2_b500_r0.01_InvertedPendulum-v4_28-09-2026_15-09-54,89,1000.0
q2_b500_r0.01_InvertedPendulum-v4_28-09-2026_15-09-54,90,1000.0
q2_b500_r0.01_InvertedPendulum-v4_28-09-2026_15-09-54,91,1000.0
q2_b500_r0.01_InvertedPendulum-v4_28-09-2026_15-09-54,92,1000.0
q2_b500_r0.01_InvertedPendulum-v4_28-09-2026_15-09-54,93,1000.0
q2_b500_r0.01_InvertedPendulum-v4_28-09-2026_15-09-54,94,1000.0
q2_b500_r0.01_InvertedPendulum-v4_28-09-2026_15-09-54,95,1000.0
q2_b500_r0.01_InvertedPendulum-v4_28-09-2026_15-09-54,96,1000.0
q2_b500_r0.01_InvertedPendulum-v4_28-09-2026_15-09-54,97,504.0
q2_b500_r0.01_InvertedPendulum-v4_28-09-2026_15-09-54,98,1000.0
q2_b500_r0.01_InvertedPendulum-v4_28-09-2026_15-09-54,99,1000.0
q2_b500_r0.05_InvertedPendulum-v4_29-09-2026_11-14-11,0,6.65573787689209
q2_b500_r0.05_InvertedPendulum-v4_29-09-2026_11-14-11,1,25.375
q2_b500_r0.05_InvertedPendulum-v4_29-09-2026_11-14-11,2,14.678571701049805
q2_b500_r0.05_InvertedPendulum-v4_29-09-2026_11-14-11,3,15.0
q2_b500_r0.05_InvertedPendulum-v4_29-09-2026_11-14-11,4,18.227272033691406
q2_b500_r0.05_InvertedPendulum-v4_29-09-2026_11-14-11,5,22.94444465637207
q2_b500_r0.05_InvertedPendulum-v4_29-09-2026_11-14-11,6,28.399999618530273
q2_b500_r0.05_InvertedPendulum-v4_29-09-2026_11-14-11,7,18.68181800842285
q2_b500_r0.05_InvertedPendulum-v4_29-09-2026_11-14-11,8,16.75
q2_b500_r0.05_InvertedPendulum-v4_29-09-2026_11-14-11,9,27.266666412353516
q2_b500_r0.05_InvertedPendulum-v4_29-09-2026_11-14-11,10,47.77777862548828
q2_b500_r0.05_InvertedPendulum-v4_29-09-2026_11-14-11,11,30.923076629638672
q2_b500_r0.05_InvertedPendulum-v4_29-09-2026_11-14-11,12,23.66666603088379
q2_b500_r0.05_InvertedPendulum-v4_29-09-2026_11-14-11,13,23.52941131591797
q2_b500_r0.05_InvertedPendulum-v4_29-09-2026_11-14-11,14,21.526315689086914
q2_b500_r0.05_InvertedPendulum-v4_29-09-2026_11-14-11,15,30.214284896850586
q2_b500_r0.05_InvertedPendulum-v4_29-09-2026_11-14-11,16,26.733333587646484
q2_b500_r0.05_InvertedPendulum-v4_29-09-2026_11-14-11,17,32.53845977783203
q2_b500_r0.05_InvertedPendulum-v4_29-09-2026_11-14-11,18,29.0
q2_b500_r0.05_InvertedPendulum-v4_29-09-2026_11-14-11,19,38.181819915771484
q2_b500_r0.05_InvertedPendulum-v4_29-09-2026_11-14-11,20,45.22222137451172
q2_b500_r0.05_InvertedPendulum-v4_29-09-2026_11-14-11,21,45.400001525878906
q2_b500_r0.05_InvertedPendulum-v4_29-09-2026_11-14-11,22,75.85713958740234
q2_b500_r0.05_InvertedPendulum-v4_29-09-2026_11-14-11,23,142.0
q2_b500_r0.05_InvertedPendulum-v4_29-09-2026_11-14-11,24,486.5
q2_b500_r0.05_InvertedPendulum-v4_29-09-2026_11-14-11,25,1000.0
q2_b500_r0.05_InvertedPendulum-v4_29-09-2026_11-14-11,26,1000.0
q2_b500_r0.05_InvertedPendulum-v4_29-09-2026_11-14-11,27,1000.0
q2_b500_r0.05_InvertedPendulum-v4_29-09-2026_11-14-11,28,1000.0
q2_b500_r0.05_InvertedPendulum-v4_29-09-2026_11-14-11,29,1000.0
q2_b500_r0.05_InvertedPendulum-v4_29-09-2026_11-14-11,30,146.6666717529297
q2_b500_r0.05_InvertedPendulum-v4_29-09-2026_11-14-11,31,47.33333206176758
q2_b500_r0.05_InvertedPendulum-v4_29-09-2026_11-14-11,32,27.133333206176758
q2_b500_r0.05_InvertedPendulum-v4_29-09-2026_11-14-11,33,16.559999465942383
q2_b500_r0.05_InvertedPendulum-v4_29-09-2026_11-14-11,34,22.736841201782227
q2_b500_r0.05_InvertedPendulum-v4_29-09-2026_11-14-11,35,28.571428298950195
q2_b500_r0.05_InvertedPendulum-v4_29-09-2026_11-14-11,36,42.20000076293945
q2_b500_r0.05_InvertedPendulum-v4_29-09-2026_11-14-11,37,47.22222137451172
q2_b500_r0.05_InvertedPendulum-v4_29-09-2026_11-14-11,38,63.71428680419922
q2_b500_r0.05_InvertedPendulum-v4_29-09-2026_11-14-11,39,78.16666412353516
q2_b500_r0.05_InvertedPendulum-v4_29-09-2026_11-14-11,40,50.55555725097656
q2_b500_r0.05_InvertedPendulum-v4_29-09-2026_11-14-11,41,68.83333587646484
q2_b500_r0.05_InvertedPendulum-v4_29-09-2026_11-14-11,42,51.0
q2_b500_r0.05_InvertedPendulum-v4_29-09-2026_11-14-11,43,46.33333206176758
q2_b500_r0.05_InvertedPendulum-v4_29-09-2026_11-14-11,44,46.44444274902344
q2_b500_r0.05_InvertedPendulum-v4_29-09-2026_11-14-11,45,48.33333206176758
q2_b500_r0.05_InvertedPendulum-v4_29-09-2026_11-14-11,46,52.75
q2_b500_r0.05_InvertedPendulum-v4_29-09-2026_11-14-11,47,52.625
q2_b500_r0.05_InvertedPendulum-v4_29-09-2026_11-14-11,48,61.71428680419922
q2_b500_r0.05_InvertedPendulum-v4_29-09-2026_11-14-11,49,66.66666412353516
q2_b500_r0.05_InvertedPendulum-v4_29-09-2026_11-14-11,50,138.6666717529297
q2_b500_r0.05_InvertedPendulum-v4_29-09-2026_11-14-11,51,233.6666717529297
q2_b500_r0.05_InvertedPendulum-v4_29-09-2026_11-14-11,52,625.0
q2_b500_r0.05_InvertedPendulum-v4_29-09-2026_11-14-11,53,1000.0
q2_b500_r0.05_InvertedPendulum-v4_29-09-2026_11-14-11,54,1000.0
q2_b500_r0.05_InvertedPendulum-v4_29-09-2026_11-14-11,55,1000.0
q2_b500_r0.05_InvertedPendulum-v4_29-09-2026_11-14-11,56,1000.0
q2_b500_r0.05_InvertedPendulum-v4_29-09-2026_11-14-11,57,1000.0
q2_b500_r0.05_InvertedPendulum-v4_29-09-2026_11-14-11,58,141.6666717529297
q2_b500_r0.05_InvertedPendulum-v4_29-09-2026_11-14-11,59,138.3333282470703
q2_b500_r0.05_InvertedPendulum-v4_29-09-2026_11-14-11,60,42.70000076293945
q2_b500_r0.05_InvertedPendulum-v4_29-09-2026_11-14-11,61,17.782608032226562
q2_b500_r0.05_InvertedPendulum-v4_29-09-2026_11-14-11,62,5.0
q2_b500_r0.05_InvertedPendulum-v4_29-09-2026_11-14-11,63,5.0
q2_b500_r0.05_InvertedPendulum-v4_29-09-2026_11-14-11,64,5.0
q2_b500_r0.05_InvertedPendulum-v4_29-09-2026_11-14-11,65,5.0
q2_b500_r0.05_InvertedPendulum-v4_29-09-2026_11-14-11,66,5.0
q2_b500_r0.05_InvertedPendulum-v4_29-09-2026_11-14-11,67,5.0
q2_b500_r0.05_InvertedPendulum-v4_29-09-2026_11-14-11,68,5.0
q2_b500_r0.05_InvertedPendulum-v4_29-09-2026_11-14-11,69,5.0
q2_b500_r0.05_InvertedPendulum-v4_29-09-2026_11-14-11,70,5.0
q2_b500_r0.05_InvertedPendulum-v4_29-09-2026_11-14-11,71,5.0
q2_b500_r0.05_InvertedPendulum-v4_29-09-2026_11-14-11,72,5.0
q2_b500_r0.05_InvertedPendulum-v4_29-09-2026_11-14-11,73,5.0
q2_b500_r0.05_InvertedPendulum-v4_29-09-2026_11-14-11,74,5.0
q2_b500_r0.05_InvertedPendulum-v4_29-09-2026_11-14-11,75,5.0
q2_b500_r0.05_InvertedPendulum-v4_29-09-2026_11-14-11,76,5.0
q2_b500_r0.05_InvertedPendulum-v4_29-09-2026_11-14-11,77,5.0
q2_b500_r0.05_InvertedPendulum-v4_29-09-2026_11-14-11,78,5.0
q2_b500_r0.05_InvertedPendulum-v4_29-09-2026_11-14-11,79,5.0
q2_b500_r0.05_InvertedPendulum-v4_29-09-2026_11-14-11,80,5.0
q2_b500_r0.05_InvertedPendulum-v4_29-09-2026_11-14-11,81,5.0
q2_b500_r0.05_InvertedPendulum-v4_29-09-2026_11-14-11,82,5.0
q2_b500_r0.05_InvertedPendulum-v4_29-09-2026_11-14-11,83,5.0
q2_b500_r0.05_InvertedPendulum-v4_29-09-2026_11-14-11,84,5.0
q2_b500_r0.05_InvertedPendulum-v4_29-09-2026_11-14-11,85,5.0
q2_b500_r0.05_InvertedPendulum-v4_29-09-2026_11-14-11,86,5.0
q2_b500_r0.05_InvertedPendulum-v4_29-09-2026_11-14-11,87,5.0
q2_b500_r0.05_InvertedPendulum-v4_29-09-2026_11-14-11,88,5.0
q2_b500_r0.05_InvertedPendulum-v4_29-09-2026_11-14-11,89,5.0
q2_b500_r0.05_InvertedPendulum-v4_29-09-2026_11-14-11,90,5.0
q2_b500_r0.05_InvertedPendulum-v4_29-09-2026_11-14-11,91,5.0
q2_b500_r0.05_InvertedPendulum-v4_29-09-2026_11-14-11,92,5.0
q2_b500_r0.05_InvertedPendulum-v4_29-09-2026_11-14-11,93,5.0
q2_b500_r0.05_InvertedPendulum-v4_29-09-2026_11-14-11,94,5.0
q2_b500_r0.05_InvertedPendulum-v4_29-09-2026_11-14-11,95,5.0
q2_b500_r0.05_InvertedPendulum-v4_29-09-2026_11-14-11,96,5.0
q2_b500_r0.05_InvertedPendulum-v4_29-09-2026_11-14-11,97,5.0
q2_b500_r0.05_InvertedPendulum-v4_29-09-2026_11-14-11,98,5.0
q2_b500_r0.05_InvertedPendulum-v4_29-09-2026_11-14-11,99,5.0
q2_b50_r0.01_InvertedPendulum-v4_29-09-2026_11-17-03,0,13.399999618530273
q2_b50_r0.01_InvertedPendulum-v4_29-09-2026_11-17-03,1,22.44444465637207
q2_b50_r0.01_InvertedPendulum-v4_29-09-2026_11-17-03,2,27.25
q2_b50_r0.01_InvertedPendulum-v4_29-09-2026_11-17-03,3,30.769229888916016
q2_b50_r0.01_InvertedPendulum-v4_29-09-2026_11-17-03,4,46.88888931274414
q2_b50_r0.01_InvertedPendulum-v4_29-09-2026_11-17-03,5,40.599998474121094
q2_b50_r0.01_InvertedPendulum-v4_29-09-2026_11-17-03,6,39.727272033691406
q2_b50_r0.01_InvertedPendulum-v4_29-09-2026_11-17-03,7,32.69230651855469
q2_b50_r0.01_InvertedPendulum-v4_29-09-2026_11-17-03,8,21.842105865478516
q2_b50_r0.01_InvertedPendulum-v4_29-09-2026_11-17-03,9,17.45833396911621
q2_b50_r0.01_InvertedPendulum-v4_29-09-2026_11-17-03,10,16.079999923706055
q2_b50_r0.01_InvertedPendulum-v4_29-09-2026_11-17-03,11,19.380952835083008
q2_b50_r0.01_InvertedPendulum-v4_29-09-2026_11-17-03,12,16.959999084472656
q2_b50_r0.01_InvertedPendulum-v4_29-09-2026_11-17-03,13,24.294116973876953
q2_b50_r0.01_InvertedPendulum-v4_29-09-2026_11-17-03,14,20.450000762939453
q2_b50_r0.01_InvertedPendulum-v4_29-09-2026_11-17-03,15,10.921052932739258
q2_b50_r0.01_InvertedPendulum-v4_29-09-2026_11-17-03,16,16.0
q2_b50_r0.01_InvertedPendulum-v4_29-09-2026_11-17-03,17,13.862069129943848
q2_b50_r0.01_InvertedPendulum-v4_29-09-2026_11-17-03,18,15.5
q2_b50_r0.01_InvertedPendulum-v4_29-09-2026_11-17-03,19,11.277777671813965
q2_b50_r0.01_InvertedPendulum-v4_29-09-2026_11-17-03,20,12.393939018249512
q2_b50_r0.01_InvertedPendulum-v4_29-09-2026_11-17-03,21,15.730769157409668
q2_b50_r0.01_InvertedPendulum-v4_29-09-2026_11-17-03,22,23.36842155456543
q2_b50_r0.01_InvertedPendulum-v4_29-09-2026_11-17-03,23,23.27777862548828
q2_b50_r0.01_InvertedPendulum-v4_29-09-2026_11-17-03,24,33.33333206176758
q2_b50_r0.01_InvertedPendulum-v4_29-09-2026_11-17-03,25,25.375
q2_b50_r0.01_InvertedPendulum-v4_29-09-2026_11-17-03,26,29.785715103149414
q2_b50_r0.01_InvertedPendulum-v4_29-09-2026_11-17-03,27,28.46666717529297
q2_b50_r0.01_InvertedPendulum-v4_29-09-2026_11-17-03,28,27.600000381469727
q2_b50_r0.01_InvertedPendulum-v4_29-09-2026_11-17-03,29,28.733333587646484
q2_b50_r0.01_InvertedPendulum-v4_29-09-2026_11-17-03,30,24.52941131591797
q2_b50_r0.01_InvertedPendulum-v4_29-09-2026_11-17-03,31,23.764705657958984
q2_b50_r0.01_InvertedPendulum-v4_29-09-2026_11-17-03,32,25.5
q2_b50_r0.01_InvertedPendulum-v4_29-09-2026_11-17-03,33,21.947368621826172
q2_b50_r0.01_InvertedPendulum-v4_29-09-2026_11-17-03,34,20.14285659790039
q2_b50_r0.01_InvertedPendulum-v4_29-09-2026_11-17-03,35,25.6875
q2_b50_r0.01_InvertedPendulum-v4_29-09-2026_11-17-03,36,21.421052932739258
q2_b50_r0.01_InvertedPendulum-v4_29-09-2026_11-17-03,37,22.0
q2_b50_r0.01_InvertedPendulum-v4_29-09-2026_11-17-03,38,20.350000381469727
q2_b50_r0.01_InvertedPendulum-v4_29-09-2026_11-17-03,39,14.517241477966309
q2_b50_r0.01_InvertedPendulum-v4_29-09-2026_11-17-03,40,19.619047164916992
q2_b50_r0.01_InvertedPendulum-v4_29-09-2026_11-17-03,41,15.615385055541992
q2_b50_r0.01_InvertedPendulum-v4_29-09-2026_11-17-03,42,15.807692527770996
q2_b50_r0.01_InvertedPendulum-v4_29-09-2026_11-17-03,43,20.049999237060547
q2_b50_r0.01_InvertedPendulum-v4_29-09-2026_11-17-03,44,21.210525512695312
q2_b50_r0.01_InvertedPendulum-v4_29-09-2026_11-17-03,45,22.27777862548828
q2_b50_r0.01_InvertedPendulum-v4_29-09-2026_11-17-03,46,21.6842098236084
q2_b50_r0.01_InvertedPendulum-v4_29-09-2026_11-17-03,47,23.22222137451172
q2_b50_r0.01_InvertedPendulum-v4_29-09-2026_11-17-03,48,24.352941513061523
q2_b50_r0.01_InvertedPendulum-v4_29-09-2026_11-17-03,49,23.16666603088379
q2_b50_r0.01_InvertedPendulum-v4_29-09-2026_11-17-03,50,26.66666603088379
q2_b50_r0.01_InvertedPendulum-v4_29-09-2026_11-17-03,51,21.105262756347656
q2_b50_r0.01_InvertedPendulum-v4_29-09-2026_11-17-03,52,23.647058486938477
q2_b50_r0.01_InvertedPendulum-v4_29-09-2026_11-17-03,53,25.25
q2_b50_r0.01_InvertedPendulum-v4_29-09-2026_11-17-03,54,23.58823585510254
q2_b50_r0.01_InvertedPendulum-v4_29-09-2026_11-17-03,55,23.647058486938477
q2_b50_r0.01_InvertedPendulum-v4_29-09-2026_11-17-03,56,18.81818199157715
q2_b50_r0.01_InvertedPendulum-v4_29-09-2026_11-17-03,57,22.55555534362793
q2_b50_r0.01_InvertedPendulum-v4_29-09-2026_11-17-03,58,21.63157844543457
q2_b50_r0.01_InvertedPendulum-v4_29-09-2026_11-17-03,59,23.38888931274414
q2_b50_r0.01_InvertedPendulum-v4_29-09-2026_11-17-03,60,20.350000381469727
q2_b50_r0.01_InvertedPendulum-v4_29-09-2026_11-17-03,61,20.899999618530273
q2_b50_r0.01_InvertedPendulum-v4_29-09-2026_11-17-03,62,23.33333396911621
q2_b50_r0.01_InvertedPendulum-v4_29-09-2026_11-17-03,63,19.66666603088379
q2_b50_r0.01_InvertedPendulum-v4_29-09-2026_11-17-03,64,21.473684310913086
q2_b50_r0.01_InvertedPendulum-v4_29-09-2026_11-17-03,65,20.399999618530273
q2_b50_r0.01_InvertedPendulum-v4_29-09-2026_11-17-03,66,22.77777862548828
q2_b50_r0.01_InvertedPendulum-v4_29-09-2026_11-17-03,67,19.190475463867188
q2_b50_r0.01_InvertedPendulum-v4_29-09-2026_11-17-03,68,16.239999771118164
q2_b50_r0.01_InvertedPendulum-v4_29-09-2026_11-17-03,69,19.272727966308594
q2_b50_r0.01_InvertedPendulum-v4_29-09-2026_11-17-03,70,15.423076629638672
q2_b50_r0.01_InvertedPendulum-v4_29-09-2026_11-17-03,71,21.052631378173828
q2_b50_r0.01_InvertedPendulum-v4_29-09-2026_11-17-03,72,20.0
q2_b50_r0.01_InvertedPendulum-v4_29-09-2026_11-17-03,73,23.705883026123047
q2_b50_r0.01_InvertedPendulum-v4_29-09-2026_11-17-03,74,22.44444465637207
q2_b50_r0.01_InvertedPendulum-v4_29-09-2026_11-17-03,75,24.41176414489746
q2_b50_r0.01_InvertedPendulum-v4_29-09-2026_11-17-03,76,26.1875
q2_b50_r0.01_InvertedPendulum-v4_29-09-2026_11-17-03,77,25.375
q2_b50_r0.01_InvertedPendulum-v4_29-09-2026_11-17-03,78,21.526315689086914
q2_b50_r0.01_InvertedPendulum-v4_29-09-2026_11-17-03,79,27.1875
q2_b50_r0.01_InvertedPendulum-v4_29-09-2026_11-17-03,80,22.22222137451172
q2_b50_r0.01_InvertedPendulum-v4_29-09-2026_11-17-03,81,22.105262756347656
q2_b50_r0.01_InvertedPendulum-v4_29-09-2026_11-17-03,82,24.352941513061523
q2_b50_r0.01_InvertedPendulum-v4_29-09-2026_11-17-03,83,18.863636016845703
q2_b50_r0.01_InvertedPendulum-v4_29-09-2026_11-17-03,84,16.040000915527344
q2_b50_r0.01_InvertedPendulum-v4_29-09-2026_11-17-03,85,14.892857551574707
q2_b50_r0.01_InvertedPendulum-v4_29-09-2026_11-17-03,86,16.079999923706055
q2_b50_r0.01_InvertedPendulum-v4_29-09-2026_11-17-03,87,18.772727966308594
q2_b50_r0.01_InvertedPendulum-v4_29-09-2026_11-17-03,88,20.299999237060547
q2_b50_r0.01_InvertedPendulum-v4_29-09-2026_11-17-03,89,22.72222137451172
q2_b50_r0.01_InvertedPendulum-v4_29-09-2026_11-17-03,90,21.149999618530273
q2_b50_r0.01_InvertedPendulum-v4_29-09-2026_11-17-03,91,28.266666412353516
q2_b50_r0.01_InvertedPendulum-v4_29-09-2026_11-17-03,92,21.210525512695312
q2_b50_r0.01_InvertedPendulum-v4_29-09-2026_11-17-03,93,18.086956024169922
q2_b50_r0.01_InvertedPendulum-v4_29-09-2026_11-17-03,94,17.565217971801758
q2_b50_r0.01_InvertedPendulum-v4_29-09-2026_11-17-03,95,13.699999809265137
q2_b50_r0.01_InvertedPendulum-v4_29-09-2026_11-17-03,96,16.239999771118164
q2_b50_r0.01_InvertedPendulum-v4_29-09-2026_11-17-03,97,13.387096405029297
q2_b50_r0.01_InvertedPendulum-v4_29-09-2026_11-17-03,98,10.35897445678711
q2_b50_r0.01_InvertedPendulum-v4_29-09-2026_11-17-03,99,9.022222518920898
q2_b50_r0.02_InvertedPendulum-v4_29-09-2026_11-16-14,0,10.736842155456543
q2_b50_r0.02_InvertedPendulum-v4_29-09-2026_11-16-14,1,25.625
q2_b50_r0.02_InvertedPendulum-v4_29-09-2026_11-16-14,2,18.863636016845703
q2_b50_r0.02_InvertedPendulum-v4_29-09-2026_11-16-14,3,10.384614944458008
q2_b50_r0.02_InvertedPendulum-v4_29-09-2026_11-16-14,4,7.051723957061768
q2_b50_r0.02_InvertedPendulum-v4_29-09-2026_11-16-14,5,8.333333015441895
q2_b50_r0.02_InvertedPendulum-v4_29-09-2026_11-16-14,6,11.628571510314941
q2_b50_r0.02_InvertedPendulum-v4_29-09-2026_11-16-14,7,20.600000381469727
q2_b50_r0.02_InvertedPendulum-v4_29-09-2026_11-16-14,8,43.70000076293945
q2_b50_r0.02_InvertedPendulum-v4_29-09-2026_11-16-14,9,42.20000076293945
q2_b50_r0.02_InvertedPendulum-v4_29-09-2026_11-16-14,10,47.44444274902344
q2_b50_r0.02_InvertedPendulum-v4_29-09-2026_11-16-14,11,35.66666793823242
q2_b50_r0.02_InvertedPendulum-v4_29-09-2026_11-16-14,12,52.5
q2_b50_r0.02_InvertedPendulum-v4_29-09-2026_11-16-14,13,35.58333206176758
q2_b50_r0.02_InvertedPendulum-v4_29-09-2026_11-16-14,14,31.200000762939453
q2_b50_r0.02_InvertedPendulum-v4_29-09-2026_11-16-14,15,21.894737243652344
q2_b50_r0.02_InvertedPendulum-v4_29-09-2026_11-16-14,16,28.571428298950195
q2_b50_r0.02_InvertedPendulum-v4_29-09-2026_11-16-14,17,33.33333206176758
q2_b50_r0.02_InvertedPendulum-v4_29-09-2026_11-16-14,18,32.78571319580078
q2_b50_r0.02_InvertedPendulum-v4_29-09-2026_11-16-14,19,33.69230651855469
q2_b50_r0.02_InvertedPendulum-v4_29-09-2026_11-16-14,20,34.41666793823242
q2_b50_r0.02_InvertedPendulum-v4_29-09-2026_11-16-14,21,37.6363639831543
q2_b50_r0.02_InvertedPendulum-v4_29-09-2026_11-16-14,22,33.53845977783203
q2_b50_r0.02_InvertedPendulum-v4_29-09-2026_11-16-14,23,33.33333206176758
q2_b50_r0.02_InvertedPendulum-v4_29-09-2026_11-16-14,24,45.599998474121094
q2_b50_r0.02_InvertedPendulum-v4_29-09-2026_11-16-14,25,31.846153259277344
q2_b50_r0.02_InvertedPendulum-v4_29-09-2026_11-16-14,26,37.41666793823242
q2_b50_r0.02_InvertedPendulum-v4_29-09-2026_11-16-14,27,51.125
q2_b50_r0.02_InvertedPendulum-v4_29-09-2026_11-16-14,28,58.14285659790039
q2_b50_r0.02_InvertedPendulum-v4_29-09-2026_11-16-14,29,80.4000015258789
q2_b50_r0.02_InvertedPendulum-v4_29-09-2026_11-16-14,30,67.71428680419922
q2_b50_r0.02_InvertedPendulum-v4_29-09-2026_11-16-14,31,73.0
q2_b50_r0.02_InvertedPendulum-v4_29-09-2026_11-16-14,32,37.3636360168457
q2_b50_r0.02_InvertedPendulum-v4_29-09-2026_11-16-14,33,43.099998474121094
q2_b50_r0.02_InvertedPendulum-v4_29-09-2026_11-16-14,34,36.727272033691406
q2_b50_r0.02_InvertedPendulum-v4_29-09-2026_11-16-14,35,46.44444274902344
q2_b50_r0.02_InvertedPendulum-v4_29-09-2026_11-16-14,36,40.70000076293945
q2_b50_r0.02_InvertedPendulum-v4_29-09-2026_11-16-14,37,46.0
q2_b50_r0.02_InvertedPendulum-v4_29-09-2026_11-16-14,38,32.92307662963867
q2_b50_r0.02_InvertedPendulum-v4_29-09-2026_11-16-14,39,26.0625
q2_b50_r0.02_InvertedPendulum-v4_29-09-2026_11-16-14,40,29.714284896850586
q2_b50_r0.02_InvertedPendulum-v4_29-09-2026_11-16-14,41,20.0
q2_b50_r0.02_InvertedPendulum-v4_29-09-2026_11-16-14,42,16.576923370361328
q2_b50_r0.02_InvertedPendulum-v4_29-09-2026_11-16-14,43,12.65625
q2_b50_r0.02_InvertedPendulum-v4_29-09-2026_11-16-14,44,15.769230842590332
q2_b50_r0.02_InvertedPendulum-v4_29-09-2026_11-16-14,45,16.520000457763672
q2_b50_r0.02_InvertedPendulum-v4_29-09-2026_11-16-14,46,13.566666603088379
q2_b50_r0.02_InvertedPendulum-v4_29-09-2026_11-16-14,47,15.423076629638672
q2_b50_r0.02_InvertedPendulum-v4_29-09-2026_11-16-14,48,14.964285850524902
q2_b50_r0.02_InvertedPendulum-v4_29-09-2026_11-16-14,49,14.103447914123535
q2_b50_r0.02_InvertedPendulum-v4_29-09-2026_11-16-14,50,11.911765098571777
q2_b50_r0.02_InvertedPendulum-v4_29-09-2026_11-16-14,51,13.333333015441895
q2_b50_r0.02_InvertedPendulum-v4_29-09-2026_11-16-14,52,11.600000381469727
q2_b50_r0.02_InvertedPendulum-v4_29-09-2026_11-16-14,53,10.684210777282715
q2_b50_r0.02_InvertedPendulum-v4_29-09-2026_11-16-14,54,8.375
q2_b50_r0.02_InvertedPendulum-v4_29-09-2026_11-16-14,55,8.595745086669922
q2_b50_r0.02_InvertedPendulum-v4_29-09-2026_11-16-14,56,9.55813980102539
q2_b50_r0.02_InvertedPendulum-v4_29-09-2026_11-16-14,57,14.392857551574707
q2_b50_r0.02_InvertedPendulum-v4_29-09-2026_11-16-14,58,11.882352828979492
q2_b50_r0.02_InvertedPendulum-v4_29-09-2026_11-16-14,59,17.375
q2_b50_r0.02_InvertedPendulum-v4_29-09-2026_11-16-14,60,21.049999237060547
q2_b50_r0.02_InvertedPendulum-v4_29-09-2026_11-16-14,61,26.733333587646484
q2_b50_r0.02_InvertedPendulum-v4_29-09-2026_11-16-14,62,22.83333396911621
q2_b50_r0.02_InvertedPendulum-v4_29-09-2026_11-16-14,63,23.16666603088379
q2_b50_r0.02_InvertedPendulum-v4_29-09-2026_11-16-14,64,23.882352828979492
q2_b50_r0.02_InvertedPendulum-v4_29-09-2026_11-16-14,65,25.5625
q2_b50_r0.02_InvertedPendulum-v4_29-09-2026_11-16-14,66,22.72222137451172
q2_b50_r0.02_InvertedPendulum-v4_29-09-2026_11-16-14,67,20.200000762939453
q2_b50_r0.02_InvertedPendulum-v4_29-09-2026_11-16-14,68,20.799999237060547
q2_b50_r0.02_InvertedPendulum-v4_29-09-2026_11-16-14,69,26.733333587646484
q2_b50_r0.02_InvertedPendulum-v4_29-09-2026_11-16-14,70,24.058822631835938
q2_b50_r0.02_InvertedPendulum-v4_29-09-2026_11-16-14,71,26.625
q2_b50_r0.02_InvertedPendulum-v4_29-09-2026_11-16-14,72,25.4375
q2_b50_r0.02_InvertedPendulum-v4_29-09-2026_11-16-14,73,21.3157901763916
q2_b50_r0.02_InvertedPendulum-v4_29-09-2026_11-16-14,74,25.3125
q2_b50_r0.02_InvertedPendulum-v4_29-09-2026_11-16-14,75,23.647058486938477
q2_b50_r0.02_InvertedPendulum-v4_29-09-2026_11-16-14,76,22.38888931274414
q2_b50_r0.02_InvertedPendulum-v4_29-09-2026_11-16-14,77,23.705883026123047
q2_b50_r0.02_InvertedPendulum-v4_29-09-2026_11-16-14,78,25.058822631835938
q2_b50_r0.02_InvertedPendulum-v4_29-09-2026_11-16-14,79,18.217391967773438
q2_b50_r0.02_InvertedPendulum-v4_29-09-2026_11-16-14,80,14.103447914123535
q2_b50_r0.02_InvertedPendulum-v4_29-09-2026_11-16-14,81,13.733333587646484
q2_b50_r0.02_InvertedPendulum-v4_29-09-2026_11-16-14,82,16.239999771118164
q2_b50_r0.02_InvertedPendulum-v4_29-09-2026_11-16-14,83,18.81818199157715
q2_b50_r0.02_InvertedPendulum-v4_29-09-2026_11-16-14,84,18.772727966308594
q2_b50_r0.02_InvertedPendulum-v4_29-09-2026_11-16-14,85,21.526315689086914
q2_b50_r0.02_InvertedPendulum-v4_29-09-2026_11-16-14,86,18.68181800842285
q2_b50_r0.02_InvertedPendulum-v4_29-09-2026_11-16-14,87,17.20833396911621
q2_b50_r0.02_InvertedPendulum-v4_29-09-2026_11-16-14,88,19.809524536132812
q2_b50_r0.02_InvertedPendulum-v4_29-09-2026_11-16-14,89,16.639999389648438
q2_b50_r0.02_InvertedPendulum-v4_29-09-2026_11-16-14,90,17.826086044311523
q2_b50_r0.02_InvertedPendulum-v4_29-09-2026_11-16-14,91,18.31818199157715
q2_b50_r0.02_InvertedPendulum-v4_29-09-2026_11-16-14,92,19.85714340209961
q2_b50_r0.02_InvertedPendulum-v4_29-09-2026_11-16-14,93,19.238094329833984
q2_b50_r0.02_InvertedPendulum-v4_29-09-2026_11-16-14,94,19.047618865966797
q2_b50_r0.02_InvertedPendulum-v4_29-09-2026_11-16-14,95,20.047618865966797
q2_b50_r0.02_InvertedPendulum-v4_29-09-2026_11-16-14,96,19.714284896850586
q2_b50_r0.02_InvertedPendulum-v4_29-09-2026_11-16-14,97,20.450000762939453
q2_b50_r0.02_InvertedPendulum-v4_29-09-2026_11-16-14,98,18.954545974731445
q2_b50_r0.02_InvertedPendulum-v4_29-09-2026_11-16-14,99,20.549999237060547
q2_b50_r0.03_InvertedPendulum-v4_29-09-2026_11-16-12,0,9.571428298950195
q2_b50_r0.03_InvertedPendulum-v4_29-09-2026_11-16-12,1,34.91666793823242
q2_b50_r0.03_InvertedPendulum-v4_29-09-2026_11-16-12,2,12.484848022460938
q2_b50_r0.03_InvertedPendulum-v4_29-09-2026_11-16-12,3,17.39130401611328
q2_b50_r0.03_InvertedPendulum-v4_29-09-2026_11-16-12,4,41.0
q2_b50_r0.03_InvertedPendulum-v4_29-09-2026_11-16-12,5,24.058822631835938
q2_b50_r0.03_InvertedPendulum-v4_29-09-2026_11-16-12,6,12.617647171020508
q2_b50_r0.03_InvertedPendulum-v4_29-09-2026_11-16-12,7,8.26530647277832
q2_b50_r0.03_InvertedPendulum-v4_29-09-2026_11-16-12,8,6.639344215393066
q2_b50_r0.03_InvertedPendulum-v4_29-09-2026_11-16-12,9,7.160714149475098
q2_b50_r0.03_InvertedPendulum-v4_29-09-2026_11-16-12,10,12.6875
q2_b50_r0.03_InvertedPendulum-v4_29-09-2026_11-16-12,11,37.83333206176758
q2_b50_r0.03_InvertedPendulum-v4_29-09-2026_11-16-12,12,59.14285659790039
q2_b50_r0.03_InvertedPendulum-v4_29-09-2026_11-16-12,13,56.375
q2_b50_r0.03_InvertedPendulum-v4_29-09-2026_11-16-12,14,68.5
q2_b50_r0.03_InvertedPendulum-v4_29-09-2026_11-16-12,15,46.44444274902344
q2_b50_r0.03_InvertedPendulum-v4_29-09-2026_11-16-12,16,34.0
q2_b50_r0.03_InvertedPendulum-v4_29-09-2026_11-16-12,17,45.599998474121094
q2_b50_r0.03_InvertedPendulum-v4_29-09-2026_11-16-12,18,60.57143020629883
q2_b50_r0.03_InvertedPendulum-v4_29-09-2026_11-16-12,19,63.85714340209961
q2_b50_r0.03_InvertedPendulum-v4_29-09-2026_11-16-12,20,77.16666412353516
q2_b50_r0.03_InvertedPendulum-v4_29-09-2026_11-16-12,21,98.0
q2_b50_r0.03_InvertedPendulum-v4_29-09-2026_11-16-12,22,107.25
q2_b50_r0.03_InvertedPendulum-v4_29-09-2026_11-16-12,23,117.25
q2_b50_r0.03_InvertedPendulum-v4_29-09-2026_11-16-12,24,218.0
q2_b50_r0.03_InvertedPendulum-v4_29-09-2026_11-16-12,25,107.19999694824219
q2_b50_r0.03_InvertedPendulum-v4_29-09-2026_11-16-12,26,44.099998474121094
q2_b50_r0.03_InvertedPendulum-v4_29-09-2026_11-16-12,27,40.099998474121094
q2_b50_r0.03_InvertedPendulum-v4_29-09-2026_11-16-12,28,67.71428680419922
q2_b50_r0.03_InvertedPendulum-v4_29-09-2026_11-16-12,29,71.14286041259766
q2_b50_r0.03_InvertedPendulum-v4_29-09-2026_11-16-12,30,161.3333282470703
q2_b50_r0.03_InvertedPendulum-v4_29-09-2026_11-16-12,31,294.0
q2_b50_r0.03_InvertedPendulum-v4_29-09-2026_11-16-12,32,345.0
q2_b50_r0.03_InvertedPendulum-v4_29-09-2026_11-16-12,33,436.0
q2_b50_r0.03_InvertedPendulum-v4_29-09-2026_11-16-12,34,161.0
q2_b50_r0.03_InvertedPendulum-v4_29-09-2026_11-16-12,35,142.0
q2_b50_r0.03_InvertedPendulum-v4_29-09-2026_11-16-12,36,156.6666717529297
q2_b50_r0.03_InvertedPendulum-v4_29-09-2026_11-16-12,37,162.3333282470703
q2_b50_r0.03_InvertedPendulum-v4_29-09-2026_11-16-12,38,175.0
q2_b50_r0.03_InvertedPendulum-v4_29-09-2026_11-16-12,39,222.3333282470703
q2_b50_r0.03_InvertedPendulum-v4_29-09-2026_11-16-12,40,84.0
q2_b50_r0.03_InvertedPendulum-v4_29-09-2026_11-16-12,41,52.375
q2_b50_r0.03_InvertedPendulum-v4_29-09-2026_11-16-12,42,42.099998474121094
q2_b50_r0.03_InvertedPendulum-v4_29-09-2026_11-16-12,43,35.08333206176758
q2_b50_r0.03_InvertedPendulum-v4_29-09-2026_11-16-12,44,33.33333206176758
q2_b50_r0.03_InvertedPendulum-v4_29-09-2026_11-16-12,45,34.33333206176758
q2_b50_r0.03_InvertedPendulum-v4_29-09-2026_11-16-12,46,30.923076629638672
q2_b50_r0.03_InvertedPendulum-v4_29-09-2026_11-16-12,47,37.58333206176758
q2_b50_r0.03_InvertedPendulum-v4_29-09-2026_11-16-12,48,22.052631378173828
q2_b50_r0.03_InvertedPendulum-v4_29-09-2026_11-16-12,49,22.421052932739258
q2_b50_r0.03_InvertedPendulum-v4_29-09-2026_11-16-12,50,25.647058486938477
q2_b50_r0.03_InvertedPendulum-v4_29-09-2026_11-16-12,51,45.77777862548828
q2_b50_r0.03_InvertedPendulum-v4_29-09-2026_11-16-12,52,65.14286041259766
q2_b50_r0.03_InvertedPendulum-v4_29-09-2026_11-16-12,53,1000.0
q2_b50_r0.03_InvertedPendulum-v4_29-09-2026_11-16-12,54,701.0
q2_b50_r0.03_InvertedPendulum-v4_29-09-2026_11-16-12,55,242.5
q2_b50_r0.03_InvertedPendulum-v4_29-09-2026_11-16-12,56,923.0
q2_b50_r0.03_InvertedPendulum-v4_29-09-2026_11-16-12,57,410.0
q2_b50_r0.03_InvertedPendulum-v4_29-09-2026_11-16-12,58,143.0
q2_b50_r0.03_InvertedPendulum-v4_29-09-2026_11-16-12,59,108.5
q2_b50_r0.03_InvertedPendulum-v4_29-09-2026_11-16-12,60,150.5
q2_b50_r0.03_InvertedPendulum-v4_29-09-2026_11-16-12,61,59.75
q2_b50_r0.03_InvertedPendulum-v4_29-09-2026_11-16-12,62,49.88888931274414
q2_b50_r0.03_InvertedPendulum-v4_29-09-2026_11-16-12,63,51.0
q2_b50_r0.03_InvertedPendulum-v4_29-09-2026_11-16-12,64,108.0
q2_b50_r0.03_InvertedPendulum-v4_29-09-2026_11-16-12,65,46.11111068725586
q2_b50_r0.03_InvertedPendulum-v4_29-09-2026_11-16-12,66,50.125
q2_b50_r0.03_InvertedPendulum-v4_29-09-2026_11-16-12,67,48.66666793823242
q2_b50_r0.03_InvertedPendulum-v4_29-09-2026_11-16-12,68,60.0
q2_b50_r0.03_InvertedPendulum-v4_29-09-2026_11-16-12,69,69.66666412353516
q2_b50_r0.03_InvertedPendulum-v4_29-09-2026_11-16-12,70,100.5999984741211
q2_b50_r0.03_InvertedPendulum-v4_29-09-2026_11-16-12,71,217.5
q2_b50_r0.03_InvertedPendulum-v4_29-09-2026_11-16-12,72,1000.0
q2_b50_r0.03_InvertedPendulum-v4_29-09-2026_11-16-12,73,1000.0
q2_b50_r0.03_InvertedPendulum-v4_29-09-2026_11-16-12,74,1000.0
q2_b50_r0.03_InvertedPendulum-v4_29-09-2026_11-16-12,75,1000.0
q2_b50_r0.03_InvertedPendulum-v4_29-09-2026_11-16-12,76,1000.0
q2_b50_r0.03_InvertedPendulum-v4_29-09-2026_11-16-12,77,1000.0
q2_b50_r0.03_InvertedPendulum-v4_29-09-2026_11-16-12,78,1000.0
q2_b50_r0.03_InvertedPendulum-v4_29-09-2026_11-16-12,79,1000.0
q2_b50_r0.03_InvertedPendulum-v4_29-09-2026_11-16-12,80,654.5
q2_b50_r0.03_InvertedPendulum-v4_29-09-2026_11-16-12,81,1000.0
q2_b50_r0.03_InvertedPendulum-v4_29-09-2026_11-16-12,82,1000.0
q2_b50_r0.03_InvertedPendulum-v4_29-09-2026_11-16-12,83,1000.0
q2_b50_r0.03_InvertedPendulum-v4_29-09-2026_11-16-12,84,1000.0
q2_b50_r0.03_InvertedPendulum-v4_29-09-2026_11-16-12,85,1000.0
q2_b50_r0.03_InvertedPendulum-v4_29-09-2026_11-16-12,86,1000.0
q2_b50_r0.03_InvertedPendulum-v4_29-09-2026_11-16-12,87,1000.0
q2_b50_r0.03_InvertedPendulum-v4_29-09-2026_11-16-12,88,1000.0
q2_b50_r0.03_InvertedPendulum-v4_29-09-2026_11-16-12,89,1000.0
q2_b50_r0.03_InvertedPendulum-v4_29-09-2026_11-16-12,90,1000.0
q2_b50_r0.03_InvertedPendulum-v4_29-09-2026_11-16-12,91,723.0
q2_b50_r0.03_InvertedPendulum-v4_29-09-2026_11-16-12,92,1000.0
q2_b50_r0.03_InvertedPendulum-v4_29-09-2026_11-16-12,93,426.0
q2_b50_r0.03_InvertedPendulum-v4_29-09-2026_11-16-12,94,549.0
q2_b50_r0.03_InvertedPendulum-v4_29-09-2026_11-16-12,95,229.0
q2_b50_r0.03_InvertedPendulum-v4_29-09-2026_11-16-12,96,102.5
q2_b50_r0.03_InvertedPendulum-v4_29-09-2026_11-16-12,97,110.0
q2_b50_r0.03_InvertedPendulum-v4_29-09-2026_11-16-12,98,201.0
q2_b50_r0.03_InvertedPendulum-v4_29-09-2026_11-16-12,99,106.0
q2_b50_r0.04_InvertedPendulum-v4_29-09-2026_11-17-03,0,8.702127456665039
q2_b50_r0.04_InvertedPendulum-v4_29-09-2026_11-17-03,1,19.380952835083008
q2_b50_r0.04_InvertedPendulum-v4_29-09-2026_11-17-03,2,22.83333396911621
q2_b50_r0.04_InvertedPendulum-v4_29-09-2026_11-17-03,3,25.125
q2_b50_r0.04_InvertedPendulum-v4_29-09-2026_11-17-03,4,24.0
q2_b50_r0.04_InvertedPendulum-v4_29-09-2026_11-17-03,5,16.79166603088379
q2_b50_r0.04_InvertedPendulum-v4_29-09-2026_11-17-03,6,33.230770111083984
q2_b50_r0.04_InvertedPendulum-v4_29-09-2026_11-17-03,7,33.58333206176758
q2_b50_r0.04_InvertedPendulum-v4_29-09-2026_11-17-03,8,31.69230842590332
q2_b50_r0.04_InvertedPendulum-v4_29-09-2026_11-17-03,9,29.14285659790039
q2_b50_r0.04_InvertedPendulum-v4_29-09-2026_11-17-03,10,12.90625
q2_b50_r0.04_InvertedPendulum-v4_29-09-2026_11-17-03,11,7.462963104248047
q2_b50_r0.04_InvertedPendulum-v4_29-09-2026_11-17-03,12,9.595237731933594
q2_b50_r0.04_InvertedPendulum-v4_29-09-2026_11-17-03,13,15.285714149475098
q2_b50_r0.04_InvertedPendulum-v4_29-09-2026_11-17-03,14,46.77777862548828
q2_b50_r0.04_InvertedPendulum-v4_29-09-2026_11-17-03,15,37.818180084228516
q2_b50_r0.04_InvertedPendulum-v4_29-09-2026_11-17-03,16,37.818180084228516
q2_b50_r0.04_InvertedPendulum-v4_29-09-2026_11-17-03,17,27.933332443237305
q2_b50_r0.04_InvertedPendulum-v4_29-09-2026_11-17-03,18,29.5
q2_b50_r0.04_InvertedPendulum-v4_29-09-2026_11-17-03,19,40.0
q2_b50_r0.04_InvertedPendulum-v4_29-09-2026_11-17-03,20,45.79999923706055
q2_b50_r0.04_InvertedPendulum-v4_29-09-2026_11-17-03,21,42.5
q2_b50_r0.04_InvertedPendulum-v4_29-09-2026_11-17-03,22,22.94444465637207
q2_b50_r0.04_InvertedPendulum-v4_29-09-2026_11-17-03,23,28.85714340209961
q2_b50_r0.04_InvertedPendulum-v4_29-09-2026_11-17-03,24,13.896552085876465
q2_b50_r0.04_InvertedPendulum-v4_29-09-2026_11-17-03,25,22.263158798217773
q2_b50_r0.04_InvertedPendulum-v4_29-09-2026_11-17-03,26,18.909090042114258
q2_b50_r0.04_InvertedPendulum-v4_29-09-2026_11-17-03,27,17.125
q2_b50_r0.04_InvertedPendulum-v4_29-09-2026_11-17-03,28,29.0
q2_b50_r0.04_InvertedPendulum-v4_29-09-2026_11-17-03,29,24.55555534362793
q2_b50_r0.04_InvertedPendulum-v4_29-09-2026_11-17-03,30,46.88888931274414
q2_b50_r0.04_InvertedPendulum-v4_29-09-2026_11-17-03,31,50.375
q2_b50_r0.04_InvertedPendulum-v4_29-09-2026_11-17-03,32,71.0
q2_b50_r0.04_InvertedPendulum-v4_29-09-2026_11-17-03,33,47.77777862548828
q2_b50_r0.04_InvertedPendulum-v4_29-09-2026_11-17-03,34,36.818180084228516
q2_b50_r0.04_InvertedPendulum-v4_29-09-2026_11-17-03,35,37.818180084228516
q2_b50_r0.04_InvertedPendulum-v4_29-09-2026_11-17-03,36,28.33333396911621
q2_b50_r0.04_InvertedPendulum-v4_29-09-2026_11-17-03,37,26.66666603088379
q2_b50_r0.04_InvertedPendulum-v4_29-09-2026_11-17-03,38,32.0
q2_b50_r0.04_InvertedPendulum-v4_29-09-2026_11-17-03,39,33.0
q2_b50_r0.04_InvertedPendulum-v4_29-09-2026_11-17-03,40,32.30769348144531
q2_b50_r0.04_InvertedPendulum-v4_29-09-2026_11-17-03,41,24.882352828979492
q2_b50_r0.04_InvertedPendulum-v4_29-09-2026_11-17-03,42,21.421052932739258
q2_b50_r0.04_InvertedPendulum-v4_29-09-2026_11-17-03,43,21.157894134521484
q2_b50_r0.04_InvertedPendulum-v4_29-09-2026_11-17-03,44,25.8125
q2_b50_r0.04_InvertedPendulum-v4_29-09-2026_11-17-03,45,22.94444465637207
q2_b50_r0.04_InvertedPendulum-v4_29-09-2026_11-17-03,46,21.3157901763916
q2_b50_r0.04_InvertedPendulum-v4_29-09-2026_11-17-03,47,23.11111068725586
q2_b50_r0.04_InvertedPendulum-v4_29-09-2026_11-17-03,48,24.823530197143555
q2_b50_r0.04_InvertedPendulum-v4_29-09-2026_11-17-03,49,35.41666793823242
q2_b50_r0.04_InvertedPendulum-v4_29-09-2026_11-17-03,50,37.272727966308594
q2_b50_r0.04_InvertedPendulum-v4_29-09-2026_11-17-03,51,40.20000076293945
q2_b50_r0.04_InvertedPendulum-v4_29-09-2026_11-17-03,52,53.375
q2_b50_r0.04_InvertedPendulum-v4_29-09-2026_11-17-03,53,46.11111068725586
q2_b50_r0.04_InvertedPendulum-v4_29-09-2026_11-17-03,54,51.875
q2_b50_r0.04_InvertedPendulum-v4_29-09-2026_11-17-03,55,56.75
q2_b50_r0.04_InvertedPendulum-v4_29-09-2026_11-17-03,56,36.45454406738281
q2_b50_r0.04_InvertedPendulum-v4_29-09-2026_11-17-03,57,36.54545593261719
q2_b50_r0.04_InvertedPendulum-v4_29-09-2026_11-17-03,58,36.727272033691406
q2_b50_r0.04_InvertedPendulum-v4_29-09-2026_11-17-03,59,36.90909194946289
q2_b50_r0.04_InvertedPendulum-v4_29-09-2026_11-17-03,60,37.181819915771484
q2_b50_r0.04_InvertedPendulum-v4_29-09-2026_11-17-03,61,27.600000381469727
q2_b50_r0.04_InvertedPendulum-v4_29-09-2026_11-17-03,62,28.125
q2_b50_r0.04_InvertedPendulum-v4_29-09-2026_11-17-03,63,18.909090042114258
q2_b50_r0.04_InvertedPendulum-v4_29-09-2026_11-17-03,64,23.05555534362793
q2_b50_r0.04_InvertedPendulum-v4_29-09-2026_11-17-03,65,22.66666603088379
q2_b50_r0.04_InvertedPendulum-v4_29-09-2026_11-17-03,66,24.0
q2_b50_r0.04_InvertedPendulum-v4_29-09-2026_11-17-03,67,22.0
q2_b50_r0.04_InvertedPendulum-v4_29-09-2026_11-17-03,68,19.045454025268555
q2_b50_r0.04_InvertedPendulum-v4_29-09-2026_11-17-03,69,14.785714149475098
q2_b50_r0.04_InvertedPendulum-v4_29-09-2026_11-17-03,70,11.657142639160156
q2_b50_r0.04_InvertedPendulum-v4_29-09-2026_11-17-03,71,5.063291072845459
q2_b50_r0.04_InvertedPendulum-v4_29-09-2026_11-17-03,72,5.0
q2_b50_r0.04_InvertedPendulum-v4_29-09-2026_11-17-03,73,5.0
q2_b50_r0.04_InvertedPendulum-v4_29-09-2026_11-17-03,74,5.0
q2_b50_r0.04_InvertedPendulum-v4_29-09-2026_11-17-03,75,5.0
q2_b50_r0.04_InvertedPendulum-v4_29-09-2026_11-17-03,76,5.0
q2_b50_r0.04_InvertedPendulum-v4_29-09-2026_11-17-03,77,5.0
q2_b50_r0.04_InvertedPendulum-v4_29-09-2026_11-17-03,78,5.0
q2_b50_r0.04_InvertedPendulum-v4_29-09-2026_11-17-03,79,5.0
q2_b50_r0.04_InvertedPendulum-v4_29-09-2026_11-17-03,80,5.0
q2_b50_r0.04_InvertedPendulum-v4_29-09-2026_11-17-03,81,5.0
q2_b50_r0.04_InvertedPendulum-v4_29-09-2026_11-17-03,82,5.0
q2_b50_r0.04_InvertedPendulum-v4_29-09-2026_11-17-03,83,5.0
q2_b50_r0.04_InvertedPendulum-v4_29-09-2026_11-17-03,84,5.0
q2_b50_r0.04_InvertedPendulum-v4_29-09-2026_11-17-03,85,5.0
q2_b50_r0.04_InvertedPendulum-v4_29-09-2026_11-17-03,86,5.0
q2_b50_r0.04_InvertedPendulum-v4_29-09-2026_11-17-03,87,5.0
q2_b50_r0.04_InvertedPendulum-v4_29-09-2026_11-17-03,88,5.0
q2_b50_r0.04_InvertedPendulum-v4_29-09-2026_11-17-03,89,5.0
q2_b50_r0.04_InvertedPendulum-v4_29-09-2026_11-17-03,90,5.0
q2_b50_r0.04_InvertedPendulum-v4_29-09-2026_11-17-03,91,5.0
q2_b50_r0.04_InvertedPendulum-v4_29-09-2026_11-17-03,92,5.0
q2_b50_r0.04_InvertedPendulum-v4_29-09-2026_11-17-03,93,5.0
q2_b50_r0.04_InvertedPendulum-v4_29-09-2026_11-17-03,94,5.0
q2_b50_r0.04_InvertedPendulum-v4_29-09-2026_11-17-03,95,5.0
q2_b50_r0.04_InvertedPendulum-v4_29-09-2026_11-17-03,96,5.0
q2_b50_r0.04_InvertedPendulum-v4_29-09-2026_11-17-03,97,5.0
q2_b50_r0.04_InvertedPendulum-v4_29-09-2026_11-17-03,98,5.0
q2_b50_r0.04_InvertedPendulum-v4_29-09-2026_11-17-03,99,5.0
q2_b50_r0.05_InvertedPendulum-v4_29-09-2026_11-17-05,0,8.5
q2_b50_r0.05_InvertedPendulum-v4_29-09-2026_11-17-05,1,14.821428298950195
q2_b50_r0.05_InvertedPendulum-v4_29-09-2026_11-17-05,2,9.613636016845703
q2_b50_r0.05_InvertedPendulum-v4_29-09-2026_11-17-05,3,8.717391014099121
q2_b50_r0.05_InvertedPendulum-v4_29-09-2026_11-17-05,4,12.71875
q2_b50_r0.05_InvertedPendulum-v4_29-09-2026_11-17-05,5,20.350000381469727
q2_b50_r0.05_InvertedPendulum-v4_29-09-2026_11-17-05,6,13.0
q2_b50_r0.05_InvertedPendulum-v4_29-09-2026_11-17-05,7,28.399999618530273
q2_b50_r0.05_InvertedPendulum-v4_29-09-2026_11-17-05,8,40.900001525878906
q2_b50_r0.05_InvertedPendulum-v4_29-09-2026_11-17-05,9,29.571428298950195
q2_b50_r0.05_InvertedPendulum-v4_29-09-2026_11-17-05,10,63.28571319580078
q2_b50_r0.05_InvertedPendulum-v4_29-09-2026_11-17-05,11,66.83333587646484
q2_b50_r0.05_InvertedPendulum-v4_29-09-2026_11-17-05,12,51.375
q2_b50_r0.05_InvertedPendulum-v4_29-09-2026_11-17-05,13,17.565217971801758
q2_b50_r0.05_InvertedPendulum-v4_29-09-2026_11-17-05,14,12.53125
q2_b50_r0.05_InvertedPendulum-v4_29-09-2026_11-17-05,15,29.714284896850586
q2_b50_r0.05_InvertedPendulum-v4_29-09-2026_11-17-05,16,132.0
q2_b50_r0.05_InvertedPendulum-v4_29-09-2026_11-17-05,17,80.33333587646484
q2_b50_r0.05_InvertedPendulum-v4_29-09-2026_11-17-05,18,66.0
q2_b50_r0.05_InvertedPendulum-v4_29-09-2026_11-17-05,19,58.25
q2_b50_r0.05_InvertedPendulum-v4_29-09-2026_11-17-05,20,50.125
q2_b50_r0.05_InvertedPendulum-v4_29-09-2026_11-17-05,21,67.16666412353516
q2_b50_r0.05_InvertedPendulum-v4_29-09-2026_11-17-05,22,3.225806474685669
q2_b50_r0.05_InvertedPendulum-v4_29-09-2026_11-17-05,23,3.007518768310547
q2_b50_r0.05_InvertedPendulum-v4_29-09-2026_11-17-05,24,3.140625
q2_b50_r0.05_InvertedPendulum-v4_29-09-2026_11-17-05,25,3.4957265853881836
q2_b50_r0.05_InvertedPendulum-v4_29-09-2026_11-17-05,26,16.84000015258789
q2_b50_r0.05_InvertedPendulum-v4_29-09-2026_11-17-05,27,26.625
q2_b50_r0.05_InvertedPendulum-v4_29-09-2026_11-17-05,28,16.75
q2_b50_r0.05_InvertedPendulum-v4_29-09-2026_11-17-05,29,6.896551609039307
q2_b50_r0.05_InvertedPendulum-v4_29-09-2026_11-17-05,30,8.100000381469727
q2_b50_r0.05_InvertedPendulum-v4_29-09-2026_11-17-05,31,8.395833015441895
q2_b50_r0.05_InvertedPendulum-v4_29-09-2026_11-17-05,32,14.034482955932617
q2_b50_r0.05_InvertedPendulum-v4_29-09-2026_11-17-05,33,19.66666603088379
q2_b50_r0.05_InvertedPendulum-v4_29-09-2026_11-17-05,34,26.66666603088379
q2_b50_r0.05_InvertedPendulum-v4_29-09-2026_11-17-05,35,31.384614944458008
q2_b50_r0.05_InvertedPendulum-v4_29-09-2026_11-17-05,36,28.0625
q2_b50_r0.05_InvertedPendulum-v4_29-09-2026_11-17-05,37,20.600000381469727
q2_b50_r0.05_InvertedPendulum-v4_29-09-2026_11-17-05,38,25.647058486938477
q2_b50_r0.05_InvertedPendulum-v4_29-09-2026_11-17-05,39,20.600000381469727
q2_b50_r0.05_InvertedPendulum-v4_29-09-2026_11-17-05,40,25.36842155456543
q2_b50_r0.05_InvertedPendulum-v4_29-09-2026_11-17-05,41,17.0
q2_b50_r0.05_InvertedPendulum-v4_29-09-2026_11-17-05,42,25.5
q2_b50_r0.05_InvertedPendulum-v4_29-09-2026_11-17-05,43,29.214284896850586
q2_b50_r0.05_InvertedPendulum-v4_29-09-2026_11-17-05,44,27.799999237060547
q2_b50_r0.05_InvertedPendulum-v4_29-09-2026_11-17-05,45,36.33333206176758
q2_b50_r0.05_InvertedPendulum-v4_29-09-2026_11-17-05,46,44.900001525878906
q2_b50_r0.05_InvertedPendulum-v4_29-09-2026_11-17-05,47,7.921568393707275
q2_b50_r0.05_InvertedPendulum-v4_29-09-2026_11-17-05,48,4.455555438995361
q2_b50_r0.05_InvertedPendulum-v4_29-09-2026_11-17-05,49,8.416666984558105
q2_b50_r0.05_InvertedPendulum-v4_29-09-2026_11-17-05,50,10.199999809265137
q2_b50_r0.05_InvertedPendulum-v4_29-09-2026_11-17-05,51,53.0
q2_b50_r0.05_InvertedPendulum-v4_29-09-2026_11-17-05,52,40.29999923706055
q2_b50_r0.05_InvertedPendulum-v4_29-09-2026_11-17-05,53,41.79999923706055
q2_b50_r0.05_InvertedPendulum-v4_29-09-2026_11-17-05,54,24.41176414489746
q2_b50_r0.05_InvertedPendulum-v4_29-09-2026_11-17-05,55,16.200000762939453
q2_b50_r0.05_InvertedPendulum-v4_29-09-2026_11-17-05,56,16.0
q2_b50_r0.05_InvertedPendulum-v4_29-09-2026_11-17-05,57,16.040000915527344
q2_b50_r0.05_InvertedPendulum-v4_29-09-2026_11-17-05,58,19.047618865966797
q2_b50_r0.05_InvertedPendulum-v4_29-09-2026_11-17-05,59,27.875
q2_b50_r0.05_InvertedPendulum-v4_29-09-2026_11-17-05,60,24.47058868408203
q2_b50_r0.05_InvertedPendulum-v4_29-09-2026_11-17-05,61,23.647058486938477
q2_b50_r0.05_InvertedPendulum-v4_29-09-2026_11-17-05,62,32.93333435058594
q2_b50_r0.05_InvertedPendulum-v4_29-09-2026_11-17-05,63,20.899999618530273
q2_b50_r0.05_InvertedPendulum-v4_29-09-2026_11-17-05,64,23.22222137451172
q2_b50_r0.05_InvertedPendulum-v4_29-09-2026_11-17-05,65,22.421052932739258
q2_b50_r0.05_InvertedPendulum-v4_29-09-2026_11-17-05,66,20.549999237060547
q2_b50_r0.05_InvertedPendulum-v4_29-09-2026_11-17-05,67,19.761905670166016
q2_b50_r0.05_InvertedPendulum-v4_29-09-2026_11-17-05,68,13.193548202514648
q2_b50_r0.05_InvertedPendulum-v4_29-09-2026_11-17-05,69,17.29166603088379
q2_b50_r0.05_InvertedPendulum-v4_29-09-2026_11-17-05,70,17.69565200805664
q2_b50_r0.05_InvertedPendulum-v4_29-09-2026_11-17-05,71,15.148148536682129
q2_b50_r0.05_InvertedPendulum-v4_29-09-2026_11-17-05,72,24.176469802856445
q2_b50_r0.05_InvertedPendulum-v4_29-09-2026_11-17-05,73,21.25
q2_b50_r0.05_InvertedPendulum-v4_29-09-2026_11-17-05,74,20.049999237060547
q2_b50_r0.05_InvertedPendulum-v4_29-09-2026_11-17-05,75,14.5
q2_b50_r0.05_InvertedPendulum-v4_29-09-2026_11-17-05,76,10.736842155456543
q2_b50_r0.05_InvertedPendulum-v4_29-09-2026_11-17-05,77,8.717391014099121
q2_b50_r0.05_InvertedPendulum-v4_29-09-2026_11-17-05,78,8.183673858642578
q2_b50_r0.05_InvertedPendulum-v4_29-09-2026_11-17-05,79,3.0
q2_b50_r0.05_InvertedPendulum-v4_29-09-2026_11-17-05,80,3.0
q2_b50_r0.05_InvertedPendulum-v4_29-09-2026_11-17-05,81,3.0
q2_b50_r0.05_InvertedPendulum-v4_29-09-2026_11-17-05,82,3.0
q2_b50_r0.05_InvertedPendulum-v4_29-09-2026_11-17-05,83,3.0
q2_b50_r0.05_InvertedPendulum-v4_29-09-2026_11-17-05,84,3.0
q2_b50_r0.05_InvertedPendulum-v4_29-09-2026_11-17-05,85,3.0
q2_b50_r0.05_InvertedPendulum-v4_29-09-2026_11-17-05,86,3.0
q2_b50_r0.05_InvertedPendulum-v4_29-09-2026_11-17-05,87,3.0
q2_b50_r0.05_InvertedPendulum-v4_29-09-2026_11-17-05,88,3.0
q2_b50_r0.05_InvertedPendulum-v4_29-09-2026_11-17-05,89,3.0
q2_b50_r0.05_InvertedPendulum-v4_29-09-2026_11-17-05,90,3.0534350872039795
q2_b50_r0.05_InvertedPendulum-v4_29-09-2026_11-17-05,91,4.568181991577148
q2_b50_r0.05_InvertedPendulum-v4_29-09-2026_11-17-05,92,4.3586955070495605
q2_b50_r0.05_InvertedPendulum-v4_29-09-2026_11-17-05,93,4.987654209136963
q2_b50_r0.05_InvertedPendulum-v4_29-09-2026_11-17-05,94,3.548672676086426
q2_b50_r0.05_InvertedPendulum-v4_29-09-2026_11-17-05,95,5.0
q2_b50_r0.05_InvertedPendulum-v4_29-09-2026_11-17-05,96,5.0
q2_b50_r0.05_InvertedPendulum-v4_29-09-2026_11-17-05,97,5.0
q2_b50_r0.05_InvertedPendulum-v4_29-09-2026_11-17-05,98,5.0
q2_b50_r0.05_InvertedPendulum-v4_29-09-2026_11-17-05,99,5.0
