Gym has been unmaintained since 2022 and does not support NumPy 2.0 amongst other critical functionality.
Please upgrade to Gymnasium, the maintained drop-in replacement of Gym, or contact the authors of your software and request that they upgrade.
See the migration guide at https://gymnasium.farama.org/introduction/migration_guide/ for additional information.
########################
logging outputs to  /home/nick12138/projects/16831-F26-HW/hw2/rob831/scripts/../../data/q5_b2000_r0.001_lambda0_Hopper-v4_29-09-2026_11-14-05
########################
GPU not detected. Defaulting to CPU.
/home/nick12138/projects/16831-F26-HW/.conda/rob831/lib/python3.10/site-packages/Cython/Distutils/old_build_ext.py:15: DeprecationWarning: dep_util is Deprecated. Use functions from setuptools instead.
  from distutils.dep_util import newer, newer_group
<frozen importlib._bootstrap>:283: DeprecationWarning: the load_module() method is deprecated and slated for removal in Python 3.12; use exec_module() instead
/home/nick12138/projects/16831-F26-HW/.conda/rob831/lib/python3.10/site-packages/gym/core.py:329: DeprecationWarning: [33mWARN: Initializing wrapper in old step API which returns one bool instead of two. It is recommended to set `new_step_api=True` to use new step API. This will be the default behaviour in future.[0m
  deprecation(
/home/nick12138/projects/16831-F26-HW/.conda/rob831/lib/python3.10/site-packages/gym/wrappers/step_api_compatibility.py:39: DeprecationWarning: [33mWARN: Initializing environment in old step API which returns one bool instead of two. It is recommended to set `new_step_api=True` to use new step API. This will be the default behaviour in future.[0m
  deprecation(
/home/nick12138/projects/16831-F26-HW/.conda/rob831/lib/python3.10/site-packages/gym/core.py:268: DeprecationWarning: [33mWARN: Function `env.seed(seed)` is marked as deprecated and will be removed in the future. Please use `env.reset(seed=seed)` instead.[0m
  deprecation(
/home/nick12138/projects/16831-F26-HW/.conda/rob831/lib/python3.10/site-packages/matplotlib/_fontconfig_pattern.py:64: PyparsingDeprecationWarning: 'oneOf' deprecated - use 'one_of'
  prop = Group((name + Suppress("=") + comma_separated(value)) | oneOf(_CONSTANTS))
/home/nick12138/projects/16831-F26-HW/.conda/rob831/lib/python3.10/site-packages/matplotlib/_fontconfig_pattern.py:85: PyparsingDeprecationWarning: 'parseString' deprecated - use 'parse_string'
  parse = parser.parseString(pattern)
/home/nick12138/projects/16831-F26-HW/.conda/rob831/lib/python3.10/site-packages/matplotlib/_fontconfig_pattern.py:89: PyparsingDeprecationWarning: 'resetCache' deprecated - use 'reset_cache'
  parser.resetCache()


********** Iteration 0 ************
/home/nick12138/projects/16831-F26-HW/.conda/rob831/lib/python3.10/site-packages/gym/utils/passive_env_checker.py:241: DeprecationWarning: `np.bool8` is a deprecated alias for `np.bool_`.  (Deprecated NumPy 1.24)
  if not isinstance(terminated, (bool, np.bool8)):

Beginning logging procedure...

Collecting data for eval...
Eval_AverageReturn : 9.179718017578125
/home/nick12138/projects/16831-F26-HW/.conda/rob831/lib/python3.10/site-packages/tensorboardX/summary.py:153: DeprecationWarning: Conversion of an array with ndim > 0 to a scalar is deprecated, and will error in future. Ensure you extract a single element from your array before performing this operation. (Deprecated NumPy 1.25.)
  scalar = float(scalar)
Eval_StdReturn : 4.653192043304443
Eval_MaxReturn : 26.097156524658203
Eval_MinReturn : 3.6861960887908936
Eval_AverageEpLen : 13.433333333333334
Train_AverageReturn : 9.580930709838867
Train_StdReturn : 4.549529552459717
Train_MaxReturn : 45.95674133300781
Train_MinReturn : 3.49049973487854
Train_AverageEpLen : 13.264900662251655
Train_EnvstepsSoFar : 2003
TimeSinceStart : 0.7007632255554199
Training Loss : 0.0017092839116230607
Baseline Loss : 1.1349025964736938
Initial_DataCollection_AverageReturn : 9.580930709838867
Done logging...




********** Iteration 1 ************

Beginning logging procedure...

Collecting data for eval...
Eval_AverageReturn : 9.321053504943848
Eval_StdReturn : 4.843427658081055
Eval_MaxReturn : 25.2878360748291
Eval_MinReturn : 4.525143146514893
Eval_AverageEpLen : 13.03225806451613
Train_AverageReturn : 9.983965873718262
Train_StdReturn : 4.389714241027832
Train_MaxReturn : 40.02105712890625
Train_MinReturn : 4.290638446807861
Train_AverageEpLen : 14.402877697841726
Train_EnvstepsSoFar : 4005
TimeSinceStart : 1.4245390892028809
Training Loss : 0.012463401071727276
Baseline Loss : 1.093274474143982
Initial_DataCollection_AverageReturn : 9.580930709838867
Done logging...




********** Iteration 2 ************

Beginning logging procedure...

Collecting data for eval...
Eval_AverageReturn : 9.45722770690918
Eval_StdReturn : 3.506680965423584
Eval_MaxReturn : 21.54498291015625
Eval_MinReturn : 4.480787754058838
Eval_AverageEpLen : 13.4
Train_AverageReturn : 10.344610214233398
Train_StdReturn : 5.796658992767334
Train_MaxReturn : 42.96834182739258
Train_MinReturn : 2.5607717037200928
Train_AverageEpLen : 14.154929577464788
Train_EnvstepsSoFar : 6015
TimeSinceStart : 2.1553118228912354
Training Loss : 0.014947556890547276
Baseline Loss : 1.092767357826233
Initial_DataCollection_AverageReturn : 9.580930709838867
Done logging...




********** Iteration 3 ************

Beginning logging procedure...

Collecting data for eval...
Eval_AverageReturn : 13.482388496398926
Eval_StdReturn : 8.31131362915039
Eval_MaxReturn : 42.77679443359375
Eval_MinReturn : 4.805296421051025
Eval_AverageEpLen : 17.2
Train_AverageReturn : 10.773398399353027
Train_StdReturn : 5.232732772827148
Train_MaxReturn : 36.00286865234375
Train_MinReturn : 3.8850514888763428
Train_AverageEpLen : 15.553846153846154
Train_EnvstepsSoFar : 8037
TimeSinceStart : 2.9285831451416016
Training Loss : 0.008368969894945621
Baseline Loss : 1.0632787942886353
Initial_DataCollection_AverageReturn : 9.580930709838867
Done logging...




********** Iteration 4 ************

Beginning logging procedure...

Collecting data for eval...
Eval_AverageReturn : 13.64704418182373
Eval_StdReturn : 10.590499877929688
Eval_MaxReturn : 56.75965118408203
Eval_MinReturn : 6.384922027587891
Eval_AverageEpLen : 17.695652173913043
Train_AverageReturn : 11.262076377868652
Train_StdReturn : 6.612159729003906
Train_MaxReturn : 42.33160400390625
Train_MinReturn : 4.3737101554870605
Train_AverageEpLen : 14.521739130434783
Train_EnvstepsSoFar : 10041
TimeSinceStart : 3.581775426864624
Training Loss : 0.009661165997385979
Baseline Loss : 1.0573312044143677
Initial_DataCollection_AverageReturn : 9.580930709838867
Done logging...




********** Iteration 5 ************

Beginning logging procedure...

Collecting data for eval...
Eval_AverageReturn : 12.397968292236328
Eval_StdReturn : 9.204010963439941
Eval_MaxReturn : 50.97279357910156
Eval_MinReturn : 4.466084003448486
Eval_AverageEpLen : 17.04
Train_AverageReturn : 11.817743301391602
Train_StdReturn : 7.121236324310303
Train_MaxReturn : 57.271331787109375
Train_MinReturn : 5.016086578369141
Train_AverageEpLen : 16.553719008264462
Train_EnvstepsSoFar : 12044
TimeSinceStart : 4.346229076385498
Training Loss : -0.02129901386797428
Baseline Loss : 1.0548700094223022
Initial_DataCollection_AverageReturn : 9.580930709838867
Done logging...




********** Iteration 6 ************

Beginning logging procedure...

Collecting data for eval...
Eval_AverageReturn : 11.972442626953125
Eval_StdReturn : 4.864010334014893
Eval_MaxReturn : 27.05559539794922
Eval_MinReturn : 6.134285926818848
Eval_AverageEpLen : 17.52173913043478
Train_AverageReturn : 10.908799171447754
Train_StdReturn : 6.097709655761719
Train_MaxReturn : 46.1163444519043
Train_MinReturn : 3.8911774158477783
Train_AverageEpLen : 15.335877862595419
Train_EnvstepsSoFar : 14053
TimeSinceStart : 5.074291229248047
Training Loss : 0.01027646753937006
Baseline Loss : 1.0300463438034058
Initial_DataCollection_AverageReturn : 9.580930709838867
Done logging...




********** Iteration 7 ************

Beginning logging procedure...

Collecting data for eval...
Eval_AverageReturn : 12.205632209777832
Eval_StdReturn : 6.747043609619141
Eval_MaxReturn : 38.93085479736328
Eval_MinReturn : 4.7282490730285645
Eval_AverageEpLen : 16.48
Train_AverageReturn : 12.346383094787598
Train_StdReturn : 8.850574493408203
Train_MaxReturn : 83.62657165527344
Train_MinReturn : 4.40585470199585
Train_AverageEpLen : 17.17948717948718
Train_EnvstepsSoFar : 16063
TimeSinceStart : 5.855222463607788
Training Loss : -0.029015380889177322
Baseline Loss : 1.0170300006866455
Initial_DataCollection_AverageReturn : 9.580930709838867
Done logging...




********** Iteration 8 ************

Beginning logging procedure...

Collecting data for eval...
Eval_AverageReturn : 12.371825218200684
Eval_StdReturn : 5.57615327835083
Eval_MaxReturn : 33.735801696777344
Eval_MinReturn : 4.8567094802856445
Eval_AverageEpLen : 16.6
Train_AverageReturn : 12.284274101257324
Train_StdReturn : 8.412717819213867
Train_MaxReturn : 64.54285430908203
Train_MinReturn : 3.955744743347168
Train_AverageEpLen : 17.46086956521739
Train_EnvstepsSoFar : 18071
TimeSinceStart : 6.651829957962036
Training Loss : -0.028356555849313736
Baseline Loss : 0.9966564178466797
Initial_DataCollection_AverageReturn : 9.580930709838867
Done logging...




********** Iteration 9 ************

Beginning logging procedure...

Collecting data for eval...
Eval_AverageReturn : 14.36355972290039
Eval_StdReturn : 7.7978105545043945
Eval_MaxReturn : 29.713584899902344
Eval_MinReturn : 3.990631103515625
Eval_AverageEpLen : 22.833333333333332
Train_AverageReturn : 15.333748817443848
Train_StdReturn : 21.925378799438477
Train_MaxReturn : 208.18402099609375
Train_MinReturn : 4.973841667175293
Train_AverageEpLen : 20.540816326530614
Train_EnvstepsSoFar : 20084
TimeSinceStart : 7.39927339553833
Training Loss : -0.014539307914674282
Baseline Loss : 1.0115125179290771
Initial_DataCollection_AverageReturn : 9.580930709838867
Done logging...




********** Iteration 10 ************

Beginning logging procedure...

Collecting data for eval...
Eval_AverageReturn : 12.970745086669922
Eval_StdReturn : 11.550938606262207
Eval_MaxReturn : 61.635986328125
Eval_MinReturn : 5.501526832580566
Eval_AverageEpLen : 19.523809523809526
Train_AverageReturn : 14.519815444946289
Train_StdReturn : 11.099059104919434
Train_MaxReturn : 81.52962493896484
Train_MinReturn : 3.5838747024536133
Train_AverageEpLen : 19.298076923076923
Train_EnvstepsSoFar : 22091
TimeSinceStart : 8.139582872390747
Training Loss : -0.07469820976257324
Baseline Loss : 0.9799877405166626
Initial_DataCollection_AverageReturn : 9.580930709838867
Done logging...




********** Iteration 11 ************

Beginning logging procedure...

Collecting data for eval...
Eval_AverageReturn : 10.540619850158691
Eval_StdReturn : 3.8858706951141357
Eval_MaxReturn : 20.280174255371094
Eval_MinReturn : 4.761221408843994
Eval_AverageEpLen : 18.17391304347826
Train_AverageReturn : 14.277284622192383
Train_StdReturn : 14.480783462524414
Train_MaxReturn : 121.95797729492188
Train_MinReturn : 3.9837093353271484
Train_AverageEpLen : 19.46153846153846
Train_EnvstepsSoFar : 24115
TimeSinceStart : 8.907906293869019
Training Loss : -0.06799668073654175
Baseline Loss : 0.9866029620170593
Initial_DataCollection_AverageReturn : 9.580930709838867
Done logging...




********** Iteration 12 ************

Beginning logging procedure...

Collecting data for eval...
Eval_AverageReturn : 11.703109741210938
Eval_StdReturn : 5.566013813018799
Eval_MaxReturn : 28.732603073120117
Eval_MinReturn : 5.800897121429443
Eval_AverageEpLen : 17.208333333333332
Train_AverageReturn : 15.102148056030273
Train_StdReturn : 12.719704627990723
Train_MaxReturn : 85.3687744140625
Train_MinReturn : 4.359867095947266
Train_AverageEpLen : 21.1340206185567
Train_EnvstepsSoFar : 26165
TimeSinceStart : 9.771170854568481
Training Loss : -0.060374680906534195
Baseline Loss : 0.9746061563491821
Initial_DataCollection_AverageReturn : 9.580930709838867
Done logging...




********** Iteration 13 ************

Beginning logging procedure...

Collecting data for eval...
Eval_AverageReturn : 14.179945945739746
Eval_StdReturn : 5.614015579223633
Eval_MaxReturn : 28.58623695373535
Eval_MinReturn : 7.042351245880127
Eval_AverageEpLen : 21.894736842105264
Train_AverageReturn : 14.063538551330566
Train_StdReturn : 14.791707038879395
Train_MaxReturn : 126.71086883544922
Train_MinReturn : 2.7917590141296387
Train_AverageEpLen : 20.84375
Train_EnvstepsSoFar : 28166
TimeSinceStart : 10.702712297439575
Training Loss : -0.03891744092106819
Baseline Loss : 0.9617142081260681
Initial_DataCollection_AverageReturn : 9.580930709838867
Done logging...




********** Iteration 14 ************

Beginning logging procedure...

Collecting data for eval...
Eval_AverageReturn : 19.40656852722168
Eval_StdReturn : 16.020734786987305
Eval_MaxReturn : 67.36946868896484
Eval_MinReturn : 5.423311233520508
Eval_AverageEpLen : 27.4
Train_AverageReturn : 15.080121040344238
Train_StdReturn : 12.513605117797852
Train_MaxReturn : 88.89338684082031
Train_MinReturn : 3.9923806190490723
Train_AverageEpLen : 23.27906976744186
Train_EnvstepsSoFar : 30168
TimeSinceStart : 11.513481140136719
Training Loss : -0.03162572160363197
Baseline Loss : 0.9456945657730103
Initial_DataCollection_AverageReturn : 9.580930709838867
Done logging...




********** Iteration 15 ************

Beginning logging procedure...

Collecting data for eval...
Eval_AverageReturn : 12.286201477050781
Eval_StdReturn : 6.6328020095825195
Eval_MaxReturn : 33.596763610839844
Eval_MinReturn : 4.519344329833984
Eval_AverageEpLen : 25.8125
Train_AverageReturn : 15.899662017822266
Train_StdReturn : 11.647577285766602
Train_MaxReturn : 88.11644744873047
Train_MinReturn : 4.825261116027832
Train_AverageEpLen : 23.436781609195403
Train_EnvstepsSoFar : 32207
TimeSinceStart : 12.343802690505981
Training Loss : -0.029121993109583855
Baseline Loss : 0.9460465312004089
Initial_DataCollection_AverageReturn : 9.580930709838867
Done logging...




********** Iteration 16 ************

Beginning logging procedure...

Collecting data for eval...
Eval_AverageReturn : 12.722467422485352
Eval_StdReturn : 6.545547962188721
Eval_MaxReturn : 36.511009216308594
Eval_MinReturn : 6.218069553375244
Eval_AverageEpLen : 21.3
Train_AverageReturn : 16.30864715576172
Train_StdReturn : 14.302923202514648
Train_MaxReturn : 122.34434509277344
Train_MinReturn : 5.398784637451172
Train_AverageEpLen : 26.01298701298701
Train_EnvstepsSoFar : 34210
TimeSinceStart : 13.232573747634888
Training Loss : -0.05615592002868652
Baseline Loss : 0.9486533999443054
Initial_DataCollection_AverageReturn : 9.580930709838867
Done logging...




********** Iteration 17 ************

Beginning logging procedure...

Collecting data for eval...
Eval_AverageReturn : 14.457002639770508
Eval_StdReturn : 5.414905071258545
Eval_MaxReturn : 24.031267166137695
Eval_MinReturn : 6.620614051818848
Eval_AverageEpLen : 26.125
Train_AverageReturn : 16.115034103393555
Train_StdReturn : 10.89305591583252
Train_MaxReturn : 54.4084358215332
Train_MinReturn : 4.151828765869141
Train_AverageEpLen : 26.75
Train_EnvstepsSoFar : 36243
TimeSinceStart : 14.067217826843262
Training Loss : -0.05080406367778778
Baseline Loss : 0.9300543665885925
Initial_DataCollection_AverageReturn : 9.580930709838867
Done logging...




********** Iteration 18 ************

Beginning logging procedure...

Collecting data for eval...
Eval_AverageReturn : 18.354202270507812
Eval_StdReturn : 9.395039558410645
Eval_MaxReturn : 34.74532699584961
Eval_MinReturn : 6.948192596435547
Eval_AverageEpLen : 33.333333333333336
Train_AverageReturn : 14.969921112060547
Train_StdReturn : 8.210071563720703
Train_MaxReturn : 43.444339752197266
Train_MinReturn : 4.5901994705200195
Train_AverageEpLen : 25.379746835443036
Train_EnvstepsSoFar : 38248
TimeSinceStart : 14.968416929244995
Training Loss : -0.04410306736826897
Baseline Loss : 0.9164787530899048
Initial_DataCollection_AverageReturn : 9.580930709838867
Done logging...




********** Iteration 19 ************

Beginning logging procedure...

Collecting data for eval...
Eval_AverageReturn : 18.836612701416016
Eval_StdReturn : 10.196451187133789
Eval_MaxReturn : 39.27623748779297
Eval_MinReturn : 8.994226455688477
Eval_AverageEpLen : 32.92307692307692
Train_AverageReturn : 16.351863861083984
Train_StdReturn : 11.28671646118164
Train_MaxReturn : 54.954856872558594
Train_MinReturn : 3.1822590827941895
Train_AverageEpLen : 26.763157894736842
Train_EnvstepsSoFar : 40282
TimeSinceStart : 15.833856344223022
Training Loss : -0.02632761374115944
Baseline Loss : 0.9012253284454346
Initial_DataCollection_AverageReturn : 9.580930709838867
Done logging...




********** Iteration 20 ************

Beginning logging procedure...

Collecting data for eval...
Eval_AverageReturn : 18.22610855102539
Eval_StdReturn : 12.091629028320312
Eval_MaxReturn : 49.974205017089844
Eval_MinReturn : 7.510519981384277
Eval_AverageEpLen : 35.166666666666664
Train_AverageReturn : 20.470674514770508
Train_StdReturn : 16.03667640686035
Train_MaxReturn : 90.6291275024414
Train_MinReturn : 4.202481746673584
Train_AverageEpLen : 32.23809523809524
Train_EnvstepsSoFar : 42313
TimeSinceStart : 16.678423404693604
Training Loss : 0.02064109966158867
Baseline Loss : 0.8939584493637085
Initial_DataCollection_AverageReturn : 9.580930709838867
Done logging...




********** Iteration 21 ************

Beginning logging procedure...

Collecting data for eval...
Eval_AverageReturn : 22.676483154296875
Eval_StdReturn : 13.3245267868042
Eval_MaxReturn : 56.68243408203125
Eval_MinReturn : 9.271174430847168
Eval_AverageEpLen : 33.5
Train_AverageReturn : 17.79326820373535
Train_StdReturn : 15.441702842712402
Train_MaxReturn : 94.70252990722656
Train_MinReturn : 5.466888904571533
Train_AverageEpLen : 28.785714285714285
Train_EnvstepsSoFar : 44328
TimeSinceStart : 17.548781156539917
Training Loss : 0.006870822515338659
Baseline Loss : 0.878646731376648
Initial_DataCollection_AverageReturn : 9.580930709838867
Done logging...




********** Iteration 22 ************

Beginning logging procedure...

Collecting data for eval...
Eval_AverageReturn : 19.29460334777832
Eval_StdReturn : 12.311009407043457
Eval_MaxReturn : 45.46049118041992
Eval_MinReturn : 3.4988596439361572
Eval_AverageEpLen : 36.416666666666664
Train_AverageReturn : 22.114240646362305
Train_StdReturn : 18.23235511779785
Train_MaxReturn : 114.5490493774414
Train_MinReturn : 5.646191120147705
Train_AverageEpLen : 34.827586206896555
Train_EnvstepsSoFar : 46348
TimeSinceStart : 18.36309266090393
Training Loss : -0.028340378776192665
Baseline Loss : 0.9055580496788025
Initial_DataCollection_AverageReturn : 9.580930709838867
Done logging...




********** Iteration 23 ************

Beginning logging procedure...

Collecting data for eval...
Eval_AverageReturn : 24.317340850830078
Eval_StdReturn : 31.17229461669922
Eval_MaxReturn : 121.2922592163086
Eval_MinReturn : 8.43927001953125
Eval_AverageEpLen : 36.54545454545455
Train_AverageReturn : 18.23088264465332
Train_StdReturn : 14.02407455444336
Train_MaxReturn : 87.05132293701172
Train_MinReturn : 5.57119083404541
Train_AverageEpLen : 33.36065573770492
Train_EnvstepsSoFar : 48383
TimeSinceStart : 19.147244453430176
Training Loss : -0.04488995671272278
Baseline Loss : 0.8825401663780212
Initial_DataCollection_AverageReturn : 9.580930709838867
Done logging...




********** Iteration 24 ************

Beginning logging procedure...

Collecting data for eval...
Eval_AverageReturn : 24.1015682220459
Eval_StdReturn : 22.151161193847656
Eval_MaxReturn : 91.0431900024414
Eval_MinReturn : 2.571061611175537
Eval_AverageEpLen : 34.583333333333336
Train_AverageReturn : 25.707048416137695
Train_StdReturn : 23.906431198120117
Train_MaxReturn : 128.24545288085938
Train_MinReturn : 6.22498083114624
Train_AverageEpLen : 37.05555555555556
Train_EnvstepsSoFar : 50384
TimeSinceStart : 19.95112919807434
Training Loss : -0.019765688106417656
Baseline Loss : 0.8749823570251465
Initial_DataCollection_AverageReturn : 9.580930709838867
Done logging...




********** Iteration 25 ************

Beginning logging procedure...

Collecting data for eval...
Eval_AverageReturn : 30.369388580322266
Eval_StdReturn : 15.975078582763672
Eval_MaxReturn : 62.50203323364258
Eval_MinReturn : 11.91464900970459
Eval_AverageEpLen : 44.5
Train_AverageReturn : 27.875289916992188
Train_StdReturn : 25.61316680908203
Train_MaxReturn : 112.58700561523438
Train_MinReturn : 1.3808977603912354
Train_AverageEpLen : 43.97826086956522
Train_EnvstepsSoFar : 52407
TimeSinceStart : 20.693551063537598
Training Loss : -0.01630682870745659
Baseline Loss : 0.8641910552978516
Initial_DataCollection_AverageReturn : 9.580930709838867
Done logging...




********** Iteration 26 ************

Beginning logging procedure...

Collecting data for eval...
Eval_AverageReturn : 34.27919006347656
Eval_StdReturn : 31.760313034057617
Eval_MaxReturn : 113.62921142578125
Eval_MinReturn : 9.902542114257812
Eval_AverageEpLen : 51.25
Train_AverageReturn : 30.21520233154297
Train_StdReturn : 32.299560546875
Train_MaxReturn : 145.39340209960938
Train_MinReturn : 4.233916759490967
Train_AverageEpLen : 43.319148936170215
Train_EnvstepsSoFar : 54443
TimeSinceStart : 21.509589195251465
Training Loss : -0.05115430802106857
Baseline Loss : 0.8565082550048828
Initial_DataCollection_AverageReturn : 9.580930709838867
Done logging...




********** Iteration 27 ************

Beginning logging procedure...

Collecting data for eval...
Eval_AverageReturn : 18.942054748535156
Eval_StdReturn : 9.675372123718262
Eval_MaxReturn : 39.94171905517578
Eval_MinReturn : 8.438448905944824
Eval_AverageEpLen : 33.75
Train_AverageReturn : 27.7117862701416
Train_StdReturn : 25.90321159362793
Train_MaxReturn : 153.90548706054688
Train_MinReturn : 5.21494722366333
Train_AverageEpLen : 44.108695652173914
Train_EnvstepsSoFar : 56472
TimeSinceStart : 22.294869422912598
Training Loss : -0.08139936625957489
Baseline Loss : 0.8499866127967834
Initial_DataCollection_AverageReturn : 9.580930709838867
Done logging...




********** Iteration 28 ************

Beginning logging procedure...

Collecting data for eval...
Eval_AverageReturn : 32.55819320678711
Eval_StdReturn : 23.790626525878906
Eval_MaxReturn : 93.64022827148438
Eval_MinReturn : 9.74794864654541
Eval_AverageEpLen : 46.333333333333336
Train_AverageReturn : 49.422611236572266
Train_StdReturn : 59.98257064819336
Train_MaxReturn : 240.02645874023438
Train_MinReturn : 5.234032154083252
Train_AverageEpLen : 59.5
Train_EnvstepsSoFar : 58495
TimeSinceStart : 23.125735998153687
Training Loss : -0.10479743778705597
Baseline Loss : 0.813717782497406
Initial_DataCollection_AverageReturn : 9.580930709838867
Done logging...




********** Iteration 29 ************

Beginning logging procedure...

Collecting data for eval...
Eval_AverageReturn : 33.21186065673828
Eval_StdReturn : 37.5800895690918
Eval_MaxReturn : 137.414794921875
Eval_MinReturn : 5.753056049346924
Eval_AverageEpLen : 52.1
Train_AverageReturn : 43.00349044799805
Train_StdReturn : 40.3155403137207
Train_MaxReturn : 171.27737426757812
Train_MinReturn : 4.7627739906311035
Train_AverageEpLen : 56.666666666666664
Train_EnvstepsSoFar : 60535
TimeSinceStart : 23.997166872024536
Training Loss : -0.04811253026127815
Baseline Loss : 0.8284770846366882
Initial_DataCollection_AverageReturn : 9.580930709838867
Done logging...




********** Iteration 30 ************

Beginning logging procedure...

Collecting data for eval...
Eval_AverageReturn : 43.11267852783203
Eval_StdReturn : 49.49018478393555
Eval_MaxReturn : 187.58441162109375
Eval_MinReturn : 8.882336616516113
Eval_AverageEpLen : 54.0
Train_AverageReturn : 48.02693176269531
Train_StdReturn : 42.86985778808594
Train_MaxReturn : 183.50135803222656
Train_MinReturn : 7.109755039215088
Train_AverageEpLen : 58.31428571428572
Train_EnvstepsSoFar : 62576
TimeSinceStart : 24.87301230430603
Training Loss : -0.048683732748031616
Baseline Loss : 0.839263916015625
Initial_DataCollection_AverageReturn : 9.580930709838867
Done logging...




********** Iteration 31 ************

Beginning logging procedure...

Collecting data for eval...
Eval_AverageReturn : 67.3786849975586
Eval_StdReturn : 51.762046813964844
Eval_MaxReturn : 165.80543518066406
Eval_MinReturn : 23.136798858642578
Eval_AverageEpLen : 69.0
Train_AverageReturn : 48.73955154418945
Train_StdReturn : 44.21288299560547
Train_MaxReturn : 192.040771484375
Train_MinReturn : 4.3152756690979
Train_AverageEpLen : 61.0
Train_EnvstepsSoFar : 64589
TimeSinceStart : 25.71891188621521
Training Loss : -0.0745047926902771
Baseline Loss : 0.8328046202659607
Initial_DataCollection_AverageReturn : 9.580930709838867
Done logging...




********** Iteration 32 ************

Beginning logging procedure...

Collecting data for eval...
Eval_AverageReturn : 71.90099334716797
Eval_StdReturn : 37.26150131225586
Eval_MaxReturn : 134.6150665283203
Eval_MinReturn : 28.410423278808594
Eval_AverageEpLen : 70.33333333333333
Train_AverageReturn : 46.182228088378906
Train_StdReturn : 48.532039642333984
Train_MaxReturn : 188.78408813476562
Train_MinReturn : 6.524320602416992
Train_AverageEpLen : 56.361111111111114
Train_EnvstepsSoFar : 66618
TimeSinceStart : 26.505983352661133
Training Loss : -0.06820211559534073
Baseline Loss : 0.817114531993866
Initial_DataCollection_AverageReturn : 9.580930709838867
Done logging...




********** Iteration 33 ************

Beginning logging procedure...

Collecting data for eval...
Eval_AverageReturn : 75.31233978271484
Eval_StdReturn : 59.45315933227539
Eval_MaxReturn : 169.51242065429688
Eval_MinReturn : 4.44929313659668
Eval_AverageEpLen : 72.33333333333333
Train_AverageReturn : 66.3535385131836
Train_StdReturn : 64.40376281738281
Train_MaxReturn : 253.55657958984375
Train_MinReturn : 8.43527603149414
Train_AverageEpLen : 73.07142857142857
Train_EnvstepsSoFar : 68664
TimeSinceStart : 27.324711084365845
Training Loss : -0.03154878318309784
Baseline Loss : 0.864603579044342
Initial_DataCollection_AverageReturn : 9.580930709838867
Done logging...




********** Iteration 34 ************

Beginning logging procedure...

Collecting data for eval...
Eval_AverageReturn : 58.89473342895508
Eval_StdReturn : 55.58437728881836
Eval_MaxReturn : 182.2606964111328
Eval_MinReturn : 22.68592643737793
Eval_AverageEpLen : 74.5
Train_AverageReturn : 77.59004974365234
Train_StdReturn : 70.4813461303711
Train_MaxReturn : 308.56109619140625
Train_MinReturn : 11.198150634765625
Train_AverageEpLen : 76.74074074074075
Train_EnvstepsSoFar : 70736
TimeSinceStart : 28.17190957069397
Training Loss : -0.07884284108877182
Baseline Loss : 0.8819490671157837
Initial_DataCollection_AverageReturn : 9.580930709838867
Done logging...




********** Iteration 35 ************

Beginning logging procedure...

Collecting data for eval...
Eval_AverageReturn : 62.22414016723633
Eval_StdReturn : 49.233707427978516
Eval_MaxReturn : 164.2762451171875
Eval_MinReturn : 18.65024185180664
Eval_AverageEpLen : 60.0
Train_AverageReturn : 72.32097625732422
Train_StdReturn : 56.621002197265625
Train_MaxReturn : 187.60134887695312
Train_MinReturn : 8.11629867553711
Train_AverageEpLen : 66.66666666666667
Train_EnvstepsSoFar : 72736
TimeSinceStart : 28.95471167564392
Training Loss : -0.09733189642429352
Baseline Loss : 0.8974331021308899
Initial_DataCollection_AverageReturn : 9.580930709838867
Done logging...




********** Iteration 36 ************

Beginning logging procedure...

Collecting data for eval...
Eval_AverageReturn : 145.74642944335938
Eval_StdReturn : 19.439138412475586
Eval_MaxReturn : 174.32681274414062
Eval_MinReturn : 122.18263244628906
Eval_AverageEpLen : 105.25
Train_AverageReturn : 89.13578796386719
Train_StdReturn : 72.08435821533203
Train_MaxReturn : 275.53192138671875
Train_MinReturn : 11.021122932434082
Train_AverageEpLen : 80.8
Train_EnvstepsSoFar : 74756
TimeSinceStart : 29.699090242385864
Training Loss : -0.12886598706245422
Baseline Loss : 1.018459439277649
Initial_DataCollection_AverageReturn : 9.580930709838867
Done logging...




********** Iteration 37 ************

Beginning logging procedure...

Collecting data for eval...
Eval_AverageReturn : 75.61341857910156
Eval_StdReturn : 45.3768310546875
Eval_MaxReturn : 134.063232421875
Eval_MinReturn : 9.192291259765625
Eval_AverageEpLen : 63.42857142857143
Train_AverageReturn : 100.2863540649414
Train_StdReturn : 57.45354080200195
Train_MaxReturn : 217.0459747314453
Train_MinReturn : 8.385348320007324
Train_AverageEpLen : 87.375
Train_EnvstepsSoFar : 76853
TimeSinceStart : 30.455838441848755
Training Loss : -0.04849172383546829
Baseline Loss : 0.9655630588531494
Initial_DataCollection_AverageReturn : 9.580930709838867
Done logging...




********** Iteration 38 ************

Beginning logging procedure...

Collecting data for eval...
Eval_AverageReturn : 69.50407409667969
Eval_StdReturn : 46.36921691894531
Eval_MaxReturn : 133.39942932128906
Eval_MinReturn : 19.54749298095703
Eval_AverageEpLen : 60.375
Train_AverageReturn : 79.42546844482422
Train_StdReturn : 49.143192291259766
Train_MaxReturn : 183.539306640625
Train_MinReturn : 11.446629524230957
Train_AverageEpLen : 75.96428571428571
Train_EnvstepsSoFar : 78980
TimeSinceStart : 31.360989332199097
Training Loss : -0.0590863861143589
Baseline Loss : 0.9503928422927856
Initial_DataCollection_AverageReturn : 9.580930709838867
Done logging...




********** Iteration 39 ************

Beginning logging procedure...

Collecting data for eval...
Eval_AverageReturn : 80.71319580078125
Eval_StdReturn : 40.54450607299805
Eval_MaxReturn : 126.24388122558594
Eval_MinReturn : 11.65046215057373
Eval_AverageEpLen : 58.75
Train_AverageReturn : 98.41534423828125
Train_StdReturn : 39.1920166015625
Train_MaxReturn : 164.21826171875
Train_MinReturn : 9.85661506652832
Train_AverageEpLen : 85.16666666666667
Train_EnvstepsSoFar : 81024
TimeSinceStart : 32.112181663513184
Training Loss : -0.07137230038642883
Baseline Loss : 1.0197117328643799
Initial_DataCollection_AverageReturn : 9.580930709838867
Done logging...




********** Iteration 40 ************

Beginning logging procedure...

Collecting data for eval...
Eval_AverageReturn : 118.5222396850586
Eval_StdReturn : 36.45509338378906
Eval_MaxReturn : 190.05059814453125
Eval_MinReturn : 88.4963150024414
Eval_AverageEpLen : 85.2
Train_AverageReturn : 92.58654022216797
Train_StdReturn : 51.448482513427734
Train_MaxReturn : 197.49026489257812
Train_MinReturn : 22.605947494506836
Train_AverageEpLen : 74.29629629629629
Train_EnvstepsSoFar : 83030
TimeSinceStart : 32.84901738166809
Training Loss : -0.033617936074733734
Baseline Loss : 1.055033802986145
Initial_DataCollection_AverageReturn : 9.580930709838867
Done logging...




********** Iteration 41 ************

Beginning logging procedure...

Collecting data for eval...
Eval_AverageReturn : 109.95338439941406
Eval_StdReturn : 78.84609985351562
Eval_MaxReturn : 257.7342529296875
Eval_MinReturn : 19.888465881347656
Eval_AverageEpLen : 83.4
Train_AverageReturn : 105.19998931884766
Train_StdReturn : 52.883663177490234
Train_MaxReturn : 219.4812469482422
Train_MinReturn : 7.950185298919678
Train_AverageEpLen : 82.12
Train_EnvstepsSoFar : 85083
TimeSinceStart : 33.60148572921753
Training Loss : -0.0585755854845047
Baseline Loss : 1.2283803224563599
Initial_DataCollection_AverageReturn : 9.580930709838867
Done logging...




********** Iteration 42 ************

Beginning logging procedure...

Collecting data for eval...
Eval_AverageReturn : 73.83728790283203
Eval_StdReturn : 38.02006530761719
Eval_MaxReturn : 132.83358764648438
Eval_MinReturn : 26.204940795898438
Eval_AverageEpLen : 78.33333333333333
Train_AverageReturn : 97.26380157470703
Train_StdReturn : 45.162696838378906
Train_MaxReturn : 197.35256958007812
Train_MinReturn : 9.138080596923828
Train_AverageEpLen : 69.20689655172414
Train_EnvstepsSoFar : 87090
TimeSinceStart : 34.3771288394928
Training Loss : -0.03188188001513481
Baseline Loss : 1.252174973487854
Initial_DataCollection_AverageReturn : 9.580930709838867
Done logging...




********** Iteration 43 ************

Beginning logging procedure...

Collecting data for eval...
Eval_AverageReturn : 112.94793701171875
Eval_StdReturn : 14.751738548278809
Eval_MaxReturn : 125.8260726928711
Eval_MinReturn : 84.07393646240234
Eval_AverageEpLen : 80.8
Train_AverageReturn : 100.56282806396484
Train_StdReturn : 47.32881546020508
Train_MaxReturn : 197.83441162109375
Train_MinReturn : 17.60479164123535
Train_AverageEpLen : 74.74074074074075
Train_EnvstepsSoFar : 89108
TimeSinceStart : 35.11495065689087
Training Loss : -0.10966487973928452
Baseline Loss : 1.2570832967758179
Initial_DataCollection_AverageReturn : 9.580930709838867
Done logging...




********** Iteration 44 ************

Beginning logging procedure...

Collecting data for eval...
Eval_AverageReturn : 129.8062744140625
Eval_StdReturn : 20.555267333984375
Eval_MaxReturn : 156.54779052734375
Eval_MinReturn : 103.03945922851562
Eval_AverageEpLen : 86.6
Train_AverageReturn : 100.4573745727539
Train_StdReturn : 23.63088035583496
Train_MaxReturn : 160.64019775390625
Train_MinReturn : 61.78480911254883
Train_AverageEpLen : 67.83333333333333
Train_EnvstepsSoFar : 91143
TimeSinceStart : 35.95598363876343
Training Loss : -0.0703205093741417
Baseline Loss : 1.4473973512649536
Initial_DataCollection_AverageReturn : 9.580930709838867
Done logging...




********** Iteration 45 ************

Beginning logging procedure...

Collecting data for eval...
Eval_AverageReturn : 91.79720306396484
Eval_StdReturn : 21.252256393432617
Eval_MaxReturn : 129.91159057617188
Eval_MinReturn : 54.03666305541992
Eval_AverageEpLen : 64.85714285714286
Train_AverageReturn : 111.61981201171875
Train_StdReturn : 36.85667419433594
Train_MaxReturn : 193.130859375
Train_MinReturn : 49.597251892089844
Train_AverageEpLen : 85.375
Train_EnvstepsSoFar : 93192
TimeSinceStart : 36.702959060668945
Training Loss : -0.04968676716089249
Baseline Loss : 1.2806053161621094
Initial_DataCollection_AverageReturn : 9.580930709838867
Done logging...




********** Iteration 46 ************

Beginning logging procedure...

Collecting data for eval...
Eval_AverageReturn : 96.78498077392578
Eval_StdReturn : 44.53923797607422
Eval_MaxReturn : 176.21511840820312
Eval_MinReturn : 22.93765640258789
Eval_AverageEpLen : 63.42857142857143
Train_AverageReturn : 90.28176879882812
Train_StdReturn : 29.38547706604004
Train_MaxReturn : 165.2238006591797
Train_MinReturn : 10.064167976379395
Train_AverageEpLen : 60.470588235294116
Train_EnvstepsSoFar : 95248
TimeSinceStart : 37.42272424697876
Training Loss : -0.036637064069509506
Baseline Loss : 1.3510973453521729
Initial_DataCollection_AverageReturn : 9.580930709838867
Done logging...




********** Iteration 47 ************

Beginning logging procedure...

Collecting data for eval...
Eval_AverageReturn : 110.64065551757812
Eval_StdReturn : 55.216026306152344
Eval_MaxReturn : 198.40335083007812
Eval_MinReturn : 62.83884811401367
Eval_AverageEpLen : 68.0
Train_AverageReturn : 95.57281494140625
Train_StdReturn : 25.78390884399414
Train_MaxReturn : 171.26332092285156
Train_MinReturn : 29.02574348449707
Train_AverageEpLen : 61.63636363636363
Train_EnvstepsSoFar : 97282
TimeSinceStart : 38.189406394958496
Training Loss : -0.06857939809560776
Baseline Loss : 1.310179352760315
Initial_DataCollection_AverageReturn : 9.580930709838867
Done logging...




********** Iteration 48 ************

Beginning logging procedure...

Collecting data for eval...
Eval_AverageReturn : 89.53422546386719
Eval_StdReturn : 17.69223403930664
Eval_MaxReturn : 118.21369934082031
Eval_MinReturn : 66.12796783447266
Eval_AverageEpLen : 56.75
Train_AverageReturn : 98.46673583984375
Train_StdReturn : 32.43381118774414
Train_MaxReturn : 231.5068359375
Train_MinReturn : 63.60467529296875
Train_AverageEpLen : 64.61290322580645
Train_EnvstepsSoFar : 99285
TimeSinceStart : 38.96510863304138
Training Loss : -0.08957457542419434
Baseline Loss : 1.4011362791061401
Initial_DataCollection_AverageReturn : 9.580930709838867
Done logging...




********** Iteration 49 ************

Beginning logging procedure...

Collecting data for eval...
Eval_AverageReturn : 92.39884185791016
Eval_StdReturn : 21.832815170288086
Eval_MaxReturn : 141.9009246826172
Eval_MinReturn : 70.7060546875
Eval_AverageEpLen : 62.285714285714285
Train_AverageReturn : 93.78980255126953
Train_StdReturn : 34.470184326171875
Train_MaxReturn : 181.18215942382812
Train_MinReturn : 14.30693531036377
Train_AverageEpLen : 63.96969696969697
Train_EnvstepsSoFar : 101396
TimeSinceStart : 39.77317667007446
Training Loss : -0.02880135551095009
Baseline Loss : 1.31648588180542
Initial_DataCollection_AverageReturn : 9.580930709838867
Done logging...




********** Iteration 50 ************

Beginning logging procedure...

Collecting data for eval...
Eval_AverageReturn : 82.48995971679688
Eval_StdReturn : 22.37814712524414
Eval_MaxReturn : 129.8164520263672
Eval_MinReturn : 58.06012725830078
Eval_AverageEpLen : 54.77777777777778
Train_AverageReturn : 83.9733657836914
Train_StdReturn : 18.140182495117188
Train_MaxReturn : 122.09564208984375
Train_MinReturn : 53.78086853027344
Train_AverageEpLen : 54.945945945945944
Train_EnvstepsSoFar : 103429
TimeSinceStart : 40.6138870716095
Training Loss : -0.04309829697012901
Baseline Loss : 1.3462094068527222
Initial_DataCollection_AverageReturn : 9.580930709838867
Done logging...




********** Iteration 51 ************

Beginning logging procedure...

Collecting data for eval...
Eval_AverageReturn : 87.38037109375
Eval_StdReturn : 37.18658447265625
Eval_MaxReturn : 162.25025939941406
Eval_MinReturn : 43.505348205566406
Eval_AverageEpLen : 59.57142857142857
Train_AverageReturn : 75.4158935546875
Train_StdReturn : 21.655982971191406
Train_MaxReturn : 145.00997924804688
Train_MinReturn : 23.327983856201172
Train_AverageEpLen : 49.951219512195124
Train_EnvstepsSoFar : 105477
TimeSinceStart : 41.32378935813904
Training Loss : -0.0458618700504303
Baseline Loss : 1.2278892993927002
Initial_DataCollection_AverageReturn : 9.580930709838867
Done logging...




********** Iteration 52 ************

Beginning logging procedure...

Collecting data for eval...
Eval_AverageReturn : 79.61723327636719
Eval_StdReturn : 13.895230293273926
Eval_MaxReturn : 99.9803237915039
Eval_MinReturn : 53.992942810058594
Eval_AverageEpLen : 51.125
Train_AverageReturn : 81.31039428710938
Train_StdReturn : 27.71661376953125
Train_MaxReturn : 181.2972412109375
Train_MinReturn : 36.243865966796875
Train_AverageEpLen : 55.888888888888886
Train_EnvstepsSoFar : 107489
TimeSinceStart : 42.077723264694214
Training Loss : -0.10907740890979767
Baseline Loss : 1.2662938833236694
Initial_DataCollection_AverageReturn : 9.580930709838867
Done logging...




********** Iteration 53 ************

Beginning logging procedure...

Collecting data for eval...
Eval_AverageReturn : 75.32257080078125
Eval_StdReturn : 15.580084800720215
Eval_MaxReturn : 99.80331420898438
Eval_MinReturn : 52.02223205566406
Eval_AverageEpLen : 47.77777777777778
Train_AverageReturn : 74.32222747802734
Train_StdReturn : 15.06582260131836
Train_MaxReturn : 115.2562255859375
Train_MinReturn : 27.863508224487305
Train_AverageEpLen : 48.80952380952381
Train_EnvstepsSoFar : 109539
TimeSinceStart : 42.92879366874695
Training Loss : -0.046646155416965485
Baseline Loss : 1.2123318910598755
Initial_DataCollection_AverageReturn : 9.580930709838867
Done logging...




********** Iteration 54 ************

Beginning logging procedure...

Collecting data for eval...
Eval_AverageReturn : 69.69889831542969
Eval_StdReturn : 18.99209976196289
Eval_MaxReturn : 116.26102447509766
Eval_MinReturn : 50.53919982910156
Eval_AverageEpLen : 44.44444444444444
Train_AverageReturn : 78.79820251464844
Train_StdReturn : 16.67200469970703
Train_MaxReturn : 118.95584106445312
Train_MinReturn : 46.698699951171875
Train_AverageEpLen : 50.525
Train_EnvstepsSoFar : 111560
TimeSinceStart : 43.713199615478516
Training Loss : -0.016034677624702454
Baseline Loss : 1.2345609664916992
Initial_DataCollection_AverageReturn : 9.580930709838867
Done logging...




********** Iteration 55 ************

Beginning logging procedure...

Collecting data for eval...
Eval_AverageReturn : 74.05894470214844
Eval_StdReturn : 8.49826431274414
Eval_MaxReturn : 90.04972076416016
Eval_MinReturn : 63.173152923583984
Eval_AverageEpLen : 50.25
Train_AverageReturn : 70.57940673828125
Train_StdReturn : 16.17867660522461
Train_MaxReturn : 128.32571411132812
Train_MinReturn : 47.83351516723633
Train_AverageEpLen : 44.130434782608695
Train_EnvstepsSoFar : 113590
TimeSinceStart : 44.49243927001953
Training Loss : -0.006788186263293028
Baseline Loss : 1.2057323455810547
Initial_DataCollection_AverageReturn : 9.580930709838867
Done logging...




********** Iteration 56 ************

Beginning logging procedure...

Collecting data for eval...
Eval_AverageReturn : 68.62785339355469
Eval_StdReturn : 10.558924674987793
Eval_MaxReturn : 84.16304779052734
Eval_MinReturn : 51.45926284790039
Eval_AverageEpLen : 41.7
Train_AverageReturn : 69.62472534179688
Train_StdReturn : 13.161285400390625
Train_MaxReturn : 101.34648895263672
Train_MinReturn : 48.427345275878906
Train_AverageEpLen : 42.93617021276596
Train_EnvstepsSoFar : 115608
TimeSinceStart : 45.190531969070435
Training Loss : -6.487253995146602e-05
Baseline Loss : 1.1824572086334229
Initial_DataCollection_AverageReturn : 9.580930709838867
Done logging...




********** Iteration 57 ************

Beginning logging procedure...

Collecting data for eval...
Eval_AverageReturn : 67.39665222167969
Eval_StdReturn : 8.422886848449707
Eval_MaxReturn : 80.45585632324219
Eval_MinReturn : 51.12068176269531
Eval_AverageEpLen : 41.0
Train_AverageReturn : 72.55744934082031
Train_StdReturn : 17.650541305541992
Train_MaxReturn : 157.44032287597656
Train_MinReturn : 48.21781539916992
Train_AverageEpLen : 46.883720930232556
Train_EnvstepsSoFar : 117624
TimeSinceStart : 46.00261926651001
Training Loss : -0.006452654954046011
Baseline Loss : 1.1918458938598633
Initial_DataCollection_AverageReturn : 9.580930709838867
Done logging...




********** Iteration 58 ************

Beginning logging procedure...

Collecting data for eval...
Eval_AverageReturn : 69.23316955566406
Eval_StdReturn : 16.79631996154785
Eval_MaxReturn : 104.20423889160156
Eval_MinReturn : 51.204586029052734
Eval_AverageEpLen : 45.333333333333336
Train_AverageReturn : 62.09404754638672
Train_StdReturn : 10.845696449279785
Train_MaxReturn : 92.3723373413086
Train_MinReturn : 46.54273986816406
Train_AverageEpLen : 38.57692307692308
Train_EnvstepsSoFar : 119630
TimeSinceStart : 46.709248542785645
Training Loss : -0.027075713500380516
Baseline Loss : 1.1401703357696533
Initial_DataCollection_AverageReturn : 9.580930709838867
Done logging...




********** Iteration 59 ************

Beginning logging procedure...

Collecting data for eval...
Eval_AverageReturn : 61.098514556884766
Eval_StdReturn : 9.933956146240234
Eval_MaxReturn : 82.64585876464844
Eval_MinReturn : 49.49671936035156
Eval_AverageEpLen : 37.45454545454545
Train_AverageReturn : 62.9312858581543
Train_StdReturn : 12.191778182983398
Train_MaxReturn : 105.3790283203125
Train_MinReturn : 45.26982498168945
Train_AverageEpLen : 40.02
Train_EnvstepsSoFar : 121631
TimeSinceStart : 47.44677495956421
Training Loss : 0.003841928206384182
Baseline Loss : 1.1383769512176514
Initial_DataCollection_AverageReturn : 9.580930709838867
Done logging...




********** Iteration 60 ************

Beginning logging procedure...

Collecting data for eval...
Eval_AverageReturn : 54.14188003540039
Eval_StdReturn : 14.954185485839844
Eval_MaxReturn : 69.07923889160156
Eval_MinReturn : 11.87043571472168
Eval_AverageEpLen : 34.166666666666664
Train_AverageReturn : 61.824310302734375
Train_StdReturn : 8.681358337402344
Train_MaxReturn : 85.9029541015625
Train_MinReturn : 41.786128997802734
Train_AverageEpLen : 37.592592592592595
Train_EnvstepsSoFar : 123661
TimeSinceStart : 48.10508608818054
Training Loss : 0.040865458548069
Baseline Loss : 1.1121379137039185
Initial_DataCollection_AverageReturn : 9.580930709838867
Done logging...




********** Iteration 61 ************

Beginning logging procedure...

Collecting data for eval...
Eval_AverageReturn : 61.54513931274414
Eval_StdReturn : 6.558045387268066
Eval_MaxReturn : 70.6969223022461
Eval_MinReturn : 47.65493392944336
Eval_AverageEpLen : 39.54545454545455
Train_AverageReturn : 62.90911865234375
Train_StdReturn : 12.06973934173584
Train_MaxReturn : 98.32073974609375
Train_MinReturn : 45.313655853271484
Train_AverageEpLen : 39.38461538461539
Train_EnvstepsSoFar : 125709
TimeSinceStart : 48.80861139297485
Training Loss : 0.05269161984324455
Baseline Loss : 1.1050083637237549
Initial_DataCollection_AverageReturn : 9.580930709838867
Done logging...




********** Iteration 62 ************

Beginning logging procedure...

Collecting data for eval...
Eval_AverageReturn : 62.029869079589844
Eval_StdReturn : 7.512327194213867
Eval_MaxReturn : 74.75338745117188
Eval_MinReturn : 52.95396041870117
Eval_AverageEpLen : 37.27272727272727
Train_AverageReturn : 60.62583923339844
Train_StdReturn : 9.502944946289062
Train_MaxReturn : 96.50347137451172
Train_MinReturn : 44.96194076538086
Train_AverageEpLen : 37.2037037037037
Train_EnvstepsSoFar : 127718
TimeSinceStart : 49.52026295661926
Training Loss : -0.0161818265914917
Baseline Loss : 1.0843961238861084
Initial_DataCollection_AverageReturn : 9.580930709838867
Done logging...




********** Iteration 63 ************

Beginning logging procedure...

Collecting data for eval...
Eval_AverageReturn : 64.43338775634766
Eval_StdReturn : 22.645231246948242
Eval_MaxReturn : 126.8499755859375
Eval_MinReturn : 43.8038444519043
Eval_AverageEpLen : 41.7
Train_AverageReturn : 59.46226119995117
Train_StdReturn : 8.460887908935547
Train_MaxReturn : 79.25209045410156
Train_MinReturn : 44.15565872192383
Train_AverageEpLen : 36.67272727272727
Train_EnvstepsSoFar : 129735
TimeSinceStart : 50.25636696815491
Training Loss : 0.03012409433722496
Baseline Loss : 1.0674066543579102
Initial_DataCollection_AverageReturn : 9.580930709838867
Done logging...




********** Iteration 64 ************

Beginning logging procedure...

Collecting data for eval...
Eval_AverageReturn : 64.03726196289062
Eval_StdReturn : 8.231884956359863
Eval_MaxReturn : 84.35894775390625
Eval_MinReturn : 55.881954193115234
Eval_AverageEpLen : 39.18181818181818
Train_AverageReturn : 63.51637268066406
Train_StdReturn : 18.150510787963867
Train_MaxReturn : 152.33937072753906
Train_MinReturn : 43.82066345214844
Train_AverageEpLen : 40.66
Train_EnvstepsSoFar : 131768
TimeSinceStart : 50.96786904335022
Training Loss : 0.04392101988196373
Baseline Loss : 1.0539747476577759
Initial_DataCollection_AverageReturn : 9.580930709838867
Done logging...




********** Iteration 65 ************

Beginning logging procedure...

Collecting data for eval...
Eval_AverageReturn : 59.20780944824219
Eval_StdReturn : 10.746543884277344
Eval_MaxReturn : 78.14102935791016
Eval_MinReturn : 41.73357009887695
Eval_AverageEpLen : 36.54545454545455
Train_AverageReturn : 60.03288650512695
Train_StdReturn : 13.937464714050293
Train_MaxReturn : 113.9056625366211
Train_MinReturn : 40.24412155151367
Train_AverageEpLen : 36.63636363636363
Train_EnvstepsSoFar : 133783
TimeSinceStart : 51.771098613739014
Training Loss : 0.017446815967559814
Baseline Loss : 1.0521318912506104
Initial_DataCollection_AverageReturn : 9.580930709838867
Done logging...




********** Iteration 66 ************

Beginning logging procedure...

Collecting data for eval...
Eval_AverageReturn : 60.836002349853516
Eval_StdReturn : 5.489396572113037
Eval_MaxReturn : 71.87037658691406
Eval_MinReturn : 51.61069869995117
Eval_AverageEpLen : 37.36363636363637
Train_AverageReturn : 63.535274505615234
Train_StdReturn : 13.606149673461914
Train_MaxReturn : 110.88141632080078
Train_MinReturn : 43.45127487182617
Train_AverageEpLen : 39.705882352941174
Train_EnvstepsSoFar : 135808
TimeSinceStart : 52.54883623123169
Training Loss : -0.041465166956186295
Baseline Loss : 1.0339287519454956
Initial_DataCollection_AverageReturn : 9.580930709838867
Done logging...




********** Iteration 67 ************

Beginning logging procedure...

Collecting data for eval...
Eval_AverageReturn : 58.96552658081055
Eval_StdReturn : 8.270041465759277
Eval_MaxReturn : 72.82120513916016
Eval_MinReturn : 49.36165237426758
Eval_AverageEpLen : 35.416666666666664
Train_AverageReturn : 59.53269577026367
Train_StdReturn : 10.354300498962402
Train_MaxReturn : 93.68982696533203
Train_MinReturn : 42.51292037963867
Train_AverageEpLen : 36.472727272727276
Train_EnvstepsSoFar : 137814
TimeSinceStart : 53.22397446632385
Training Loss : 0.07679662853479385
Baseline Loss : 1.0157595872879028
Initial_DataCollection_AverageReturn : 9.580930709838867
Done logging...




********** Iteration 68 ************

Beginning logging procedure...

Collecting data for eval...
Eval_AverageReturn : 58.482486724853516
Eval_StdReturn : 9.696066856384277
Eval_MaxReturn : 87.42521667480469
Eval_MinReturn : 48.38745880126953
Eval_AverageEpLen : 34.833333333333336
Train_AverageReturn : 59.51202392578125
Train_StdReturn : 11.415053367614746
Train_MaxReturn : 88.06462097167969
Train_MinReturn : 42.312522888183594
Train_AverageEpLen : 36.035714285714285
Train_EnvstepsSoFar : 139832
TimeSinceStart : 53.95427393913269
Training Loss : 0.06220254302024841
Baseline Loss : 0.9993481636047363
Initial_DataCollection_AverageReturn : 9.580930709838867
Done logging...




********** Iteration 69 ************

Beginning logging procedure...

Collecting data for eval...
Eval_AverageReturn : 65.40866088867188
Eval_StdReturn : 17.183252334594727
Eval_MaxReturn : 114.17130279541016
Eval_MinReturn : 50.349449157714844
Eval_AverageEpLen : 38.09090909090909
Train_AverageReturn : 62.281646728515625
Train_StdReturn : 11.924360275268555
Train_MaxReturn : 114.38130187988281
Train_MinReturn : 45.430240631103516
Train_AverageEpLen : 38.320754716981135
Train_EnvstepsSoFar : 141863
TimeSinceStart : 54.75951933860779
Training Loss : 0.037851959466934204
Baseline Loss : 0.9981394410133362
Initial_DataCollection_AverageReturn : 9.580930709838867
Done logging...




********** Iteration 70 ************

Beginning logging procedure...

Collecting data for eval...
Eval_AverageReturn : 61.590965270996094
Eval_StdReturn : 10.390117645263672
Eval_MaxReturn : 87.35285949707031
Eval_MinReturn : 48.20338821411133
Eval_AverageEpLen : 39.18181818181818
Train_AverageReturn : 60.49312973022461
Train_StdReturn : 11.065064430236816
Train_MaxReturn : 104.15750885009766
Train_MinReturn : 46.8775634765625
Train_AverageEpLen : 37.2037037037037
Train_EnvstepsSoFar : 143872
TimeSinceStart : 55.53214073181152
Training Loss : 0.08023229986429214
Baseline Loss : 0.9715436100959778
Initial_DataCollection_AverageReturn : 9.580930709838867
Done logging...




********** Iteration 71 ************

Beginning logging procedure...

Collecting data for eval...
Eval_AverageReturn : 66.72833251953125
Eval_StdReturn : 10.3832368850708
Eval_MaxReturn : 85.06043243408203
Eval_MinReturn : 49.604759216308594
Eval_AverageEpLen : 41.0
Train_AverageReturn : 63.78892135620117
Train_StdReturn : 14.098094940185547
Train_MaxReturn : 113.65312957763672
Train_MinReturn : 46.45302200317383
Train_AverageEpLen : 38.57692307692308
Train_EnvstepsSoFar : 145878
TimeSinceStart : 56.302626609802246
Training Loss : 0.07518243044614792
Baseline Loss : 0.9734392762184143
Initial_DataCollection_AverageReturn : 9.580930709838867
Done logging...




********** Iteration 72 ************

Beginning logging procedure...

Collecting data for eval...
Eval_AverageReturn : 58.596282958984375
Eval_StdReturn : 8.0075101852417
Eval_MaxReturn : 73.07569122314453
Eval_MinReturn : 47.564674377441406
Eval_AverageEpLen : 35.0
Train_AverageReturn : 64.71524047851562
Train_StdReturn : 12.780500411987305
Train_MaxReturn : 107.8763656616211
Train_MinReturn : 44.18101119995117
Train_AverageEpLen : 38.88461538461539
Train_EnvstepsSoFar : 147900
TimeSinceStart : 57.22727298736572
Training Loss : 0.01846657320857048
Baseline Loss : 0.9596618413925171
Initial_DataCollection_AverageReturn : 9.580930709838867
Done logging...




********** Iteration 73 ************

Beginning logging procedure...

Collecting data for eval...
Eval_AverageReturn : 64.68311309814453
Eval_StdReturn : 11.739516258239746
Eval_MaxReturn : 88.95858764648438
Eval_MinReturn : 48.329872131347656
Eval_AverageEpLen : 40.8
Train_AverageReturn : 61.56589889526367
Train_StdReturn : 9.684704780578613
Train_MaxReturn : 89.74330139160156
Train_MinReturn : 43.002845764160156
Train_AverageEpLen : 37.333333333333336
Train_EnvstepsSoFar : 149916
TimeSinceStart : 58.05948257446289
Training Loss : 0.0650157630443573
Baseline Loss : 0.9359162449836731
Initial_DataCollection_AverageReturn : 9.580930709838867
Done logging...




********** Iteration 74 ************

Beginning logging procedure...

Collecting data for eval...
Eval_AverageReturn : 72.78227233886719
Eval_StdReturn : 23.347944259643555
Eval_MaxReturn : 133.82290649414062
Eval_MinReturn : 55.19582748413086
Eval_AverageEpLen : 42.7
Train_AverageReturn : 64.80821228027344
Train_StdReturn : 14.36802864074707
Train_MaxReturn : 109.53504180908203
Train_MinReturn : 42.726131439208984
Train_AverageEpLen : 38.45283018867924
Train_EnvstepsSoFar : 151954
TimeSinceStart : 58.9285728931427
Training Loss : 0.0019374561961740255
Baseline Loss : 0.9230713248252869
Initial_DataCollection_AverageReturn : 9.580930709838867
Done logging...




********** Iteration 75 ************

Beginning logging procedure...

Collecting data for eval...
Eval_AverageReturn : 63.4384880065918
Eval_StdReturn : 9.927860260009766
Eval_MaxReturn : 85.59416961669922
Eval_MinReturn : 52.5128288269043
Eval_AverageEpLen : 37.54545454545455
Train_AverageReturn : 65.5444107055664
Train_StdReturn : 11.595681190490723
Train_MaxReturn : 99.34849548339844
Train_MinReturn : 48.42012405395508
Train_AverageEpLen : 39.72549019607843
Train_EnvstepsSoFar : 153980
TimeSinceStart : 59.75758481025696
Training Loss : 0.0549531951546669
Baseline Loss : 0.9193053841590881
Initial_DataCollection_AverageReturn : 9.580930709838867
Done logging...




********** Iteration 76 ************

Beginning logging procedure...

Collecting data for eval...
Eval_AverageReturn : 71.71317291259766
Eval_StdReturn : 10.492002487182617
Eval_MaxReturn : 89.32623291015625
Eval_MinReturn : 56.11696243286133
Eval_AverageEpLen : 44.55555555555556
Train_AverageReturn : 69.84623718261719
Train_StdReturn : 15.539031028747559
Train_MaxReturn : 128.1813201904297
Train_MinReturn : 46.942020416259766
Train_AverageEpLen : 41.44897959183673
Train_EnvstepsSoFar : 156011
TimeSinceStart : 60.61963510513306
Training Loss : 0.014782829210162163
Baseline Loss : 0.914328396320343
Initial_DataCollection_AverageReturn : 9.580930709838867
Done logging...




********** Iteration 77 ************

Beginning logging procedure...

Collecting data for eval...
Eval_AverageReturn : 73.00643920898438
Eval_StdReturn : 13.534302711486816
Eval_MaxReturn : 100.06280517578125
Eval_MinReturn : 49.70554733276367
Eval_AverageEpLen : 41.8
Train_AverageReturn : 78.93509674072266
Train_StdReturn : 25.316469192504883
Train_MaxReturn : 156.04942321777344
Train_MinReturn : 42.980506896972656
Train_AverageEpLen : 44.91111111111111
Train_EnvstepsSoFar : 158032
TimeSinceStart : 61.5021767616272
Training Loss : 0.02908959984779358
Baseline Loss : 0.9232702255249023
Initial_DataCollection_AverageReturn : 9.580930709838867
Done logging...




********** Iteration 78 ************

Beginning logging procedure...

Collecting data for eval...
Eval_AverageReturn : 75.46327209472656
Eval_StdReturn : 17.19633674621582
Eval_MaxReturn : 105.66217803955078
Eval_MinReturn : 50.98818588256836
Eval_AverageEpLen : 44.888888888888886
Train_AverageReturn : 78.09725952148438
Train_StdReturn : 20.001922607421875
Train_MaxReturn : 133.18544006347656
Train_MinReturn : 45.610347747802734
Train_AverageEpLen : 45.28888888888889
Train_EnvstepsSoFar : 160070
TimeSinceStart : 62.336869955062866
Training Loss : 0.010852500796318054
Baseline Loss : 0.9056597948074341
Initial_DataCollection_AverageReturn : 9.580930709838867
Done logging...




********** Iteration 79 ************

Beginning logging procedure...

Collecting data for eval...
Eval_AverageReturn : 82.82180786132812
Eval_StdReturn : 20.297666549682617
Eval_MaxReturn : 115.98381805419922
Eval_MinReturn : 57.425350189208984
Eval_AverageEpLen : 47.666666666666664
Train_AverageReturn : 79.76917266845703
Train_StdReturn : 19.34870147705078
Train_MaxReturn : 136.74179077148438
Train_MinReturn : 48.9358024597168
Train_AverageEpLen : 46.43181818181818
Train_EnvstepsSoFar : 162113
TimeSinceStart : 63.23365640640259
Training Loss : 0.06271951645612717
Baseline Loss : 0.8835312128067017
Initial_DataCollection_AverageReturn : 9.580930709838867
Done logging...




********** Iteration 80 ************

Beginning logging procedure...

Collecting data for eval...
Eval_AverageReturn : 97.68769073486328
Eval_StdReturn : 19.30244255065918
Eval_MaxReturn : 139.48251342773438
Eval_MinReturn : 72.25716400146484
Eval_AverageEpLen : 54.25
Train_AverageReturn : 83.46708679199219
Train_StdReturn : 23.341527938842773
Train_MaxReturn : 148.42724609375
Train_MinReturn : 45.178077697753906
Train_AverageEpLen : 46.97674418604651
Train_EnvstepsSoFar : 164133
TimeSinceStart : 64.0682008266449
Training Loss : 0.005569710861891508
Baseline Loss : 0.8691690564155579
Initial_DataCollection_AverageReturn : 9.580930709838867
Done logging...




********** Iteration 81 ************

Beginning logging procedure...

Collecting data for eval...
Eval_AverageReturn : 92.74124145507812
Eval_StdReturn : 24.797792434692383
Eval_MaxReturn : 128.82777404785156
Eval_MinReturn : 47.95435333251953
Eval_AverageEpLen : 51.25
Train_AverageReturn : 92.3253173828125
Train_StdReturn : 25.515546798706055
Train_MaxReturn : 168.3316650390625
Train_MinReturn : 50.72533416748047
Train_AverageEpLen : 52.205128205128204
Train_EnvstepsSoFar : 166169
TimeSinceStart : 64.93321704864502
Training Loss : 0.05886443331837654
Baseline Loss : 0.8828062415122986
Initial_DataCollection_AverageReturn : 9.580930709838867
Done logging...




********** Iteration 82 ************

Beginning logging procedure...

Collecting data for eval...
Eval_AverageReturn : 103.93819427490234
Eval_StdReturn : 42.57204055786133
Eval_MaxReturn : 193.8599395751953
Eval_MinReturn : 65.11639404296875
Eval_AverageEpLen : 55.125
Train_AverageReturn : 103.86470031738281
Train_StdReturn : 37.302215576171875
Train_MaxReturn : 209.5308837890625
Train_MinReturn : 29.134836196899414
Train_AverageEpLen : 55.054054054054056
Train_EnvstepsSoFar : 168206
TimeSinceStart : 65.79145240783691
Training Loss : -0.01622064784169197
Baseline Loss : 0.8863003253936768
Initial_DataCollection_AverageReturn : 9.580930709838867
Done logging...




********** Iteration 83 ************

Beginning logging procedure...

Collecting data for eval...
Eval_AverageReturn : 108.5518798828125
Eval_StdReturn : 24.07213592529297
Eval_MaxReturn : 140.48922729492188
Eval_MinReturn : 70.18377685546875
Eval_AverageEpLen : 60.857142857142854
Train_AverageReturn : 109.80536651611328
Train_StdReturn : 40.548545837402344
Train_MaxReturn : 195.41555786132812
Train_MinReturn : 55.5532112121582
Train_AverageEpLen : 57.77142857142857
Train_EnvstepsSoFar : 170228
TimeSinceStart : 66.62902355194092
Training Loss : -0.01253958884626627
Baseline Loss : 0.8574171662330627
Initial_DataCollection_AverageReturn : 9.580930709838867
Done logging...




********** Iteration 84 ************

Beginning logging procedure...

Collecting data for eval...
Eval_AverageReturn : 111.53177642822266
Eval_StdReturn : 27.0443172454834
Eval_MaxReturn : 154.38079833984375
Eval_MinReturn : 79.04042053222656
Eval_AverageEpLen : 59.142857142857146
Train_AverageReturn : 106.57837677001953
Train_StdReturn : 32.8239860534668
Train_MaxReturn : 187.8292694091797
Train_MinReturn : 51.30094909667969
Train_AverageEpLen : 57.111111111111114
Train_EnvstepsSoFar : 172284
TimeSinceStart : 67.45920300483704
Training Loss : -0.008111052215099335
Baseline Loss : 0.834164023399353
Initial_DataCollection_AverageReturn : 9.580930709838867
Done logging...




********** Iteration 85 ************

Beginning logging procedure...

Collecting data for eval...
Eval_AverageReturn : 152.60438537597656
Eval_StdReturn : 43.54774856567383
Eval_MaxReturn : 196.9047393798828
Eval_MinReturn : 67.09256744384766
Eval_AverageEpLen : 72.66666666666667
Train_AverageReturn : 125.48522186279297
Train_StdReturn : 32.669586181640625
Train_MaxReturn : 184.08299255371094
Train_MinReturn : 68.2070083618164
Train_AverageEpLen : 64.70967741935483
Train_EnvstepsSoFar : 174290
TimeSinceStart : 68.31206345558167
Training Loss : -0.012387729249894619
Baseline Loss : 0.8416494131088257
Initial_DataCollection_AverageReturn : 9.580930709838867
Done logging...




********** Iteration 86 ************

Beginning logging procedure...

Collecting data for eval...
Eval_AverageReturn : 139.18421936035156
Eval_StdReturn : 63.167083740234375
Eval_MaxReturn : 209.666015625
Eval_MinReturn : 42.60177993774414
Eval_AverageEpLen : 67.85714285714286
Train_AverageReturn : 141.51661682128906
Train_StdReturn : 50.16762161254883
Train_MaxReturn : 210.57861328125
Train_MinReturn : 21.828033447265625
Train_AverageEpLen : 69.03333333333333
Train_EnvstepsSoFar : 176361
TimeSinceStart : 69.1643009185791
Training Loss : 0.033299244940280914
Baseline Loss : 0.8629860877990723
Initial_DataCollection_AverageReturn : 9.580930709838867
Done logging...




********** Iteration 87 ************

Beginning logging procedure...

Collecting data for eval...
Eval_AverageReturn : 164.0631561279297
Eval_StdReturn : 61.62520217895508
Eval_MaxReturn : 240.065673828125
Eval_MinReturn : 49.959144592285156
Eval_AverageEpLen : 80.16666666666667
Train_AverageReturn : 141.93597412109375
Train_StdReturn : 44.67344665527344
Train_MaxReturn : 205.22967529296875
Train_MinReturn : 38.129520416259766
Train_AverageEpLen : 69.13333333333334
Train_EnvstepsSoFar : 178435
TimeSinceStart : 70.02822780609131
Training Loss : -0.0173630490899086
Baseline Loss : 0.8477786779403687
Initial_DataCollection_AverageReturn : 9.580930709838867
Done logging...




********** Iteration 88 ************

Beginning logging procedure...

Collecting data for eval...
Eval_AverageReturn : 134.6890869140625
Eval_StdReturn : 73.40876770019531
Eval_MaxReturn : 205.27955627441406
Eval_MinReturn : 22.67165756225586
Eval_AverageEpLen : 68.33333333333333
Train_AverageReturn : 132.6742706298828
Train_StdReturn : 54.26116180419922
Train_MaxReturn : 212.43875122070312
Train_MinReturn : 31.76712989807129
Train_AverageEpLen : 65.87096774193549
Train_EnvstepsSoFar : 180477
TimeSinceStart : 70.8208909034729
Training Loss : 0.02551918290555477
Baseline Loss : 0.9156931042671204
Initial_DataCollection_AverageReturn : 9.580930709838867
Done logging...




********** Iteration 89 ************

Beginning logging procedure...

Collecting data for eval...
Eval_AverageReturn : 136.36891174316406
Eval_StdReturn : 68.03560638427734
Eval_MaxReturn : 196.25784301757812
Eval_MinReturn : 39.741661071777344
Eval_AverageEpLen : 68.16666666666667
Train_AverageReturn : 130.13739013671875
Train_StdReturn : 61.390113830566406
Train_MaxReturn : 211.5953369140625
Train_MinReturn : 26.633033752441406
Train_AverageEpLen : 64.25
Train_EnvstepsSoFar : 182533
TimeSinceStart : 71.66559195518494
Training Loss : -0.022894514724612236
Baseline Loss : 0.9564993381500244
Initial_DataCollection_AverageReturn : 9.580930709838867
Done logging...




********** Iteration 90 ************

Beginning logging procedure...

Collecting data for eval...
Eval_AverageReturn : 103.77112579345703
Eval_StdReturn : 76.36994934082031
Eval_MaxReturn : 202.74661254882812
Eval_MinReturn : 21.199176788330078
Eval_AverageEpLen : 52.333333333333336
Train_AverageReturn : 154.84193420410156
Train_StdReturn : 57.05561065673828
Train_MaxReturn : 212.6740264892578
Train_MinReturn : 17.801101684570312
Train_AverageEpLen : 74.07142857142857
Train_EnvstepsSoFar : 184607
TimeSinceStart : 72.55055546760559
Training Loss : -0.013624829240143299
Baseline Loss : 0.9031118154525757
Initial_DataCollection_AverageReturn : 9.580930709838867
Done logging...




********** Iteration 91 ************

Beginning logging procedure...

Collecting data for eval...
Eval_AverageReturn : 112.31306457519531
Eval_StdReturn : 75.82695770263672
Eval_MaxReturn : 205.02603149414062
Eval_MinReturn : 22.314117431640625
Eval_AverageEpLen : 56.5
Train_AverageReturn : 132.31716918945312
Train_StdReturn : 73.63461303710938
Train_MaxReturn : 211.1360626220703
Train_MinReturn : 20.13960838317871
Train_AverageEpLen : 64.96875
Train_EnvstepsSoFar : 186686
TimeSinceStart : 73.3988344669342
Training Loss : -0.01553881261497736
Baseline Loss : 0.9989345669746399
Initial_DataCollection_AverageReturn : 9.580930709838867
Done logging...




********** Iteration 92 ************

Beginning logging procedure...

Collecting data for eval...
Eval_AverageReturn : 95.48635864257812
Eval_StdReturn : 68.57071685791016
Eval_MaxReturn : 194.9539337158203
Eval_MinReturn : 26.535734176635742
Eval_AverageEpLen : 50.111111111111114
Train_AverageReturn : 104.6458511352539
Train_StdReturn : 74.99091339111328
Train_MaxReturn : 213.7364959716797
Train_MinReturn : 18.033279418945312
Train_AverageEpLen : 53.421052631578945
Train_EnvstepsSoFar : 188716
TimeSinceStart : 74.39697980880737
Training Loss : -0.04328688234090805
Baseline Loss : 1.1182860136032104
Initial_DataCollection_AverageReturn : 9.580930709838867
Done logging...




********** Iteration 93 ************

Beginning logging procedure...

Collecting data for eval...
Eval_AverageReturn : 90.48181915283203
Eval_StdReturn : 59.343170166015625
Eval_MaxReturn : 190.4194793701172
Eval_MinReturn : 22.115095138549805
Eval_AverageEpLen : 49.333333333333336
Train_AverageReturn : 74.09385681152344
Train_StdReturn : 56.897796630859375
Train_MaxReturn : 213.02638244628906
Train_MinReturn : 11.883068084716797
Train_AverageEpLen : 43.08510638297872
Train_EnvstepsSoFar : 190741
TimeSinceStart : 75.30555415153503
Training Loss : -0.07210586220026016
Baseline Loss : 1.2309685945510864
Initial_DataCollection_AverageReturn : 9.580930709838867
Done logging...




********** Iteration 94 ************

Beginning logging procedure...

Collecting data for eval...
Eval_AverageReturn : 51.29030227661133
Eval_StdReturn : 25.055030822753906
Eval_MaxReturn : 111.92098236083984
Eval_MinReturn : 17.01947021484375
Eval_AverageEpLen : 33.38461538461539
Train_AverageReturn : 70.51136779785156
Train_StdReturn : 63.52735137939453
Train_MaxReturn : 210.1244659423828
Train_MinReturn : 13.782081604003906
Train_AverageEpLen : 40.15686274509804
Train_EnvstepsSoFar : 192789
TimeSinceStart : 76.11740279197693
Training Loss : -0.04522854834794998
Baseline Loss : 1.304120659828186
Initial_DataCollection_AverageReturn : 9.580930709838867
Done logging...




********** Iteration 95 ************

Beginning logging procedure...

Collecting data for eval...
Eval_AverageReturn : 56.749935150146484
Eval_StdReturn : 47.903053283691406
Eval_MaxReturn : 179.0736083984375
Eval_MinReturn : 10.23056411743164
Eval_AverageEpLen : 34.5
Train_AverageReturn : 53.16699981689453
Train_StdReturn : 48.7989501953125
Train_MaxReturn : 210.49481201171875
Train_MinReturn : 11.226678848266602
Train_AverageEpLen : 33.04838709677419
Train_EnvstepsSoFar : 194838
TimeSinceStart : 76.97353935241699
Training Loss : -0.06023764982819557
Baseline Loss : 1.2796159982681274
Initial_DataCollection_AverageReturn : 9.580930709838867
Done logging...




********** Iteration 96 ************

Beginning logging procedure...

Collecting data for eval...
Eval_AverageReturn : 53.03947067260742
Eval_StdReturn : 55.08369445800781
Eval_MaxReturn : 193.9432373046875
Eval_MinReturn : 13.274484634399414
Eval_AverageEpLen : 31.615384615384617
Train_AverageReturn : 43.372005462646484
Train_StdReturn : 41.457740783691406
Train_MaxReturn : 188.4351348876953
Train_MinReturn : 12.341352462768555
Train_AverageEpLen : 28.041666666666668
Train_EnvstepsSoFar : 196857
TimeSinceStart : 77.85732245445251
Training Loss : -0.07000025361776352
Baseline Loss : 1.3025460243225098
Initial_DataCollection_AverageReturn : 9.580930709838867
Done logging...




********** Iteration 97 ************

Beginning logging procedure...

Collecting data for eval...
Eval_AverageReturn : 27.705472946166992
Eval_StdReturn : 10.90588092803955
Eval_MaxReturn : 46.42119216918945
Eval_MinReturn : 10.090873718261719
Eval_AverageEpLen : 21.42105263157895
Train_AverageReturn : 34.3095703125
Train_StdReturn : 19.974882125854492
Train_MaxReturn : 150.9013671875
Train_MinReturn : 10.052329063415527
Train_AverageEpLen : 24.51219512195122
Train_EnvstepsSoFar : 198867
TimeSinceStart : 78.5811505317688
Training Loss : -0.021650688722729683
Baseline Loss : 1.1868903636932373
Initial_DataCollection_AverageReturn : 9.580930709838867
Done logging...




********** Iteration 98 ************

Beginning logging procedure...

Collecting data for eval...
Eval_AverageReturn : 25.847103118896484
Eval_StdReturn : 8.861698150634766
Eval_MaxReturn : 54.02751541137695
Eval_MinReturn : 13.824155807495117
Eval_AverageEpLen : 20.38095238095238
Train_AverageReturn : 30.584972381591797
Train_StdReturn : 18.105632781982422
Train_MaxReturn : 105.65106201171875
Train_MinReturn : 11.156588554382324
Train_AverageEpLen : 22.528089887640448
Train_EnvstepsSoFar : 200872
TimeSinceStart : 79.32399535179138
Training Loss : -0.029100699350237846
Baseline Loss : 1.1279852390289307
Initial_DataCollection_AverageReturn : 9.580930709838867
Done logging...




********** Iteration 99 ************

Beginning logging procedure...

Collecting data for eval...
Eval_AverageReturn : 30.80610466003418
Eval_StdReturn : 18.4439697265625
Eval_MaxReturn : 93.72069549560547
Eval_MinReturn : 11.29869270324707
Eval_AverageEpLen : 22.38888888888889
Train_AverageReturn : 31.256641387939453
Train_StdReturn : 22.929771423339844
Train_MaxReturn : 139.983642578125
Train_MinReturn : 12.080320358276367
Train_AverageEpLen : 22.53932584269663
Train_EnvstepsSoFar : 202878
TimeSinceStart : 80.04807376861572
Training Loss : -0.10322538763284683
Baseline Loss : 1.129906177520752
Initial_DataCollection_AverageReturn : 9.580930709838867
Done logging...




********** Iteration 100 ************

Beginning logging procedure...

Collecting data for eval...
Eval_AverageReturn : 22.16492462158203
Eval_StdReturn : 7.394616603851318
Eval_MaxReturn : 41.23866271972656
Eval_MinReturn : 12.421460151672363
Eval_AverageEpLen : 18.0
Train_AverageReturn : 27.936676025390625
Train_StdReturn : 14.825546264648438
Train_MaxReturn : 94.92559814453125
Train_MinReturn : 7.73505973815918
Train_AverageEpLen : 21.319148936170212
Train_EnvstepsSoFar : 204882
TimeSinceStart : 80.74435710906982
Training Loss : -0.09095802158117294
Baseline Loss : 1.021703839302063
Initial_DataCollection_AverageReturn : 9.580930709838867
Done logging...




********** Iteration 101 ************

Beginning logging procedure...

Collecting data for eval...
Eval_AverageReturn : 29.722736358642578
Eval_StdReturn : 23.20937156677246
Eval_MaxReturn : 121.23613739013672
Eval_MinReturn : 11.936412811279297
Eval_AverageEpLen : 22.05263157894737
Train_AverageReturn : 25.0992488861084
Train_StdReturn : 12.204509735107422
Train_MaxReturn : 87.52486419677734
Train_MinReturn : 9.972256660461426
Train_AverageEpLen : 19.784313725490197
Train_EnvstepsSoFar : 206900
TimeSinceStart : 81.48128962516785
Training Loss : -0.012091925367712975
Baseline Loss : 1.0166280269622803
Initial_DataCollection_AverageReturn : 9.580930709838867
Done logging...




********** Iteration 102 ************

Beginning logging procedure...

Collecting data for eval...
Eval_AverageReturn : 28.185415267944336
Eval_StdReturn : 32.24062728881836
Eval_MaxReturn : 170.76731872558594
Eval_MinReturn : 12.438089370727539
Eval_AverageEpLen : 20.095238095238095
Train_AverageReturn : 23.261062622070312
Train_StdReturn : 12.585756301879883
Train_MaxReturn : 87.49778747558594
Train_MinReturn : 9.238571166992188
Train_AverageEpLen : 18.62962962962963
Train_EnvstepsSoFar : 208912
TimeSinceStart : 82.26655077934265
Training Loss : -0.005083329044282436
Baseline Loss : 0.9954521059989929
Initial_DataCollection_AverageReturn : 9.580930709838867
Done logging...




********** Iteration 103 ************

Beginning logging procedure...

Collecting data for eval...
Eval_AverageReturn : 23.600252151489258
Eval_StdReturn : 6.878609657287598
Eval_MaxReturn : 40.759986877441406
Eval_MinReturn : 12.822657585144043
Eval_AverageEpLen : 18.772727272727273
Train_AverageReturn : 22.020248413085938
Train_StdReturn : 7.761796951293945
Train_MaxReturn : 49.274864196777344
Train_MinReturn : 9.286722183227539
Train_AverageEpLen : 17.657894736842106
Train_EnvstepsSoFar : 210925
TimeSinceStart : 83.00181221961975
Training Loss : 0.03909857198596001
Baseline Loss : 0.9055647253990173
Initial_DataCollection_AverageReturn : 9.580930709838867
Done logging...




********** Iteration 104 ************

Beginning logging procedure...

Collecting data for eval...
Eval_AverageReturn : 25.181413650512695
Eval_StdReturn : 11.801666259765625
Eval_MaxReturn : 67.30464935302734
Eval_MinReturn : 10.399023056030273
Eval_AverageEpLen : 19.61904761904762
Train_AverageReturn : 23.238962173461914
Train_StdReturn : 10.476882934570312
Train_MaxReturn : 105.30440521240234
Train_MinReturn : 10.640612602233887
Train_AverageEpLen : 18.495412844036696
Train_EnvstepsSoFar : 212941
TimeSinceStart : 83.80988144874573
Training Loss : 0.0037066517397761345
Baseline Loss : 0.9353251457214355
Initial_DataCollection_AverageReturn : 9.580930709838867
Done logging...




********** Iteration 105 ************

Beginning logging procedure...

Collecting data for eval...
Eval_AverageReturn : 24.948823928833008
Eval_StdReturn : 7.6265339851379395
Eval_MaxReturn : 42.97996139526367
Eval_MinReturn : 13.744997024536133
Eval_AverageEpLen : 19.095238095238095
Train_AverageReturn : 24.377578735351562
Train_StdReturn : 9.159235000610352
Train_MaxReturn : 63.44676971435547
Train_MinReturn : 9.968669891357422
Train_AverageEpLen : 19.085714285714285
Train_EnvstepsSoFar : 214945
TimeSinceStart : 84.51776599884033
Training Loss : 0.027456969022750854
Baseline Loss : 0.8854597210884094
Initial_DataCollection_AverageReturn : 9.580930709838867
Done logging...




********** Iteration 106 ************

Beginning logging procedure...

Collecting data for eval...
Eval_AverageReturn : 19.401269912719727
Eval_StdReturn : 5.185568332672119
Eval_MaxReturn : 32.2850227355957
Eval_MinReturn : 9.903051376342773
Eval_AverageEpLen : 16.28
Train_AverageReturn : 27.828285217285156
Train_StdReturn : 19.79119873046875
Train_MaxReturn : 135.1780548095703
Train_MinReturn : 11.406299591064453
Train_AverageEpLen : 20.670103092783506
Train_EnvstepsSoFar : 216950
TimeSinceStart : 85.17592477798462
Training Loss : 0.003719503991305828
Baseline Loss : 1.009226679801941
Initial_DataCollection_AverageReturn : 9.580930709838867
Done logging...




********** Iteration 107 ************

Beginning logging procedure...

Collecting data for eval...
Eval_AverageReturn : 22.142414093017578
Eval_StdReturn : 6.943111419677734
Eval_MaxReturn : 46.94374465942383
Eval_MinReturn : 14.285186767578125
Eval_AverageEpLen : 17.52173913043478
Train_AverageReturn : 24.051101684570312
Train_StdReturn : 11.301678657531738
Train_MaxReturn : 103.47769165039062
Train_MinReturn : 9.181485176086426
Train_AverageEpLen : 18.62037037037037
Train_EnvstepsSoFar : 218961
TimeSinceStart : 85.98001432418823
Training Loss : 0.032089997082948685
Baseline Loss : 0.9359848499298096
Initial_DataCollection_AverageReturn : 9.580930709838867
Done logging...




********** Iteration 108 ************

Beginning logging procedure...

Collecting data for eval...
Eval_AverageReturn : 25.40496826171875
Eval_StdReturn : 8.465832710266113
Eval_MaxReturn : 41.877532958984375
Eval_MinReturn : 10.666046142578125
Eval_AverageEpLen : 19.272727272727273
Train_AverageReturn : 24.135644912719727
Train_StdReturn : 9.947173118591309
Train_MaxReturn : 55.50688552856445
Train_MinReturn : 9.85899829864502
Train_AverageEpLen : 18.694444444444443
Train_EnvstepsSoFar : 220980
TimeSinceStart : 86.77906727790833
Training Loss : 0.03924611210823059
Baseline Loss : 0.8965682983398438
Initial_DataCollection_AverageReturn : 9.580930709838867
Done logging...




********** Iteration 109 ************

Beginning logging procedure...

Collecting data for eval...
Eval_AverageReturn : 30.8713436126709
Eval_StdReturn : 17.279766082763672
Eval_MaxReturn : 77.4678955078125
Eval_MinReturn : 10.866119384765625
Eval_AverageEpLen : 22.05263157894737
Train_AverageReturn : 31.394371032714844
Train_StdReturn : 26.894535064697266
Train_MaxReturn : 199.48709106445312
Train_MinReturn : 10.132457733154297
Train_AverageEpLen : 22.344444444444445
Train_EnvstepsSoFar : 222991
TimeSinceStart : 87.47386002540588
Training Loss : 0.042044419795274734
Baseline Loss : 1.0733566284179688
Initial_DataCollection_AverageReturn : 9.580930709838867
Done logging...




********** Iteration 110 ************

Beginning logging procedure...

Collecting data for eval...
Eval_AverageReturn : 23.5155086517334
Eval_StdReturn : 6.880494117736816
Eval_MaxReturn : 34.39288330078125
Eval_MinReturn : 10.324529647827148
Eval_AverageEpLen : 18.636363636363637
Train_AverageReturn : 32.02546691894531
Train_StdReturn : 20.77172088623047
Train_MaxReturn : 110.43254089355469
Train_MinReturn : 10.94102668762207
Train_AverageEpLen : 22.931818181818183
Train_EnvstepsSoFar : 225009
TimeSinceStart : 88.2371015548706
Training Loss : 0.03393060714006424
Baseline Loss : 1.0172444581985474
Initial_DataCollection_AverageReturn : 9.580930709838867
Done logging...




********** Iteration 111 ************

Beginning logging procedure...

Collecting data for eval...
Eval_AverageReturn : 29.664695739746094
Eval_StdReturn : 18.622377395629883
Eval_MaxReturn : 96.6627197265625
Eval_MinReturn : 13.079001426696777
Eval_AverageEpLen : 21.63157894736842
Train_AverageReturn : 34.6934700012207
Train_StdReturn : 21.60355567932129
Train_MaxReturn : 103.43785095214844
Train_MinReturn : 10.963918685913086
Train_AverageEpLen : 24.132530120481928
Train_EnvstepsSoFar : 227012
TimeSinceStart : 88.81274271011353
Training Loss : 0.034336451441049576
Baseline Loss : 1.0220966339111328
Initial_DataCollection_AverageReturn : 9.580930709838867
Done logging...




********** Iteration 112 ************

Beginning logging procedure...

Collecting data for eval...
Eval_AverageReturn : 35.33598709106445
Eval_StdReturn : 21.03253746032715
Eval_MaxReturn : 116.26138305664062
Eval_MinReturn : 20.103981018066406
Eval_AverageEpLen : 24.470588235294116
Train_AverageReturn : 35.76713943481445
Train_StdReturn : 20.049354553222656
Train_MaxReturn : 122.01188659667969
Train_MinReturn : 11.392146110534668
Train_AverageEpLen : 24.864197530864196
Train_EnvstepsSoFar : 229026
TimeSinceStart : 89.60005831718445
Training Loss : -0.011831611394882202
Baseline Loss : 1.0119937658309937
Initial_DataCollection_AverageReturn : 9.580930709838867
Done logging...




********** Iteration 113 ************

Beginning logging procedure...

Collecting data for eval...
Eval_AverageReturn : 46.228851318359375
Eval_StdReturn : 25.011333465576172
Eval_MaxReturn : 90.1648178100586
Eval_MinReturn : 13.566699981689453
Eval_AverageEpLen : 30.357142857142858
Train_AverageReturn : 42.16211700439453
Train_StdReturn : 25.27556800842285
Train_MaxReturn : 184.17056274414062
Train_MinReturn : 12.391312599182129
Train_AverageEpLen : 28.041666666666668
Train_EnvstepsSoFar : 231045
TimeSinceStart : 90.37408709526062
Training Loss : 0.04790832847356796
Baseline Loss : 1.0200868844985962
Initial_DataCollection_AverageReturn : 9.580930709838867
Done logging...




********** Iteration 114 ************

Beginning logging procedure...

Collecting data for eval...
Eval_AverageReturn : 68.14152526855469
Eval_StdReturn : 46.63190841674805
Eval_MaxReturn : 190.13934326171875
Eval_MinReturn : 24.364105224609375
Eval_AverageEpLen : 41.0
Train_AverageReturn : 54.62578201293945
Train_StdReturn : 39.47141647338867
Train_MaxReturn : 197.8895263671875
Train_MinReturn : 10.972200393676758
Train_AverageEpLen : 34.016949152542374
Train_EnvstepsSoFar : 233052
TimeSinceStart : 91.08656740188599
Training Loss : -0.020440975204110146
Baseline Loss : 1.0221309661865234
Initial_DataCollection_AverageReturn : 9.580930709838867
Done logging...




********** Iteration 115 ************

Beginning logging procedure...

Collecting data for eval...
Eval_AverageReturn : 108.80547332763672
Eval_StdReturn : 53.9736213684082
Eval_MaxReturn : 188.84298706054688
Eval_MinReturn : 29.71877098083496
Eval_AverageEpLen : 60.57142857142857
Train_AverageReturn : 59.80525588989258
Train_StdReturn : 39.946372985839844
Train_MaxReturn : 203.35118103027344
Train_MinReturn : 19.917098999023438
Train_AverageEpLen : 36.763636363636365
Train_EnvstepsSoFar : 235074
TimeSinceStart : 91.87523221969604
Training Loss : 0.06170181185007095
Baseline Loss : 1.022373080253601
Initial_DataCollection_AverageReturn : 9.580930709838867
Done logging...




********** Iteration 116 ************

Beginning logging procedure...

Collecting data for eval...
Eval_AverageReturn : 124.79270935058594
Eval_StdReturn : 68.17333984375
Eval_MaxReturn : 197.53990173339844
Eval_MinReturn : 33.2406120300293
Eval_AverageEpLen : 65.57142857142857
Train_AverageReturn : 83.5948715209961
Train_StdReturn : 55.47376251220703
Train_MaxReturn : 205.31700134277344
Train_MinReturn : 17.130765914916992
Train_AverageEpLen : 46.97674418604651
Train_EnvstepsSoFar : 237094
TimeSinceStart : 92.57257866859436
Training Loss : 0.008710868656635284
Baseline Loss : 1.0198506116867065
Initial_DataCollection_AverageReturn : 9.580930709838867
Done logging...




********** Iteration 117 ************

Beginning logging procedure...

Collecting data for eval...
Eval_AverageReturn : 109.31145477294922
Eval_StdReturn : 72.84650421142578
Eval_MaxReturn : 206.0343017578125
Eval_MinReturn : 34.31362533569336
Eval_AverageEpLen : 57.285714285714285
Train_AverageReturn : 112.83570098876953
Train_StdReturn : 63.04545211791992
Train_MaxReturn : 217.5243682861328
Train_MinReturn : 32.52433776855469
Train_AverageEpLen : 59.6764705882353
Train_EnvstepsSoFar : 239123
TimeSinceStart : 93.38390040397644
Training Loss : 0.05599033460021019
Baseline Loss : 0.9505120515823364
Initial_DataCollection_AverageReturn : 9.580930709838867
Done logging...




********** Iteration 118 ************

Beginning logging procedure...

Collecting data for eval...
Eval_AverageReturn : 132.05039978027344
Eval_StdReturn : 87.58525085449219
Eval_MaxReturn : 224.415771484375
Eval_MinReturn : 25.3218936920166
Eval_AverageEpLen : 66.57142857142857
Train_AverageReturn : 135.19357299804688
Train_StdReturn : 61.88334274291992
Train_MaxReturn : 206.8142547607422
Train_MinReturn : 31.517587661743164
Train_AverageEpLen : 68.9
Train_EnvstepsSoFar : 241190
TimeSinceStart : 94.17881846427917
Training Loss : 0.006073101423680782
Baseline Loss : 0.9384667873382568
Initial_DataCollection_AverageReturn : 9.580930709838867
Done logging...




********** Iteration 119 ************

Beginning logging procedure...

Collecting data for eval...
Eval_AverageReturn : 154.55702209472656
Eval_StdReturn : 52.53664016723633
Eval_MaxReturn : 208.95675659179688
Eval_MinReturn : 70.63243865966797
Eval_AverageEpLen : 74.33333333333333
Train_AverageReturn : 153.66070556640625
Train_StdReturn : 65.73929595947266
Train_MaxReturn : 220.45736694335938
Train_MinReturn : 20.551929473876953
Train_AverageEpLen : 75.25925925925925
Train_EnvstepsSoFar : 243222
TimeSinceStart : 94.84349036216736
Training Loss : -0.019300255924463272
Baseline Loss : 0.8666476011276245
Initial_DataCollection_AverageReturn : 9.580930709838867
Done logging...




********** Iteration 120 ************

Beginning logging procedure...

Collecting data for eval...
Eval_AverageReturn : 137.3186798095703
Eval_StdReturn : 64.6328353881836
Eval_MaxReturn : 206.01333618164062
Eval_MinReturn : 39.107635498046875
Eval_AverageEpLen : 69.66666666666667
Train_AverageReturn : 147.6786651611328
Train_StdReturn : 64.84156799316406
Train_MaxReturn : 218.2140655517578
Train_MinReturn : 33.58711242675781
Train_AverageEpLen : 72.85714285714286
Train_EnvstepsSoFar : 245262
TimeSinceStart : 95.60862350463867
Training Loss : 0.005881896708160639
Baseline Loss : 0.866686999797821
Initial_DataCollection_AverageReturn : 9.580930709838867
Done logging...




********** Iteration 121 ************

Beginning logging procedure...

Collecting data for eval...
Eval_AverageReturn : 168.49217224121094
Eval_StdReturn : 57.89458465576172
Eval_MaxReturn : 224.80145263671875
Eval_MinReturn : 58.89387130737305
Eval_AverageEpLen : 83.33333333333333
Train_AverageReturn : 166.73751831054688
Train_StdReturn : 55.32890701293945
Train_MaxReturn : 221.17372131347656
Train_MinReturn : 26.957382202148438
Train_AverageEpLen : 80.8
Train_EnvstepsSoFar : 247282
TimeSinceStart : 96.37709307670593
Training Loss : -0.02153921313583851
Baseline Loss : 0.8118507266044617
Initial_DataCollection_AverageReturn : 9.580930709838867
Done logging...




********** Iteration 122 ************

Beginning logging procedure...

Collecting data for eval...
Eval_AverageReturn : 163.711669921875
Eval_StdReturn : 71.46351623535156
Eval_MaxReturn : 229.87451171875
Eval_MinReturn : 33.78374481201172
Eval_AverageEpLen : 82.16666666666667
Train_AverageReturn : 167.23609924316406
Train_StdReturn : 64.44403076171875
Train_MaxReturn : 239.9191436767578
Train_MinReturn : 32.5186653137207
Train_AverageEpLen : 80.88
Train_EnvstepsSoFar : 249304
TimeSinceStart : 97.0659692287445
Training Loss : -0.0010151283349841833
Baseline Loss : 0.8320614099502563
Initial_DataCollection_AverageReturn : 9.580930709838867
Done logging...




********** Iteration 123 ************

Beginning logging procedure...

Collecting data for eval...
Eval_AverageReturn : 208.3275604248047
Eval_StdReturn : 13.996357917785645
Eval_MaxReturn : 223.77565002441406
Eval_MinReturn : 182.0040283203125
Eval_AverageEpLen : 95.4
Train_AverageReturn : 197.67791748046875
Train_StdReturn : 35.810081481933594
Train_MaxReturn : 241.5723419189453
Train_MinReturn : 89.7055435180664
Train_AverageEpLen : 95.23809523809524
Train_EnvstepsSoFar : 251304
TimeSinceStart : 97.8315327167511
Training Loss : 0.010039187967777252
Baseline Loss : 0.7466933131217957
Initial_DataCollection_AverageReturn : 9.580930709838867
Done logging...




********** Iteration 124 ************

Beginning logging procedure...

Collecting data for eval...
Eval_AverageReturn : 203.0523223876953
Eval_StdReturn : 9.594708442687988
Eval_MaxReturn : 214.76947021484375
Eval_MinReturn : 187.09527587890625
Eval_AverageEpLen : 93.0
Train_AverageReturn : 199.27679443359375
Train_StdReturn : 33.2132568359375
Train_MaxReturn : 237.26673889160156
Train_MinReturn : 63.047828674316406
Train_AverageEpLen : 94.86363636363636
Train_EnvstepsSoFar : 253391
TimeSinceStart : 98.52256727218628
Training Loss : -0.10343644767999649
Baseline Loss : 0.7216641902923584
Initial_DataCollection_AverageReturn : 9.580930709838867
Done logging...




********** Iteration 125 ************

Beginning logging procedure...

Collecting data for eval...
Eval_AverageReturn : 200.53085327148438
Eval_StdReturn : 18.408689498901367
Eval_MaxReturn : 216.75559997558594
Eval_MinReturn : 164.642578125
Eval_AverageEpLen : 98.2
Train_AverageReturn : 206.2544403076172
Train_StdReturn : 24.709280014038086
Train_MaxReturn : 247.24227905273438
Train_MinReturn : 120.4631576538086
Train_AverageEpLen : 96.9047619047619
Train_EnvstepsSoFar : 255426
TimeSinceStart : 99.2545337677002
Training Loss : 0.010774469003081322
Baseline Loss : 0.6935029029846191
Initial_DataCollection_AverageReturn : 9.580930709838867
Done logging...




********** Iteration 126 ************

Beginning logging procedure...

Collecting data for eval...
Eval_AverageReturn : 215.6479949951172
Eval_StdReturn : 14.657517433166504
Eval_MaxReturn : 231.7611083984375
Eval_MinReturn : 190.1621551513672
Eval_AverageEpLen : 99.4
Train_AverageReturn : 214.2362060546875
Train_StdReturn : 9.881980895996094
Train_MaxReturn : 230.77296447753906
Train_MinReturn : 196.7210693359375
Train_AverageEpLen : 100.95
Train_EnvstepsSoFar : 257445
TimeSinceStart : 100.01011729240417
Training Loss : -0.04144056886434555
Baseline Loss : 0.6792011260986328
Initial_DataCollection_AverageReturn : 9.580930709838867
Done logging...




********** Iteration 127 ************

Beginning logging procedure...

Collecting data for eval...
Eval_AverageReturn : 209.12661743164062
Eval_StdReturn : 11.438627243041992
Eval_MaxReturn : 221.17494201660156
Eval_MinReturn : 187.6397247314453
Eval_AverageEpLen : 97.4
Train_AverageReturn : 193.1978759765625
Train_StdReturn : 45.04507827758789
Train_MaxReturn : 224.3446502685547
Train_MinReturn : 26.150203704833984
Train_AverageEpLen : 90.82608695652173
Train_EnvstepsSoFar : 259534
TimeSinceStart : 100.80097436904907
Training Loss : -0.04439173638820648
Baseline Loss : 0.6812456846237183
Initial_DataCollection_AverageReturn : 9.580930709838867
Done logging...




********** Iteration 128 ************

Beginning logging procedure...

Collecting data for eval...
Eval_AverageReturn : 203.804931640625
Eval_StdReturn : 7.956086158752441
Eval_MaxReturn : 218.0754852294922
Eval_MinReturn : 195.02392578125
Eval_AverageEpLen : 93.2
Train_AverageReturn : 208.7600860595703
Train_StdReturn : 19.807300567626953
Train_MaxReturn : 241.9559326171875
Train_MinReturn : 155.45523071289062
Train_AverageEpLen : 96.71428571428571
Train_EnvstepsSoFar : 261565
TimeSinceStart : 101.50794172286987
Training Loss : -0.02147126942873001
Baseline Loss : 0.6242220401763916
Initial_DataCollection_AverageReturn : 9.580930709838867
Done logging...




********** Iteration 129 ************

Beginning logging procedure...

Collecting data for eval...
Eval_AverageReturn : 201.3418731689453
Eval_StdReturn : 12.499276161193848
Eval_MaxReturn : 216.59246826171875
Eval_MinReturn : 181.00765991210938
Eval_AverageEpLen : 97.4
Train_AverageReturn : 203.0074462890625
Train_StdReturn : 17.56828498840332
Train_MaxReturn : 239.06590270996094
Train_MinReturn : 159.21202087402344
Train_AverageEpLen : 96.85714285714286
Train_EnvstepsSoFar : 263599
TimeSinceStart : 102.21030020713806
Training Loss : -0.052304740995168686
Baseline Loss : 0.6469521522521973
Initial_DataCollection_AverageReturn : 9.580930709838867
Done logging...




********** Iteration 130 ************

Beginning logging procedure...

Collecting data for eval...
Eval_AverageReturn : 183.59567260742188
Eval_StdReturn : 26.63528823852539
Eval_MaxReturn : 207.5353240966797
Eval_MinReturn : 133.61212158203125
Eval_AverageEpLen : 89.4
Train_AverageReturn : 198.55474853515625
Train_StdReturn : 26.313899993896484
Train_MaxReturn : 238.9755859375
Train_MinReturn : 128.42312622070312
Train_AverageEpLen : 94.86363636363636
Train_EnvstepsSoFar : 265686
TimeSinceStart : 103.02213215827942
Training Loss : -0.07902535796165466
Baseline Loss : 0.6597705483436584
Initial_DataCollection_AverageReturn : 9.580930709838867
Done logging...




********** Iteration 131 ************

Beginning logging procedure...

Collecting data for eval...
Eval_AverageReturn : 205.56723022460938
Eval_StdReturn : 22.407676696777344
Eval_MaxReturn : 235.63787841796875
Eval_MinReturn : 175.743408203125
Eval_AverageEpLen : 94.6
Train_AverageReturn : 188.33364868164062
Train_StdReturn : 26.6147403717041
Train_MaxReturn : 232.791748046875
Train_MinReturn : 122.2779312133789
Train_AverageEpLen : 93.27272727272727
Train_EnvstepsSoFar : 267738
TimeSinceStart : 103.71679019927979
Training Loss : -0.027119748294353485
Baseline Loss : 0.6745775938034058
Initial_DataCollection_AverageReturn : 9.580930709838867
Done logging...




********** Iteration 132 ************

Beginning logging procedure...

Collecting data for eval...
Eval_AverageReturn : 168.87957763671875
Eval_StdReturn : 42.46744918823242
Eval_MaxReturn : 221.7903289794922
Eval_MinReturn : 113.54959869384766
Eval_AverageEpLen : 87.8
Train_AverageReturn : 195.87100219726562
Train_StdReturn : 28.43739891052246
Train_MaxReturn : 254.31085205078125
Train_MinReturn : 149.08009338378906
Train_AverageEpLen : 96.52380952380952
Train_EnvstepsSoFar : 269765
TimeSinceStart : 104.48621559143066
Training Loss : -0.10015715658664703
Baseline Loss : 0.6248947978019714
Initial_DataCollection_AverageReturn : 9.580930709838867
Done logging...




********** Iteration 133 ************

Beginning logging procedure...

Collecting data for eval...
Eval_AverageReturn : 194.77395629882812
Eval_StdReturn : 23.276491165161133
Eval_MaxReturn : 220.54879760742188
Eval_MinReturn : 156.9703826904297
Eval_AverageEpLen : 93.6
Train_AverageReturn : 167.4215850830078
Train_StdReturn : 38.223915100097656
Train_MaxReturn : 224.54254150390625
Train_MinReturn : 89.1983642578125
Train_AverageEpLen : 85.08333333333333
Train_EnvstepsSoFar : 271807
TimeSinceStart : 105.30215978622437
Training Loss : -0.07155820727348328
Baseline Loss : 0.6647603511810303
Initial_DataCollection_AverageReturn : 9.580930709838867
Done logging...




********** Iteration 134 ************

Beginning logging procedure...

Collecting data for eval...
Eval_AverageReturn : 157.505615234375
Eval_StdReturn : 23.210739135742188
Eval_MaxReturn : 186.0594940185547
Eval_MinReturn : 127.22419738769531
Eval_AverageEpLen : 82.6
Train_AverageReturn : 167.1352996826172
Train_StdReturn : 30.90239143371582
Train_MaxReturn : 221.33285522460938
Train_MinReturn : 101.09002685546875
Train_AverageEpLen : 83.2
Train_EnvstepsSoFar : 273887
TimeSinceStart : 106.11239051818848
Training Loss : -0.05122993141412735
Baseline Loss : 0.602293074131012
Initial_DataCollection_AverageReturn : 9.580930709838867
Done logging...




********** Iteration 135 ************

Beginning logging procedure...

Collecting data for eval...
Eval_AverageReturn : 176.77108764648438
Eval_StdReturn : 26.157127380371094
Eval_MaxReturn : 210.74810791015625
Eval_MinReturn : 141.4144287109375
Eval_AverageEpLen : 91.6
Train_AverageReturn : 162.52577209472656
Train_StdReturn : 33.925716400146484
Train_MaxReturn : 234.99575805664062
Train_MinReturn : 82.04037475585938
Train_AverageEpLen : 84.5
Train_EnvstepsSoFar : 275915
TimeSinceStart : 107.00687408447266
Training Loss : -0.15321201086044312
Baseline Loss : 0.635412335395813
Initial_DataCollection_AverageReturn : 9.580930709838867
Done logging...




********** Iteration 136 ************

Beginning logging procedure...

Collecting data for eval...
Eval_AverageReturn : 148.92430114746094
Eval_StdReturn : 27.53635597229004
Eval_MaxReturn : 193.98348999023438
Eval_MinReturn : 112.0935287475586
Eval_AverageEpLen : 77.33333333333333
Train_AverageReturn : 159.65333557128906
Train_StdReturn : 34.649410247802734
Train_MaxReturn : 219.3238525390625
Train_MinReturn : 88.34697723388672
Train_AverageEpLen : 82.64
Train_EnvstepsSoFar : 277981
TimeSinceStart : 107.86061549186707
Training Loss : -0.08510768413543701
Baseline Loss : 0.6328423023223877
Initial_DataCollection_AverageReturn : 9.580930709838867
Done logging...




********** Iteration 137 ************

Beginning logging procedure...

Collecting data for eval...
Eval_AverageReturn : 178.21798706054688
Eval_StdReturn : 42.009395599365234
Eval_MaxReturn : 230.89950561523438
Eval_MinReturn : 115.19913482666016
Eval_AverageEpLen : 101.25
Train_AverageReturn : 159.5514678955078
Train_StdReturn : 35.429656982421875
Train_MaxReturn : 224.44216918945312
Train_MinReturn : 98.13047790527344
Train_AverageEpLen : 80.8
Train_EnvstepsSoFar : 280001
TimeSinceStart : 108.60247087478638
Training Loss : -0.11009529232978821
Baseline Loss : 0.5984510183334351
Initial_DataCollection_AverageReturn : 9.580930709838867
Done logging...




********** Iteration 138 ************

Beginning logging procedure...

Collecting data for eval...
Eval_AverageReturn : 148.250732421875
Eval_StdReturn : 30.612985610961914
Eval_MaxReturn : 192.1315155029297
Eval_MinReturn : 101.21601104736328
Eval_AverageEpLen : 78.83333333333333
Train_AverageReturn : 151.26890563964844
Train_StdReturn : 30.572423934936523
Train_MaxReturn : 203.03683471679688
Train_MinReturn : 77.13125610351562
Train_AverageEpLen : 78.84615384615384
Train_EnvstepsSoFar : 282051
TimeSinceStart : 109.50099110603333
Training Loss : -0.07798479497432709
Baseline Loss : 0.5528312921524048
Initial_DataCollection_AverageReturn : 9.580930709838867
Done logging...




********** Iteration 139 ************

Beginning logging procedure...

Collecting data for eval...
Eval_AverageReturn : 140.8631591796875
Eval_StdReturn : 37.472267150878906
Eval_MaxReturn : 208.49383544921875
Eval_MinReturn : 99.01301574707031
Eval_AverageEpLen : 74.5
Train_AverageReturn : 144.4766845703125
Train_StdReturn : 36.23952865600586
Train_MaxReturn : 207.931884765625
Train_MinReturn : 61.63772964477539
Train_AverageEpLen : 77.53846153846153
Train_EnvstepsSoFar : 284067
TimeSinceStart : 110.28689885139465
Training Loss : -0.048481203615665436
Baseline Loss : 0.6126365065574646
Initial_DataCollection_AverageReturn : 9.580930709838867
Done logging...




********** Iteration 140 ************

Beginning logging procedure...

Collecting data for eval...
Eval_AverageReturn : 146.67526245117188
Eval_StdReturn : 28.272968292236328
Eval_MaxReturn : 201.19265747070312
Eval_MinReturn : 115.6693344116211
Eval_AverageEpLen : 75.83333333333333
Train_AverageReturn : 154.1020965576172
Train_StdReturn : 34.07139205932617
Train_MaxReturn : 217.38308715820312
Train_MinReturn : 93.74710845947266
Train_AverageEpLen : 80.36
Train_EnvstepsSoFar : 286076
TimeSinceStart : 111.18348050117493
Training Loss : -0.14905589818954468
Baseline Loss : 0.5352686643600464
Initial_DataCollection_AverageReturn : 9.580930709838867
Done logging...




********** Iteration 141 ************

Beginning logging procedure...

Collecting data for eval...
Eval_AverageReturn : 131.5725555419922
Eval_StdReturn : 24.121309280395508
Eval_MaxReturn : 173.86781311035156
Eval_MinReturn : 106.8775405883789
Eval_AverageEpLen : 69.33333333333333
Train_AverageReturn : 146.30697631835938
Train_StdReturn : 37.0597038269043
Train_MaxReturn : 217.59158325195312
Train_MinReturn : 81.0633544921875
Train_AverageEpLen : 78.38461538461539
Train_EnvstepsSoFar : 288114
TimeSinceStart : 112.09276127815247
Training Loss : -0.10458344221115112
Baseline Loss : 0.5824370980262756
Initial_DataCollection_AverageReturn : 9.580930709838867
Done logging...




********** Iteration 142 ************

Beginning logging procedure...

Collecting data for eval...
Eval_AverageReturn : 166.83355712890625
Eval_StdReturn : 40.35188674926758
Eval_MaxReturn : 206.1930389404297
Eval_MinReturn : 99.39436340332031
Eval_AverageEpLen : 89.0
Train_AverageReturn : 135.33535766601562
Train_StdReturn : 44.392417907714844
Train_MaxReturn : 216.14170837402344
Train_MinReturn : 63.87903594970703
Train_AverageEpLen : 73.60714285714286
Train_EnvstepsSoFar : 290175
TimeSinceStart : 113.0132007598877
Training Loss : -0.10197117924690247
Baseline Loss : 0.662845253944397
Initial_DataCollection_AverageReturn : 9.580930709838867
Done logging...




********** Iteration 143 ************

Beginning logging procedure...

Collecting data for eval...
Eval_AverageReturn : 135.74783325195312
Eval_StdReturn : 28.211702346801758
Eval_MaxReturn : 185.64529418945312
Eval_MinReturn : 91.47773742675781
Eval_AverageEpLen : 73.33333333333333
Train_AverageReturn : 139.44137573242188
Train_StdReturn : 27.22134017944336
Train_MaxReturn : 184.7809600830078
Train_MinReturn : 74.89417266845703
Train_AverageEpLen : 74.37037037037037
Train_EnvstepsSoFar : 292183
TimeSinceStart : 113.89033651351929
Training Loss : -0.0894424244761467
Baseline Loss : 0.48439469933509827
Initial_DataCollection_AverageReturn : 9.580930709838867
Done logging...




********** Iteration 144 ************

Beginning logging procedure...

Collecting data for eval...
Eval_AverageReturn : 136.55677795410156
Eval_StdReturn : 27.313358306884766
Eval_MaxReturn : 176.1133270263672
Eval_MinReturn : 96.99784088134766
Eval_AverageEpLen : 73.66666666666667
Train_AverageReturn : 123.19608306884766
Train_StdReturn : 35.778987884521484
Train_MaxReturn : 189.26116943359375
Train_MinReturn : 66.78472900390625
Train_AverageEpLen : 66.73333333333333
Train_EnvstepsSoFar : 294185
TimeSinceStart : 114.74228954315186
Training Loss : -0.08135415613651276
Baseline Loss : 0.6163994669914246
Initial_DataCollection_AverageReturn : 9.580930709838867
Done logging...




********** Iteration 145 ************

Beginning logging procedure...

Collecting data for eval...
Eval_AverageReturn : 126.31177520751953
Eval_StdReturn : 43.95919418334961
Eval_MaxReturn : 210.64512634277344
Eval_MinReturn : 72.4673843383789
Eval_AverageEpLen : 69.0
Train_AverageReturn : 133.3036651611328
Train_StdReturn : 41.38896179199219
Train_MaxReturn : 233.92921447753906
Train_MinReturn : 78.66735076904297
Train_AverageEpLen : 73.96428571428571
Train_EnvstepsSoFar : 296256
TimeSinceStart : 115.68056583404541
Training Loss : -0.08217857778072357
Baseline Loss : 0.6399398446083069
Initial_DataCollection_AverageReturn : 9.580930709838867
Done logging...




********** Iteration 146 ************

Beginning logging procedure...

Collecting data for eval...
Eval_AverageReturn : 149.10165405273438
Eval_StdReturn : 32.839778900146484
Eval_MaxReturn : 209.68209838867188
Eval_MinReturn : 116.11727905273438
Eval_AverageEpLen : 82.0
Train_AverageReturn : 145.29478454589844
Train_StdReturn : 35.61259841918945
Train_MaxReturn : 200.5144805908203
Train_MinReturn : 68.41279602050781
Train_AverageEpLen : 79.26923076923077
Train_EnvstepsSoFar : 298317
TimeSinceStart : 116.60491633415222
Training Loss : -0.13448269665241241
Baseline Loss : 0.5631940364837646
Initial_DataCollection_AverageReturn : 9.580930709838867
Done logging...




********** Iteration 147 ************

Beginning logging procedure...

Collecting data for eval...
Eval_AverageReturn : 118.76276397705078
Eval_StdReturn : 39.18537139892578
Eval_MaxReturn : 192.31300354003906
Eval_MinReturn : 78.15612030029297
Eval_AverageEpLen : 66.83333333333333
Train_AverageReturn : 143.84439086914062
Train_StdReturn : 30.511838912963867
Train_MaxReturn : 192.47048950195312
Train_MinReturn : 76.01736450195312
Train_AverageEpLen : 77.76923076923077
Train_EnvstepsSoFar : 300339
TimeSinceStart : 117.43433737754822
Training Loss : -0.12076921761035919
Baseline Loss : 0.5219647884368896
Initial_DataCollection_AverageReturn : 9.580930709838867
Done logging...




********** Iteration 148 ************

Beginning logging procedure...

Collecting data for eval...
Eval_AverageReturn : 120.2396011352539
Eval_StdReturn : 22.808679580688477
Eval_MaxReturn : 148.37893676757812
Eval_MinReturn : 84.25763702392578
Eval_AverageEpLen : 68.5
Train_AverageReturn : 143.50048828125
Train_StdReturn : 38.08281326293945
Train_MaxReturn : 209.37429809570312
Train_MinReturn : 72.25953674316406
Train_AverageEpLen : 79.07692307692308
Train_EnvstepsSoFar : 302395
TimeSinceStart : 118.24992966651917
Training Loss : -0.12111835926771164
Baseline Loss : 0.5656229853630066
Initial_DataCollection_AverageReturn : 9.580930709838867
Done logging...




********** Iteration 149 ************

Beginning logging procedure...

Collecting data for eval...
Eval_AverageReturn : 97.07014465332031
Eval_StdReturn : 38.32809829711914
Eval_MaxReturn : 173.69252014160156
Eval_MinReturn : 58.40446090698242
Eval_AverageEpLen : 55.875
Train_AverageReturn : 134.77430725097656
Train_StdReturn : 40.90782928466797
Train_MaxReturn : 201.7332763671875
Train_MinReturn : 63.49016189575195
Train_AverageEpLen : 73.28571428571429
Train_EnvstepsSoFar : 304447
TimeSinceStart : 119.09853029251099
Training Loss : -0.07292505353689194
Baseline Loss : 0.6370024085044861
Initial_DataCollection_AverageReturn : 9.580930709838867
Done logging...




********** Iteration 150 ************

Beginning logging procedure...

Collecting data for eval...
Eval_AverageReturn : 125.6015396118164
Eval_StdReturn : 33.432395935058594
Eval_MaxReturn : 173.7957000732422
Eval_MinReturn : 74.01512908935547
Eval_AverageEpLen : 69.0
Train_AverageReturn : 116.11113739013672
Train_StdReturn : 32.78238296508789
Train_MaxReturn : 199.2674102783203
Train_MinReturn : 62.263729095458984
Train_AverageEpLen : 64.58064516129032
Train_EnvstepsSoFar : 306449
TimeSinceStart : 119.8948745727539
Training Loss : -0.04923279583454132
Baseline Loss : 0.6067880392074585
Initial_DataCollection_AverageReturn : 9.580930709838867
Done logging...




********** Iteration 151 ************

Beginning logging procedure...

Collecting data for eval...
Eval_AverageReturn : 113.38824462890625
Eval_StdReturn : 41.21125411987305
Eval_MaxReturn : 174.5778045654297
Eval_MinReturn : 48.949729919433594
Eval_AverageEpLen : 63.42857142857143
Train_AverageReturn : 121.58687591552734
Train_StdReturn : 34.08656311035156
Train_MaxReturn : 200.3534698486328
Train_MinReturn : 56.497467041015625
Train_AverageEpLen : 68.43333333333334
Train_EnvstepsSoFar : 308502
TimeSinceStart : 120.75556468963623
Training Loss : -0.10047008097171783
Baseline Loss : 0.5725427865982056
Initial_DataCollection_AverageReturn : 9.580930709838867
Done logging...




********** Iteration 152 ************

Beginning logging procedure...

Collecting data for eval...
Eval_AverageReturn : 88.94692993164062
Eval_StdReturn : 21.961769104003906
Eval_MaxReturn : 123.0190658569336
Eval_MinReturn : 62.50926208496094
Eval_AverageEpLen : 51.5
Train_AverageReturn : 118.5173568725586
Train_StdReturn : 39.547515869140625
Train_MaxReturn : 193.34169006347656
Train_MinReturn : 66.83601379394531
Train_AverageEpLen : 67.23333333333333
Train_EnvstepsSoFar : 310519
TimeSinceStart : 121.62782287597656
Training Loss : -0.10982148349285126
Baseline Loss : 0.6977972984313965
Initial_DataCollection_AverageReturn : 9.580930709838867
Done logging...




********** Iteration 153 ************

Beginning logging procedure...

Collecting data for eval...
Eval_AverageReturn : 101.86510467529297
Eval_StdReturn : 34.536617279052734
Eval_MaxReturn : 147.51889038085938
Eval_MinReturn : 56.272247314453125
Eval_AverageEpLen : 59.125
Train_AverageReturn : 114.37519836425781
Train_StdReturn : 34.46300506591797
Train_MaxReturn : 198.13597106933594
Train_MinReturn : 61.83999252319336
Train_AverageEpLen : 64.4375
Train_EnvstepsSoFar : 312581
TimeSinceStart : 122.48660087585449
Training Loss : -0.09274006634950638
Baseline Loss : 0.6346281170845032
Initial_DataCollection_AverageReturn : 9.580930709838867
Done logging...




********** Iteration 154 ************

Beginning logging procedure...

Collecting data for eval...
Eval_AverageReturn : 130.40731811523438
Eval_StdReturn : 26.660310745239258
Eval_MaxReturn : 151.776123046875
Eval_MinReturn : 84.73934936523438
Eval_AverageEpLen : 74.66666666666667
Train_AverageReturn : 105.16140747070312
Train_StdReturn : 39.139930725097656
Train_MaxReturn : 205.723876953125
Train_MinReturn : 51.975955963134766
Train_AverageEpLen : 61.0
Train_EnvstepsSoFar : 314594
TimeSinceStart : 123.32279133796692
Training Loss : -0.13067489862442017
Baseline Loss : 0.7355930805206299
Initial_DataCollection_AverageReturn : 9.580930709838867
Done logging...




********** Iteration 155 ************

Beginning logging procedure...

Collecting data for eval...
Eval_AverageReturn : 119.32563781738281
Eval_StdReturn : 38.67608642578125
Eval_MaxReturn : 172.88900756835938
Eval_MinReturn : 66.70110321044922
Eval_AverageEpLen : 68.71428571428571
Train_AverageReturn : 110.41929626464844
Train_StdReturn : 36.72985076904297
Train_MaxReturn : 196.78475952148438
Train_MinReturn : 48.40498352050781
Train_AverageEpLen : 62.6875
Train_EnvstepsSoFar : 316600
TimeSinceStart : 124.08757472038269
Training Loss : -0.046769313514232635
Baseline Loss : 0.6846816539764404
Initial_DataCollection_AverageReturn : 9.580930709838867
Done logging...




********** Iteration 156 ************

Beginning logging procedure...

Collecting data for eval...
Eval_AverageReturn : 115.49037170410156
Eval_StdReturn : 30.953947067260742
Eval_MaxReturn : 152.3126220703125
Eval_MinReturn : 75.59272766113281
Eval_AverageEpLen : 64.0
Train_AverageReturn : 89.44964599609375
Train_StdReturn : 20.504858016967773
Train_MaxReturn : 132.13604736328125
Train_MinReturn : 58.76743698120117
Train_AverageEpLen : 51.87179487179487
Train_EnvstepsSoFar : 318623
TimeSinceStart : 124.90600371360779
Training Loss : -0.022143539041280746
Baseline Loss : 0.515640377998352
Initial_DataCollection_AverageReturn : 9.580930709838867
Done logging...




********** Iteration 157 ************

Beginning logging procedure...

Collecting data for eval...
Eval_AverageReturn : 74.07623291015625
Eval_StdReturn : 12.364274024963379
Eval_MaxReturn : 90.06121826171875
Eval_MinReturn : 55.61757278442383
Eval_AverageEpLen : 43.5
Train_AverageReturn : 95.5139389038086
Train_StdReturn : 30.72029685974121
Train_MaxReturn : 184.5507354736328
Train_MinReturn : 51.37544250488281
Train_AverageEpLen : 54.729729729729726
Train_EnvstepsSoFar : 320648
TimeSinceStart : 125.78535652160645
Training Loss : -0.001452978583984077
Baseline Loss : 0.672521710395813
Initial_DataCollection_AverageReturn : 9.580930709838867
Done logging...




********** Iteration 158 ************

Beginning logging procedure...

Collecting data for eval...
Eval_AverageReturn : 83.72964477539062
Eval_StdReturn : 23.030336380004883
Eval_MaxReturn : 137.00955200195312
Eval_MinReturn : 54.53923416137695
Eval_AverageEpLen : 48.888888888888886
Train_AverageReturn : 92.3412094116211
Train_StdReturn : 31.422521591186523
Train_MaxReturn : 192.80938720703125
Train_MinReturn : 47.97951889038086
Train_AverageEpLen : 53.3421052631579
Train_EnvstepsSoFar : 322675
TimeSinceStart : 126.57728815078735
Training Loss : -0.049548421055078506
Baseline Loss : 0.6647617220878601
Initial_DataCollection_AverageReturn : 9.580930709838867
Done logging...




********** Iteration 159 ************

Beginning logging procedure...

Collecting data for eval...
Eval_AverageReturn : 95.44941711425781
Eval_StdReturn : 30.276046752929688
Eval_MaxReturn : 143.40713500976562
Eval_MinReturn : 61.02767562866211
Eval_AverageEpLen : 54.625
Train_AverageReturn : 95.00634002685547
Train_StdReturn : 33.022945404052734
Train_MaxReturn : 166.5516357421875
Train_MinReturn : 50.765159606933594
Train_AverageEpLen : 54.75675675675676
Train_EnvstepsSoFar : 324701
TimeSinceStart : 127.42497873306274
Training Loss : -0.002557337051257491
Baseline Loss : 0.7027871608734131
Initial_DataCollection_AverageReturn : 9.580930709838867
Done logging...




********** Iteration 160 ************

Beginning logging procedure...

Collecting data for eval...
Eval_AverageReturn : 77.97982788085938
Eval_StdReturn : 15.462442398071289
Eval_MaxReturn : 99.19662475585938
Eval_MinReturn : 58.322479248046875
Eval_AverageEpLen : 45.888888888888886
Train_AverageReturn : 87.41107177734375
Train_StdReturn : 25.29294204711914
Train_MaxReturn : 148.3819580078125
Train_MinReturn : 47.267147064208984
Train_AverageEpLen : 50.875
Train_EnvstepsSoFar : 326736
TimeSinceStart : 128.279198884964
Training Loss : -0.002451837994158268
Baseline Loss : 0.5964797139167786
Initial_DataCollection_AverageReturn : 9.580930709838867
Done logging...




********** Iteration 161 ************

Beginning logging procedure...

Collecting data for eval...
Eval_AverageReturn : 99.15101623535156
Eval_StdReturn : 32.23433303833008
Eval_MaxReturn : 161.09347534179688
Eval_MinReturn : 50.56354904174805
Eval_AverageEpLen : 57.285714285714285
Train_AverageReturn : 88.93635559082031
Train_StdReturn : 29.862672805786133
Train_MaxReturn : 167.58816528320312
Train_MinReturn : 51.14182662963867
Train_AverageEpLen : 51.666666666666664
Train_EnvstepsSoFar : 328751
TimeSinceStart : 129.10226011276245
Training Loss : -0.038832735270261765
Baseline Loss : 0.6621885299682617
Initial_DataCollection_AverageReturn : 9.580930709838867
Done logging...




********** Iteration 162 ************

Beginning logging procedure...

Collecting data for eval...
Eval_AverageReturn : 88.72599792480469
Eval_StdReturn : 22.390857696533203
Eval_MaxReturn : 120.51850128173828
Eval_MinReturn : 59.05945587158203
Eval_AverageEpLen : 51.625
Train_AverageReturn : 87.21773529052734
Train_StdReturn : 31.847517013549805
Train_MaxReturn : 177.13299560546875
Train_MinReturn : 48.43922424316406
Train_AverageEpLen : 50.45
Train_EnvstepsSoFar : 330769
TimeSinceStart : 129.89983081817627
Training Loss : -0.03149349242448807
Baseline Loss : 0.7186077833175659
Initial_DataCollection_AverageReturn : 9.580930709838867
Done logging...




********** Iteration 163 ************

Beginning logging procedure...

Collecting data for eval...
Eval_AverageReturn : 99.78517150878906
Eval_StdReturn : 48.68540573120117
Eval_MaxReturn : 183.11961364746094
Eval_MinReturn : 51.51164245605469
Eval_AverageEpLen : 57.142857142857146
Train_AverageReturn : 101.0560302734375
Train_StdReturn : 36.148921966552734
Train_MaxReturn : 181.0467071533203
Train_MinReturn : 52.01385498046875
Train_AverageEpLen : 58.17142857142857
Train_EnvstepsSoFar : 332805
TimeSinceStart : 130.7358763217926
Training Loss : -0.011759070679545403
Baseline Loss : 0.6866753101348877
Initial_DataCollection_AverageReturn : 9.580930709838867
Done logging...




********** Iteration 164 ************

Beginning logging procedure...

Collecting data for eval...
Eval_AverageReturn : 123.08235931396484
Eval_StdReturn : 36.654457092285156
Eval_MaxReturn : 165.32325744628906
Eval_MinReturn : 53.681400299072266
Eval_AverageEpLen : 70.5
Train_AverageReturn : 94.41764831542969
Train_StdReturn : 36.53685760498047
Train_MaxReturn : 193.85658264160156
Train_MinReturn : 46.101165771484375
Train_AverageEpLen : 54.648648648648646
Train_EnvstepsSoFar : 334827
TimeSinceStart : 131.68307089805603
Training Loss : -0.04556293413043022
Baseline Loss : 0.7329062819480896
Initial_DataCollection_AverageReturn : 9.580930709838867
Done logging...




********** Iteration 165 ************

Beginning logging procedure...

Collecting data for eval...
Eval_AverageReturn : 148.35198974609375
Eval_StdReturn : 31.248979568481445
Eval_MaxReturn : 202.0725555419922
Eval_MinReturn : 104.63927459716797
Eval_AverageEpLen : 87.0
Train_AverageReturn : 103.99220275878906
Train_StdReturn : 42.001468658447266
Train_MaxReturn : 201.0055389404297
Train_MinReturn : 48.263755798339844
Train_AverageEpLen : 59.55882352941177
Train_EnvstepsSoFar : 336852
TimeSinceStart : 132.52110981941223
Training Loss : -0.047605961561203
Baseline Loss : 0.7280707359313965
Initial_DataCollection_AverageReturn : 9.580930709838867
Done logging...




********** Iteration 166 ************

Beginning logging procedure...

Collecting data for eval...
Eval_AverageReturn : 121.62789154052734
Eval_StdReturn : 54.49872970581055
Eval_MaxReturn : 196.81703186035156
Eval_MinReturn : 48.5954475402832
Eval_AverageEpLen : 71.28571428571429
Train_AverageReturn : 112.58879852294922
Train_StdReturn : 43.66666030883789
Train_MaxReturn : 188.5907745361328
Train_MinReturn : 49.70703887939453
Train_AverageEpLen : 65.125
Train_EnvstepsSoFar : 338936
TimeSinceStart : 133.35656666755676
Training Loss : -0.05286411941051483
Baseline Loss : 0.7047220468521118
Initial_DataCollection_AverageReturn : 9.580930709838867
Done logging...




********** Iteration 167 ************

Beginning logging procedure...

Collecting data for eval...
Eval_AverageReturn : 133.63182067871094
Eval_StdReturn : 32.132102966308594
Eval_MaxReturn : 160.95347595214844
Eval_MinReturn : 66.0360336303711
Eval_AverageEpLen : 77.5
Train_AverageReturn : 125.64833068847656
Train_StdReturn : 48.72140121459961
Train_MaxReturn : 198.5381622314453
Train_MinReturn : 52.25229263305664
Train_AverageEpLen : 72.17857142857143
Train_EnvstepsSoFar : 340957
TimeSinceStart : 134.26121640205383
Training Loss : 0.02154494635760784
Baseline Loss : 0.7035503387451172
Initial_DataCollection_AverageReturn : 9.580930709838867
Done logging...




********** Iteration 168 ************

Beginning logging procedure...

Collecting data for eval...
Eval_AverageReturn : 145.4022979736328
Eval_StdReturn : 35.878108978271484
Eval_MaxReturn : 209.0188751220703
Eval_MinReturn : 101.04507446289062
Eval_AverageEpLen : 84.83333333333333
Train_AverageReturn : 115.96984100341797
Train_StdReturn : 35.8910026550293
Train_MaxReturn : 184.2376251220703
Train_MinReturn : 51.2448844909668
Train_AverageEpLen : 67.86666666666666
Train_EnvstepsSoFar : 342993
TimeSinceStart : 135.10280561447144
Training Loss : -0.01497115008533001
Baseline Loss : 0.5751962065696716
Initial_DataCollection_AverageReturn : 9.580930709838867
Done logging...




********** Iteration 169 ************

Beginning logging procedure...

Collecting data for eval...
Eval_AverageReturn : 156.95492553710938
Eval_StdReturn : 19.19424819946289
Eval_MaxReturn : 183.08966064453125
Eval_MinReturn : 123.58755493164062
Eval_AverageEpLen : 93.0
Train_AverageReturn : 142.83677673339844
Train_StdReturn : 34.79302215576172
Train_MaxReturn : 185.5642852783203
Train_MinReturn : 58.094478607177734
Train_AverageEpLen : 85.66666666666667
Train_EnvstepsSoFar : 345049
TimeSinceStart : 135.9566879272461
Training Loss : -0.014556346461176872
Baseline Loss : 0.540780246257782
Initial_DataCollection_AverageReturn : 9.580930709838867
Done logging...




********** Iteration 170 ************

Beginning logging procedure...

Collecting data for eval...
Eval_AverageReturn : 142.52499389648438
Eval_StdReturn : 11.252798080444336
Eval_MaxReturn : 154.52679443359375
Eval_MinReturn : 121.23016357421875
Eval_AverageEpLen : 88.2
Train_AverageReturn : 145.98809814453125
Train_StdReturn : 32.213340759277344
Train_MaxReturn : 187.33929443359375
Train_MinReturn : 59.5230827331543
Train_AverageEpLen : 87.78260869565217
Train_EnvstepsSoFar : 347068
TimeSinceStart : 136.87966895103455
Training Loss : -0.05331985279917717
Baseline Loss : 0.4867343604564667
Initial_DataCollection_AverageReturn : 9.580930709838867
Done logging...




********** Iteration 171 ************

Beginning logging procedure...

Collecting data for eval...
Eval_AverageReturn : 106.78592681884766
Eval_StdReturn : 22.78753089904785
Eval_MaxReturn : 133.58348083496094
Eval_MinReturn : 67.39750671386719
Eval_AverageEpLen : 68.71428571428571
Train_AverageReturn : 138.21478271484375
Train_StdReturn : 32.01905059814453
Train_MaxReturn : 189.16477966308594
Train_MinReturn : 54.07344436645508
Train_AverageEpLen : 83.70833333333333
Train_EnvstepsSoFar : 349077
TimeSinceStart : 137.71959352493286
Training Loss : -0.03505869582295418
Baseline Loss : 0.4751940667629242
Initial_DataCollection_AverageReturn : 9.580930709838867
Done logging...




********** Iteration 172 ************

Beginning logging procedure...

Collecting data for eval...
Eval_AverageReturn : 92.35755157470703
Eval_StdReturn : 29.962936401367188
Eval_MaxReturn : 132.4827117919922
Eval_MinReturn : 34.7765007019043
Eval_AverageEpLen : 62.285714285714285
Train_AverageReturn : 116.58262634277344
Train_StdReturn : 34.783084869384766
Train_MaxReturn : 184.4205780029297
Train_MinReturn : 50.726802825927734
Train_AverageEpLen : 75.70370370370371
Train_EnvstepsSoFar : 351121
TimeSinceStart : 138.65284872055054
Training Loss : -0.011628177016973495
Baseline Loss : 0.6063852310180664
Initial_DataCollection_AverageReturn : 9.580930709838867
Done logging...




********** Iteration 173 ************

Beginning logging procedure...

Collecting data for eval...
Eval_AverageReturn : 88.09884643554688
Eval_StdReturn : 33.32052993774414
Eval_MaxReturn : 132.25814819335938
Eval_MinReturn : 40.022613525390625
Eval_AverageEpLen : 60.0
Train_AverageReturn : 90.79193115234375
Train_StdReturn : 27.975448608398438
Train_MaxReturn : 150.37472534179688
Train_MinReturn : 37.48594665527344
Train_AverageEpLen : 61.81818181818182
Train_EnvstepsSoFar : 353161
TimeSinceStart : 139.62472915649414
Training Loss : -0.02810313180088997
Baseline Loss : 0.6141060590744019
Initial_DataCollection_AverageReturn : 9.580930709838867
Done logging...




********** Iteration 174 ************

Beginning logging procedure...

Collecting data for eval...
Eval_AverageReturn : 58.45276641845703
Eval_StdReturn : 19.245716094970703
Eval_MaxReturn : 107.6340560913086
Eval_MinReturn : 36.97451400756836
Eval_AverageEpLen : 41.0
Train_AverageReturn : 77.1773452758789
Train_StdReturn : 26.14833641052246
Train_MaxReturn : 131.0001220703125
Train_MinReturn : 29.75920295715332
Train_AverageEpLen : 53.578947368421055
Train_EnvstepsSoFar : 355197
TimeSinceStart : 140.47103595733643
Training Loss : -0.07774442434310913
Baseline Loss : 0.6791180968284607
Initial_DataCollection_AverageReturn : 9.580930709838867
Done logging...




********** Iteration 175 ************

Beginning logging procedure...

Collecting data for eval...
Eval_AverageReturn : 76.18757629394531
Eval_StdReturn : 22.603191375732422
Eval_MaxReturn : 108.0993881225586
Eval_MinReturn : 40.916770935058594
Eval_AverageEpLen : 51.875
Train_AverageReturn : 64.16456604003906
Train_StdReturn : 22.789405822753906
Train_MaxReturn : 115.86487579345703
Train_MinReturn : 21.798250198364258
Train_AverageEpLen : 45.79545454545455
Train_EnvstepsSoFar : 357212
TimeSinceStart : 141.2264859676361
Training Loss : -0.052335552871227264
Baseline Loss : 0.7547032833099365
Initial_DataCollection_AverageReturn : 9.580930709838867
Done logging...




********** Iteration 176 ************

Beginning logging procedure...

Collecting data for eval...
Eval_AverageReturn : 46.86460876464844
Eval_StdReturn : 14.3334379196167
Eval_MaxReturn : 68.51286315917969
Eval_MinReturn : 14.224714279174805
Eval_AverageEpLen : 34.666666666666664
Train_AverageReturn : 61.2722053527832
Train_StdReturn : 20.69342803955078
Train_MaxReturn : 123.32527923583984
Train_MinReturn : 18.273645401000977
Train_AverageEpLen : 43.95652173913044
Train_EnvstepsSoFar : 359234
TimeSinceStart : 142.11031079292297
Training Loss : -0.04846927151083946
Baseline Loss : 0.7229114770889282
Initial_DataCollection_AverageReturn : 9.580930709838867
Done logging...




********** Iteration 177 ************

Beginning logging procedure...

Collecting data for eval...
Eval_AverageReturn : 41.90529251098633
Eval_StdReturn : 17.971895217895508
Eval_MaxReturn : 87.11507415771484
Eval_MinReturn : 19.726675033569336
Eval_AverageEpLen : 31.923076923076923
Train_AverageReturn : 49.20856475830078
Train_StdReturn : 17.99611473083496
Train_MaxReturn : 97.3058090209961
Train_MinReturn : 12.550397872924805
Train_AverageEpLen : 36.107142857142854
Train_EnvstepsSoFar : 361256
TimeSinceStart : 142.9439036846161
Training Loss : 0.020110299810767174
Baseline Loss : 0.8097167611122131
Initial_DataCollection_AverageReturn : 9.580930709838867
Done logging...




********** Iteration 178 ************

Beginning logging procedure...

Collecting data for eval...
Eval_AverageReturn : 42.929847717285156
Eval_StdReturn : 13.990958213806152
Eval_MaxReturn : 66.43859100341797
Eval_MinReturn : 18.99447250366211
Eval_AverageEpLen : 32.0
Train_AverageReturn : 49.600704193115234
Train_StdReturn : 15.087610244750977
Train_MaxReturn : 89.9514389038086
Train_MinReturn : 20.769620895385742
Train_AverageEpLen : 36.472727272727276
Train_EnvstepsSoFar : 363262
TimeSinceStart : 143.75884342193604
Training Loss : 0.018159130588173866
Baseline Loss : 0.6867006421089172
Initial_DataCollection_AverageReturn : 9.580930709838867
Done logging...




********** Iteration 179 ************

Beginning logging procedure...

Collecting data for eval...
Eval_AverageReturn : 43.0926513671875
Eval_StdReturn : 14.159465789794922
Eval_MaxReturn : 82.12521362304688
Eval_MinReturn : 25.352733612060547
Eval_AverageEpLen : 32.30769230769231
Train_AverageReturn : 42.937252044677734
Train_StdReturn : 16.569076538085938
Train_MaxReturn : 85.65966796875
Train_MinReturn : 10.156025886535645
Train_AverageEpLen : 32.306451612903224
Train_EnvstepsSoFar : 365265
TimeSinceStart : 144.58670043945312
Training Loss : 0.010979024693369865
Baseline Loss : 0.7491467595100403
Initial_DataCollection_AverageReturn : 9.580930709838867
Done logging...




********** Iteration 180 ************

Beginning logging procedure...

Collecting data for eval...
Eval_AverageReturn : 34.43522644042969
Eval_StdReturn : 12.219598770141602
Eval_MaxReturn : 62.39669418334961
Eval_MinReturn : 17.276037216186523
Eval_AverageEpLen : 27.0
Train_AverageReturn : 38.3336067199707
Train_StdReturn : 14.010980606079102
Train_MaxReturn : 79.19329833984375
Train_MinReturn : 7.34766960144043
Train_AverageEpLen : 29.3768115942029
Train_EnvstepsSoFar : 367292
TimeSinceStart : 145.34691882133484
Training Loss : -0.046601951122283936
Baseline Loss : 0.7207822799682617
Initial_DataCollection_AverageReturn : 9.580930709838867
Done logging...




********** Iteration 181 ************

Beginning logging procedure...

Collecting data for eval...
Eval_AverageReturn : 32.35523223876953
Eval_StdReturn : 11.747308731079102
Eval_MaxReturn : 50.943172454833984
Eval_MinReturn : 10.645174026489258
Eval_AverageEpLen : 25.8125
Train_AverageReturn : 35.81184387207031
Train_StdReturn : 13.162001609802246
Train_MaxReturn : 63.82991027832031
Train_MinReturn : 9.920201301574707
Train_AverageEpLen : 27.805555555555557
Train_EnvstepsSoFar : 369294
TimeSinceStart : 146.1405689716339
Training Loss : 1.5582714695483446e-05
Baseline Loss : 0.6766392588615417
Initial_DataCollection_AverageReturn : 9.580930709838867
Done logging...




********** Iteration 182 ************

Beginning logging procedure...

Collecting data for eval...
Eval_AverageReturn : 33.47584533691406
Eval_StdReturn : 10.202980995178223
Eval_MaxReturn : 51.70941925048828
Eval_MinReturn : 14.675599098205566
Eval_AverageEpLen : 26.5
Train_AverageReturn : 36.97045135498047
Train_StdReturn : 12.931642532348633
Train_MaxReturn : 72.62676239013672
Train_MinReturn : 11.552130699157715
Train_AverageEpLen : 28.585714285714285
Train_EnvstepsSoFar : 371295
TimeSinceStart : 146.96694231033325
Training Loss : 0.01022997684776783
Baseline Loss : 0.5928058624267578
Initial_DataCollection_AverageReturn : 9.580930709838867
Done logging...




********** Iteration 183 ************

Beginning logging procedure...

Collecting data for eval...
Eval_AverageReturn : 32.13667297363281
Eval_StdReturn : 13.380311012268066
Eval_MaxReturn : 63.73405456542969
Eval_MinReturn : 12.603093147277832
Eval_AverageEpLen : 25.75
Train_AverageReturn : 33.13939666748047
Train_StdReturn : 11.899301528930664
Train_MaxReturn : 71.09442138671875
Train_MinReturn : 11.117752075195312
Train_AverageEpLen : 26.31578947368421
Train_EnvstepsSoFar : 373295
TimeSinceStart : 147.6224009990692
Training Loss : 0.04344891384243965
Baseline Loss : 0.5673946738243103
Initial_DataCollection_AverageReturn : 9.580930709838867
Done logging...




********** Iteration 184 ************

Beginning logging procedure...

Collecting data for eval...
Eval_AverageReturn : 30.897920608520508
Eval_StdReturn : 10.850543975830078
Eval_MaxReturn : 49.193180084228516
Eval_MinReturn : 13.836674690246582
Eval_AverageEpLen : 24.823529411764707
Train_AverageReturn : 31.860998153686523
Train_StdReturn : 11.650720596313477
Train_MaxReturn : 65.82787322998047
Train_MinReturn : 11.402186393737793
Train_AverageEpLen : 25.417721518987342
Train_EnvstepsSoFar : 375303
TimeSinceStart : 148.45365810394287
Training Loss : -0.03855619952082634
Baseline Loss : 0.52565997838974
Initial_DataCollection_AverageReturn : 9.580930709838867
Done logging...




********** Iteration 185 ************

Beginning logging procedure...

Collecting data for eval...
Eval_AverageReturn : 33.03631591796875
Eval_StdReturn : 10.924234390258789
Eval_MaxReturn : 54.19819641113281
Eval_MinReturn : 14.085500717163086
Eval_AverageEpLen : 26.1875
Train_AverageReturn : 29.598270416259766
Train_StdReturn : 10.6774320602417
Train_MaxReturn : 56.48666763305664
Train_MinReturn : 10.010754585266113
Train_AverageEpLen : 24.154761904761905
Train_EnvstepsSoFar : 377332
TimeSinceStart : 149.19800066947937
Training Loss : 0.020164303481578827
Baseline Loss : 0.514687716960907
Initial_DataCollection_AverageReturn : 9.580930709838867
Done logging...




********** Iteration 186 ************

Beginning logging procedure...

Collecting data for eval...
Eval_AverageReturn : 34.48978805541992
Eval_StdReturn : 11.025849342346191
Eval_MaxReturn : 51.586063385009766
Eval_MinReturn : 14.83762264251709
Eval_AverageEpLen : 27.0
Train_AverageReturn : 32.851158142089844
Train_StdReturn : 12.003179550170898
Train_MaxReturn : 69.40777587890625
Train_MinReturn : 9.430398941040039
Train_AverageEpLen : 26.116883116883116
Train_EnvstepsSoFar : 379343
TimeSinceStart : 149.85255241394043
Training Loss : 0.026431916281580925
Baseline Loss : 0.49866631627082825
Initial_DataCollection_AverageReturn : 9.580930709838867
Done logging...




********** Iteration 187 ************

Beginning logging procedure...

Collecting data for eval...
Eval_AverageReturn : 38.900184631347656
Eval_StdReturn : 12.58127498626709
Eval_MaxReturn : 62.723018646240234
Eval_MinReturn : 14.750372886657715
Eval_AverageEpLen : 29.5
Train_AverageReturn : 32.78369903564453
Train_StdReturn : 11.11097526550293
Train_MaxReturn : 57.89039611816406
Train_MinReturn : 10.565635681152344
Train_AverageEpLen : 25.974025974025974
Train_EnvstepsSoFar : 381343
TimeSinceStart : 150.63498711585999
Training Loss : -0.01678602024912834
Baseline Loss : 0.44330015778541565
Initial_DataCollection_AverageReturn : 9.580930709838867
Done logging...




********** Iteration 188 ************

Beginning logging procedure...

Collecting data for eval...
Eval_AverageReturn : 37.18326187133789
Eval_StdReturn : 6.924951553344727
Eval_MaxReturn : 48.26228713989258
Eval_MinReturn : 21.24642562866211
Eval_AverageEpLen : 28.571428571428573
Train_AverageReturn : 37.55379867553711
Train_StdReturn : 10.97003173828125
Train_MaxReturn : 65.33180236816406
Train_MinReturn : 13.934393882751465
Train_AverageEpLen : 28.857142857142858
Train_EnvstepsSoFar : 383363
TimeSinceStart : 151.3626925945282
Training Loss : 0.03253373131155968
Baseline Loss : 0.4270087778568268
Initial_DataCollection_AverageReturn : 9.580930709838867
Done logging...




********** Iteration 189 ************

Beginning logging procedure...

Collecting data for eval...
Eval_AverageReturn : 41.369140625
Eval_StdReturn : 8.916242599487305
Eval_MaxReturn : 55.77354431152344
Eval_MinReturn : 21.466392517089844
Eval_AverageEpLen : 31.23076923076923
Train_AverageReturn : 40.65624237060547
Train_StdReturn : 12.004161834716797
Train_MaxReturn : 65.74842071533203
Train_MinReturn : 15.904356956481934
Train_AverageEpLen : 30.76923076923077
Train_EnvstepsSoFar : 385363
TimeSinceStart : 152.04232811927795
Training Loss : 0.06362633407115936
Baseline Loss : 0.41635310649871826
Initial_DataCollection_AverageReturn : 9.580930709838867
Done logging...




********** Iteration 190 ************

Beginning logging procedure...

Collecting data for eval...
Eval_AverageReturn : 54.99863052368164
Eval_StdReturn : 10.161714553833008
Eval_MaxReturn : 81.5030288696289
Eval_MinReturn : 39.52151107788086
Eval_AverageEpLen : 39.54545454545455
Train_AverageReturn : 41.015323638916016
Train_StdReturn : 10.199615478515625
Train_MaxReturn : 62.831790924072266
Train_MinReturn : 12.068558692932129
Train_AverageEpLen : 30.953846153846154
Train_EnvstepsSoFar : 387375
TimeSinceStart : 152.83868265151978
Training Loss : -0.035423263907432556
Baseline Loss : 0.37559860944747925
Initial_DataCollection_AverageReturn : 9.580930709838867
Done logging...




********** Iteration 191 ************

Beginning logging procedure...

Collecting data for eval...
Eval_AverageReturn : 46.76693344116211
Eval_StdReturn : 15.587383270263672
Eval_MaxReturn : 79.14212799072266
Eval_MinReturn : 19.098251342773438
Eval_AverageEpLen : 34.583333333333336
Train_AverageReturn : 49.634376525878906
Train_StdReturn : 13.366792678833008
Train_MaxReturn : 79.09065246582031
Train_MinReturn : 19.00086784362793
Train_AverageEpLen : 36.43636363636364
Train_EnvstepsSoFar : 389379
TimeSinceStart : 153.57143473625183
Training Loss : 0.03379537910223007
Baseline Loss : 0.4584876298904419
Initial_DataCollection_AverageReturn : 9.580930709838867
Done logging...




********** Iteration 192 ************

Beginning logging procedure...

Collecting data for eval...
Eval_AverageReturn : 61.34389114379883
Eval_StdReturn : 10.168703079223633
Eval_MaxReturn : 78.21418762207031
Eval_MinReturn : 49.88568878173828
Eval_AverageEpLen : 43.6
Train_AverageReturn : 52.222877502441406
Train_StdReturn : 16.88332748413086
Train_MaxReturn : 89.36477661132812
Train_MinReturn : 15.592500686645508
Train_AverageEpLen : 38.264150943396224
Train_EnvstepsSoFar : 391407
TimeSinceStart : 154.367534160614
Training Loss : -0.06573046743869781
Baseline Loss : 0.5984439253807068
Initial_DataCollection_AverageReturn : 9.580930709838867
Done logging...




********** Iteration 193 ************

Beginning logging procedure...

Collecting data for eval...
Eval_AverageReturn : 63.73270034790039
Eval_StdReturn : 12.214580535888672
Eval_MaxReturn : 82.17057037353516
Eval_MinReturn : 50.790924072265625
Eval_AverageEpLen : 45.55555555555556
Train_AverageReturn : 58.42131423950195
Train_StdReturn : 15.863682746887207
Train_MaxReturn : 91.23689270019531
Train_MinReturn : 15.513862609863281
Train_AverageEpLen : 42.0625
Train_EnvstepsSoFar : 393426
TimeSinceStart : 155.1544508934021
Training Loss : -0.052265435457229614
Baseline Loss : 0.5302596688270569
Initial_DataCollection_AverageReturn : 9.580930709838867
Done logging...




********** Iteration 194 ************

Beginning logging procedure...

Collecting data for eval...
Eval_AverageReturn : 74.62920379638672
Eval_StdReturn : 17.7828369140625
Eval_MaxReturn : 102.1363525390625
Eval_MinReturn : 50.66858673095703
Eval_AverageEpLen : 52.125
Train_AverageReturn : 68.127685546875
Train_StdReturn : 14.929534912109375
Train_MaxReturn : 106.22882843017578
Train_MinReturn : 38.08431625366211
Train_AverageEpLen : 48.23809523809524
Train_EnvstepsSoFar : 395452
TimeSinceStart : 155.95465350151062
Training Loss : -0.0046972292475402355
Baseline Loss : 0.5548897385597229
Initial_DataCollection_AverageReturn : 9.580930709838867
Done logging...




********** Iteration 195 ************

Beginning logging procedure...

Collecting data for eval...
Eval_AverageReturn : 78.21403503417969
Eval_StdReturn : 15.930177688598633
Eval_MaxReturn : 96.8000259399414
Eval_MinReturn : 49.39701461791992
Eval_AverageEpLen : 55.0
Train_AverageReturn : 75.04478454589844
Train_StdReturn : 17.95859718322754
Train_MaxReturn : 105.7100830078125
Train_MinReturn : 32.093544006347656
Train_AverageEpLen : 52.92307692307692
Train_EnvstepsSoFar : 397516
TimeSinceStart : 156.71228766441345
Training Loss : -0.04878895729780197
Baseline Loss : 0.6170812845230103
Initial_DataCollection_AverageReturn : 9.580930709838867
Done logging...




********** Iteration 196 ************

Beginning logging procedure...

Collecting data for eval...
Eval_AverageReturn : 114.5848617553711
Eval_StdReturn : 19.833295822143555
Eval_MaxReturn : 147.04971313476562
Eval_MinReturn : 82.13411712646484
Eval_AverageEpLen : 73.83333333333333
Train_AverageReturn : 85.59243774414062
Train_StdReturn : 19.395709991455078
Train_MaxReturn : 141.94140625
Train_MinReturn : 62.077884674072266
Train_AverageEpLen : 59.26470588235294
Train_EnvstepsSoFar : 399531
TimeSinceStart : 157.5242862701416
Training Loss : -0.05145478993654251
Baseline Loss : 0.689288854598999
Initial_DataCollection_AverageReturn : 9.580930709838867
Done logging...




********** Iteration 197 ************

Beginning logging procedure...

Collecting data for eval...
Eval_AverageReturn : 110.71658325195312
Eval_StdReturn : 7.472540855407715
Eval_MaxReturn : 120.13774108886719
Eval_MinReturn : 97.25712585449219
Eval_AverageEpLen : 74.83333333333333
Train_AverageReturn : 101.83678436279297
Train_StdReturn : 24.082279205322266
Train_MaxReturn : 142.8475799560547
Train_MinReturn : 58.587562561035156
Train_AverageEpLen : 69.0
Train_EnvstepsSoFar : 401532
TimeSinceStart : 158.31969666481018
Training Loss : -0.0028860957827419043
Baseline Loss : 0.7657321095466614
Initial_DataCollection_AverageReturn : 9.580930709838867
Done logging...




********** Iteration 198 ************

Beginning logging procedure...

Collecting data for eval...
Eval_AverageReturn : 118.918701171875
Eval_StdReturn : 28.7847843170166
Eval_MaxReturn : 170.44482421875
Eval_MinReturn : 75.02186584472656
Eval_AverageEpLen : 78.66666666666667
Train_AverageReturn : 110.28589630126953
Train_StdReturn : 24.553518295288086
Train_MaxReturn : 157.3134765625
Train_MinReturn : 58.14651107788086
Train_AverageEpLen : 73.03571428571429
Train_EnvstepsSoFar : 403577
TimeSinceStart : 159.09416460990906
Training Loss : -0.03439061716198921
Baseline Loss : 0.7547953128814697
Initial_DataCollection_AverageReturn : 9.580930709838867
Done logging...




********** Iteration 199 ************

Beginning logging procedure...

Collecting data for eval...
Eval_AverageReturn : 150.48397827148438
Eval_StdReturn : 10.820531845092773
Eval_MaxReturn : 163.66067504882812
Eval_MinReturn : 137.00885009765625
Eval_AverageEpLen : 93.8
Train_AverageReturn : 126.40054321289062
Train_StdReturn : 26.579771041870117
Train_MaxReturn : 167.943115234375
Train_MinReturn : 51.7739372253418
Train_AverageEpLen : 81.44
Train_EnvstepsSoFar : 405613
TimeSinceStart : 159.8938512802124
Training Loss : -0.01786825805902481
Baseline Loss : 0.7168883681297302
Initial_DataCollection_AverageReturn : 9.580930709838867
Done logging...




********** Iteration 200 ************

Beginning logging procedure...

Collecting data for eval...
Eval_AverageReturn : 121.87386322021484
Eval_StdReturn : 42.04838180541992
Eval_MaxReturn : 177.6900177001953
Eval_MinReturn : 75.80366516113281
Eval_AverageEpLen : 72.5
Train_AverageReturn : 133.56570434570312
Train_StdReturn : 36.7569580078125
Train_MaxReturn : 187.51087951660156
Train_MinReturn : 51.00633239746094
Train_AverageEpLen : 83.33333333333333
Train_EnvstepsSoFar : 407613
TimeSinceStart : 160.5917727947235
Training Loss : -0.07233163714408875
Baseline Loss : 0.7519124746322632
Initial_DataCollection_AverageReturn : 9.580930709838867
Done logging...




********** Iteration 201 ************

Beginning logging procedure...

Collecting data for eval...
Eval_AverageReturn : 133.76876831054688
Eval_StdReturn : 31.148574829101562
Eval_MaxReturn : 170.41140747070312
Eval_MinReturn : 87.5423812866211
Eval_AverageEpLen : 81.6
Train_AverageReturn : 145.59632873535156
Train_StdReturn : 43.89500427246094
Train_MaxReturn : 187.18309020996094
Train_MinReturn : 50.14021301269531
Train_AverageEpLen : 87.52173913043478
Train_EnvstepsSoFar : 409626
TimeSinceStart : 161.32940578460693
Training Loss : -0.07035571336746216
Baseline Loss : 0.718855082988739
Initial_DataCollection_AverageReturn : 9.580930709838867
Done logging...




********** Iteration 202 ************

Beginning logging procedure...

Collecting data for eval...
Eval_AverageReturn : 115.5057601928711
Eval_StdReturn : 53.00242614746094
Eval_MaxReturn : 188.115966796875
Eval_MinReturn : 60.89448547363281
Eval_AverageEpLen : 66.66666666666667
Train_AverageReturn : 141.87220764160156
Train_StdReturn : 51.065895080566406
Train_MaxReturn : 188.44918823242188
Train_MinReturn : 51.37493896484375
Train_AverageEpLen : 82.76
Train_EnvstepsSoFar : 411695
TimeSinceStart : 162.2197344303131
Training Loss : -0.028123067691922188
Baseline Loss : 0.7836763262748718
Initial_DataCollection_AverageReturn : 9.580930709838867
Done logging...




********** Iteration 203 ************

Beginning logging procedure...

Collecting data for eval...
Eval_AverageReturn : 122.32867431640625
Eval_StdReturn : 46.936702728271484
Eval_MaxReturn : 184.74403381347656
Eval_MinReturn : 57.30072784423828
Eval_AverageEpLen : 68.33333333333333
Train_AverageReturn : 125.01371002197266
Train_StdReturn : 53.6568717956543
Train_MaxReturn : 192.48577880859375
Train_MinReturn : 51.76176834106445
Train_AverageEpLen : 72.42857142857143
Train_EnvstepsSoFar : 413723
TimeSinceStart : 163.03831124305725
Training Loss : -0.055726464837789536
Baseline Loss : 0.8818669319152832
Initial_DataCollection_AverageReturn : 9.580930709838867
Done logging...




********** Iteration 204 ************

Beginning logging procedure...

Collecting data for eval...
Eval_AverageReturn : 90.41133880615234
Eval_StdReturn : 38.190696716308594
Eval_MaxReturn : 156.52023315429688
Eval_MinReturn : 52.17566680908203
Eval_AverageEpLen : 52.22222222222222
Train_AverageReturn : 116.67721557617188
Train_StdReturn : 48.54169845581055
Train_MaxReturn : 190.90316772460938
Train_MinReturn : 52.6749267578125
Train_AverageEpLen : 67.33333333333333
Train_EnvstepsSoFar : 415743
TimeSinceStart : 163.87427282333374
Training Loss : -0.04362424835562706
Baseline Loss : 0.8471299409866333
Initial_DataCollection_AverageReturn : 9.580930709838867
Done logging...




********** Iteration 205 ************

Beginning logging procedure...

Collecting data for eval...
Eval_AverageReturn : 81.190185546875
Eval_StdReturn : 32.37151336669922
Eval_MaxReturn : 164.03536987304688
Eval_MinReturn : 50.87205123901367
Eval_AverageEpLen : 47.0
Train_AverageReturn : 111.01004028320312
Train_StdReturn : 47.310272216796875
Train_MaxReturn : 195.37106323242188
Train_MinReturn : 50.359256744384766
Train_AverageEpLen : 63.28125
Train_EnvstepsSoFar : 417768
TimeSinceStart : 164.6709864139557
Training Loss : -0.09030207246541977
Baseline Loss : 0.8672620058059692
Initial_DataCollection_AverageReturn : 9.580930709838867
Done logging...




********** Iteration 206 ************

Beginning logging procedure...

Collecting data for eval...
Eval_AverageReturn : 90.36746215820312
Eval_StdReturn : 43.42341232299805
Eval_MaxReturn : 190.7716522216797
Eval_MinReturn : 48.415897369384766
Eval_AverageEpLen : 52.75
Train_AverageReturn : 80.89491271972656
Train_StdReturn : 34.655033111572266
Train_MaxReturn : 169.1087646484375
Train_MinReturn : 51.34642028808594
Train_AverageEpLen : 47.325581395348834
Train_EnvstepsSoFar : 419803
TimeSinceStart : 165.44819927215576
Training Loss : -0.066805399954319
Baseline Loss : 1.0855506658554077
Initial_DataCollection_AverageReturn : 9.580930709838867
Done logging...




********** Iteration 207 ************

Beginning logging procedure...

Collecting data for eval...
Eval_AverageReturn : 76.8710708618164
Eval_StdReturn : 27.148670196533203
Eval_MaxReturn : 133.11924743652344
Eval_MinReturn : 54.139163970947266
Eval_AverageEpLen : 44.888888888888886
Train_AverageReturn : 74.04347229003906
Train_StdReturn : 22.37773895263672
Train_MaxReturn : 153.21482849121094
Train_MinReturn : 49.050628662109375
Train_AverageEpLen : 43.56521739130435
Train_EnvstepsSoFar : 421807
TimeSinceStart : 166.26744675636292
Training Loss : -0.06445474922657013
Baseline Loss : 0.9291445016860962
Initial_DataCollection_AverageReturn : 9.580930709838867
Done logging...




********** Iteration 208 ************

Beginning logging procedure...

Collecting data for eval...
Eval_AverageReturn : 66.84839630126953
Eval_StdReturn : 21.398609161376953
Eval_MaxReturn : 124.99918365478516
Eval_MinReturn : 50.101173400878906
Eval_AverageEpLen : 39.36363636363637
Train_AverageReturn : 80.24286651611328
Train_StdReturn : 28.846378326416016
Train_MaxReturn : 160.66156005859375
Train_MinReturn : 51.733001708984375
Train_AverageEpLen : 47.16279069767442
Train_EnvstepsSoFar : 423835
TimeSinceStart : 167.0629014968872
Training Loss : -0.029855595901608467
Baseline Loss : 0.9316678643226624
Initial_DataCollection_AverageReturn : 9.580930709838867
Done logging...




********** Iteration 209 ************

Beginning logging procedure...

Collecting data for eval...
Eval_AverageReturn : 58.29571533203125
Eval_StdReturn : 6.23184061050415
Eval_MaxReturn : 75.34651947021484
Eval_MinReturn : 51.58992004394531
Eval_AverageEpLen : 35.083333333333336
Train_AverageReturn : 70.95832824707031
Train_StdReturn : 21.05059814453125
Train_MaxReturn : 138.26014709472656
Train_MinReturn : 50.92832565307617
Train_AverageEpLen : 41.9375
Train_EnvstepsSoFar : 425848
TimeSinceStart : 167.72924542427063
Training Loss : -0.024975737556815147
Baseline Loss : 0.99397873878479
Initial_DataCollection_AverageReturn : 9.580930709838867
Done logging...




********** Iteration 210 ************

Beginning logging procedure...

Collecting data for eval...
Eval_AverageReturn : 61.91324234008789
Eval_StdReturn : 10.753068923950195
Eval_MaxReturn : 90.81219482421875
Eval_MinReturn : 48.81281661987305
Eval_AverageEpLen : 37.0
Train_AverageReturn : 64.11897277832031
Train_StdReturn : 18.809289932250977
Train_MaxReturn : 143.86305236816406
Train_MinReturn : 45.798187255859375
Train_AverageEpLen : 38.094339622641506
Train_EnvstepsSoFar : 427867
TimeSinceStart : 168.40615677833557
Training Loss : -0.09299062937498093
Baseline Loss : 1.068627119064331
Initial_DataCollection_AverageReturn : 9.580930709838867
Done logging...




********** Iteration 211 ************

Beginning logging procedure...

Collecting data for eval...
Eval_AverageReturn : 68.98391723632812
Eval_StdReturn : 20.180295944213867
Eval_MaxReturn : 117.5601577758789
Eval_MinReturn : 52.63978576660156
Eval_AverageEpLen : 40.5
Train_AverageReturn : 61.80105209350586
Train_StdReturn : 13.234288215637207
Train_MaxReturn : 132.13124084472656
Train_MinReturn : 47.527793884277344
Train_AverageEpLen : 36.872727272727275
Train_EnvstepsSoFar : 429895
TimeSinceStart : 169.19790983200073
Training Loss : -0.011509689502418041
Baseline Loss : 0.9853126406669617
Initial_DataCollection_AverageReturn : 9.580930709838867
Done logging...




********** Iteration 212 ************

Beginning logging procedure...

Collecting data for eval...
Eval_AverageReturn : 63.147117614746094
Eval_StdReturn : 21.128223419189453
Eval_MaxReturn : 127.64698791503906
Eval_MinReturn : 49.789737701416016
Eval_AverageEpLen : 37.18181818181818
Train_AverageReturn : 63.26353454589844
Train_StdReturn : 15.896758079528809
Train_MaxReturn : 144.49618530273438
Train_MinReturn : 49.135719299316406
Train_AverageEpLen : 37.75471698113208
Train_EnvstepsSoFar : 431896
TimeSinceStart : 170.03208875656128
Training Loss : -0.02307981438934803
Baseline Loss : 0.9755712747573853
Initial_DataCollection_AverageReturn : 9.580930709838867
Done logging...




********** Iteration 213 ************

Beginning logging procedure...

Collecting data for eval...
Eval_AverageReturn : 62.10843276977539
Eval_StdReturn : 12.586061477661133
Eval_MaxReturn : 95.21001434326172
Eval_MinReturn : 52.36970138549805
Eval_AverageEpLen : 37.36363636363637
Train_AverageReturn : 60.00693893432617
Train_StdReturn : 8.661491394042969
Train_MaxReturn : 92.81739807128906
Train_MinReturn : 49.91389083862305
Train_AverageEpLen : 36.017857142857146
Train_EnvstepsSoFar : 433913
TimeSinceStart : 170.8784477710724
Training Loss : -0.0772436261177063
Baseline Loss : 0.883419394493103
Initial_DataCollection_AverageReturn : 9.580930709838867
Done logging...




********** Iteration 214 ************

Beginning logging procedure...

Collecting data for eval...
Eval_AverageReturn : 67.18521881103516
Eval_StdReturn : 11.548110961914062
Eval_MaxReturn : 98.9349136352539
Eval_MinReturn : 57.50924301147461
Eval_AverageEpLen : 40.09090909090909
Train_AverageReturn : 57.51655197143555
Train_StdReturn : 9.496180534362793
Train_MaxReturn : 105.92513275146484
Train_MinReturn : 46.27481460571289
Train_AverageEpLen : 34.60344827586207
Train_EnvstepsSoFar : 435920
TimeSinceStart : 171.73294186592102
Training Loss : 0.025100750848650932
Baseline Loss : 0.8966112732887268
Initial_DataCollection_AverageReturn : 9.580930709838867
Done logging...




********** Iteration 215 ************

Beginning logging procedure...

Collecting data for eval...
Eval_AverageReturn : 61.15480041503906
Eval_StdReturn : 9.437010765075684
Eval_MaxReturn : 75.3426513671875
Eval_MinReturn : 49.19263458251953
Eval_AverageEpLen : 36.72727272727273
Train_AverageReturn : 61.14008712768555
Train_StdReturn : 12.146103858947754
Train_MaxReturn : 108.4442367553711
Train_MinReturn : 46.63840866088867
Train_AverageEpLen : 36.61818181818182
Train_EnvstepsSoFar : 437934
TimeSinceStart : 172.50368189811707
Training Loss : -0.01656515710055828
Baseline Loss : 0.8182418942451477
Initial_DataCollection_AverageReturn : 9.580930709838867
Done logging...




********** Iteration 216 ************

Beginning logging procedure...

Collecting data for eval...
Eval_AverageReturn : 58.09625244140625
Eval_StdReturn : 6.385474681854248
Eval_MaxReturn : 72.53924560546875
Eval_MinReturn : 50.37738037109375
Eval_AverageEpLen : 34.916666666666664
Train_AverageReturn : 59.489044189453125
Train_StdReturn : 9.016992568969727
Train_MaxReturn : 88.11759948730469
Train_MinReturn : 46.14265060424805
Train_AverageEpLen : 35.68421052631579
Train_EnvstepsSoFar : 439968
TimeSinceStart : 173.3300564289093
Training Loss : 0.00283220992423594
Baseline Loss : 0.7569721937179565
Initial_DataCollection_AverageReturn : 9.580930709838867
Done logging...




********** Iteration 217 ************

Beginning logging procedure...

Collecting data for eval...
Eval_AverageReturn : 66.20985412597656
Eval_StdReturn : 18.203643798828125
Eval_MaxReturn : 112.62146759033203
Eval_MinReturn : 50.33474349975586
Eval_AverageEpLen : 39.36363636363637
Train_AverageReturn : 60.58109664916992
Train_StdReturn : 8.463237762451172
Train_MaxReturn : 90.23637390136719
Train_MinReturn : 49.745338439941406
Train_AverageEpLen : 36.232142857142854
Train_EnvstepsSoFar : 441997
TimeSinceStart : 174.07991671562195
Training Loss : 0.034887757152318954
Baseline Loss : 0.7187181711196899
Initial_DataCollection_AverageReturn : 9.580930709838867
Done logging...




********** Iteration 218 ************

Beginning logging procedure...

Collecting data for eval...
Eval_AverageReturn : 61.198463439941406
Eval_StdReturn : 6.1875505447387695
Eval_MaxReturn : 70.08578491210938
Eval_MinReturn : 49.55804443359375
Eval_AverageEpLen : 36.72727272727273
Train_AverageReturn : 60.02174758911133
Train_StdReturn : 8.85025691986084
Train_MaxReturn : 85.25371551513672
Train_MinReturn : 50.00798416137695
Train_AverageEpLen : 36.017857142857146
Train_EnvstepsSoFar : 444014
TimeSinceStart : 174.9077467918396
Training Loss : -0.021429212763905525
Baseline Loss : 0.7255180478096008
Initial_DataCollection_AverageReturn : 9.580930709838867
Done logging...




********** Iteration 219 ************

Beginning logging procedure...

Collecting data for eval...
Eval_AverageReturn : 58.2282600402832
Eval_StdReturn : 6.349421501159668
Eval_MaxReturn : 72.4792709350586
Eval_MinReturn : 50.37082290649414
Eval_AverageEpLen : 35.0
Train_AverageReturn : 59.30129623413086
Train_StdReturn : 7.222812652587891
Train_MaxReturn : 78.94236755371094
Train_MinReturn : 48.57761001586914
Train_AverageEpLen : 35.56140350877193
Train_EnvstepsSoFar : 446041
TimeSinceStart : 175.67087244987488
Training Loss : 0.017897745594382286
Baseline Loss : 0.677207350730896
Initial_DataCollection_AverageReturn : 9.580930709838867
Done logging...




********** Iteration 220 ************

Beginning logging procedure...

Collecting data for eval...
Eval_AverageReturn : 59.58625411987305
Eval_StdReturn : 6.131866455078125
Eval_MaxReturn : 71.81426239013672
Eval_MinReturn : 52.7098274230957
Eval_AverageEpLen : 35.583333333333336
Train_AverageReturn : 58.741214752197266
Train_StdReturn : 6.463217735290527
Train_MaxReturn : 74.30896759033203
Train_MinReturn : 47.583255767822266
Train_AverageEpLen : 35.24561403508772
Train_EnvstepsSoFar : 448050
TimeSinceStart : 176.30991864204407
Training Loss : -0.0172719769179821
Baseline Loss : 0.6568029522895813
Initial_DataCollection_AverageReturn : 9.580930709838867
Done logging...




********** Iteration 221 ************

Beginning logging procedure...

Collecting data for eval...
Eval_AverageReturn : 60.329532623291016
Eval_StdReturn : 10.830719947814941
Eval_MaxReturn : 92.44902801513672
Eval_MinReturn : 52.60594177246094
Eval_AverageEpLen : 36.083333333333336
Train_AverageReturn : 60.48768997192383
Train_StdReturn : 9.386882781982422
Train_MaxReturn : 90.61616516113281
Train_MinReturn : 48.359317779541016
Train_AverageEpLen : 36.285714285714285
Train_EnvstepsSoFar : 450082
TimeSinceStart : 177.176828622818
Training Loss : 0.012290355749428272
Baseline Loss : 0.661236047744751
Initial_DataCollection_AverageReturn : 9.580930709838867
Done logging...




********** Iteration 222 ************

Beginning logging procedure...

Collecting data for eval...
Eval_AverageReturn : 58.78623580932617
Eval_StdReturn : 5.445643901824951
Eval_MaxReturn : 71.87654876708984
Eval_MinReturn : 51.55919647216797
Eval_AverageEpLen : 35.333333333333336
Train_AverageReturn : 59.89556884765625
Train_StdReturn : 6.421964168548584
Train_MaxReturn : 75.42523193359375
Train_MinReturn : 47.76972198486328
Train_AverageEpLen : 35.857142857142854
Train_EnvstepsSoFar : 452090
TimeSinceStart : 178.0272707939148
Training Loss : 0.04167236387729645
Baseline Loss : 0.6244885921478271
Initial_DataCollection_AverageReturn : 9.580930709838867
Done logging...




********** Iteration 223 ************

Beginning logging procedure...

Collecting data for eval...
Eval_AverageReturn : 64.71432495117188
Eval_StdReturn : 13.272007942199707
Eval_MaxReturn : 94.0399169921875
Eval_MinReturn : 52.81706237792969
Eval_AverageEpLen : 38.63636363636363
Train_AverageReturn : 61.0892219543457
Train_StdReturn : 8.036212921142578
Train_MaxReturn : 93.51856231689453
Train_MinReturn : 49.22629165649414
Train_AverageEpLen : 36.654545454545456
Train_EnvstepsSoFar : 454106
TimeSinceStart : 178.9366352558136
Training Loss : 0.0064504980109632015
Baseline Loss : 0.6258738040924072
Initial_DataCollection_AverageReturn : 9.580930709838867
Done logging...




********** Iteration 224 ************

Beginning logging procedure...

Collecting data for eval...
Eval_AverageReturn : 62.61222839355469
Eval_StdReturn : 8.983452796936035
Eval_MaxReturn : 80.45526123046875
Eval_MinReturn : 52.15622329711914
Eval_AverageEpLen : 37.54545454545455
Train_AverageReturn : 59.96370315551758
Train_StdReturn : 7.10004186630249
Train_MaxReturn : 77.27079772949219
Train_MinReturn : 48.994998931884766
Train_AverageEpLen : 35.982142857142854
Train_EnvstepsSoFar : 456121
TimeSinceStart : 179.7607226371765
Training Loss : 0.006623060442507267
Baseline Loss : 0.6139126420021057
Initial_DataCollection_AverageReturn : 9.580930709838867
Done logging...




********** Iteration 225 ************

Beginning logging procedure...

Collecting data for eval...
Eval_AverageReturn : 57.78761291503906
Eval_StdReturn : 5.881201267242432
Eval_MaxReturn : 73.48748779296875
Eval_MinReturn : 51.406654357910156
Eval_AverageEpLen : 34.75
Train_AverageReturn : 60.61844253540039
Train_StdReturn : 7.438033580780029
Train_MaxReturn : 89.0138168334961
Train_MinReturn : 49.9815673828125
Train_AverageEpLen : 36.25
Train_EnvstepsSoFar : 458151
TimeSinceStart : 180.56555128097534
Training Loss : 0.02432599663734436
Baseline Loss : 0.6008058190345764
Initial_DataCollection_AverageReturn : 9.580930709838867
Done logging...




********** Iteration 226 ************

Beginning logging procedure...

Collecting data for eval...
Eval_AverageReturn : 63.00310134887695
Eval_StdReturn : 7.301663398742676
Eval_MaxReturn : 79.64889526367188
Eval_MinReturn : 52.45214080810547
Eval_AverageEpLen : 37.81818181818182
Train_AverageReturn : 59.82589340209961
Train_StdReturn : 7.218024730682373
Train_MaxReturn : 85.03929901123047
Train_MinReturn : 46.59284591674805
Train_AverageEpLen : 35.892857142857146
Train_EnvstepsSoFar : 460161
TimeSinceStart : 181.4180715084076
Training Loss : 0.0011506606824696064
Baseline Loss : 0.5969295501708984
Initial_DataCollection_AverageReturn : 9.580930709838867
Done logging...




********** Iteration 227 ************

Beginning logging procedure...

Collecting data for eval...
Eval_AverageReturn : 63.8332633972168
Eval_StdReturn : 11.320590019226074
Eval_MaxReturn : 90.78775024414062
Eval_MinReturn : 52.64091873168945
Eval_AverageEpLen : 38.18181818181818
Train_AverageReturn : 60.384517669677734
Train_StdReturn : 8.091108322143555
Train_MaxReturn : 98.80316162109375
Train_MinReturn : 50.0802001953125
Train_AverageEpLen : 36.160714285714285
Train_EnvstepsSoFar : 462186
TimeSinceStart : 182.2102222442627
Training Loss : 0.04217444732785225
Baseline Loss : 0.5949746966362
Initial_DataCollection_AverageReturn : 9.580930709838867
Done logging...




********** Iteration 228 ************

Beginning logging procedure...

Collecting data for eval...
Eval_AverageReturn : 62.118995666503906
Eval_StdReturn : 9.796314239501953
Eval_MaxReturn : 82.7348861694336
Eval_MinReturn : 50.86578369140625
Eval_AverageEpLen : 37.09090909090909
Train_AverageReturn : 63.71612548828125
Train_StdReturn : 12.766007423400879
Train_MaxReturn : 116.72071075439453
Train_MinReturn : 49.827999114990234
Train_AverageEpLen : 38.056603773584904
Train_EnvstepsSoFar : 464203
TimeSinceStart : 183.08806800842285
Training Loss : 0.018343398347496986
Baseline Loss : 0.6174050569534302
Initial_DataCollection_AverageReturn : 9.580930709838867
Done logging...




********** Iteration 229 ************

Beginning logging procedure...

Collecting data for eval...
Eval_AverageReturn : 63.00657653808594
Eval_StdReturn : 10.751535415649414
Eval_MaxReturn : 83.05681610107422
Eval_MinReturn : 48.63362121582031
Eval_AverageEpLen : 37.72727272727273
Train_AverageReturn : 63.30508804321289
Train_StdReturn : 9.752612113952637
Train_MaxReturn : 95.1396713256836
Train_MinReturn : 49.63942337036133
Train_AverageEpLen : 37.81132075471698
Train_EnvstepsSoFar : 466207
TimeSinceStart : 183.92014026641846
Training Loss : 0.017351435497403145
Baseline Loss : 0.5752144455909729
Initial_DataCollection_AverageReturn : 9.580930709838867
Done logging...




********** Iteration 230 ************

Beginning logging procedure...

Collecting data for eval...
Eval_AverageReturn : 72.33802795410156
Eval_StdReturn : 21.48482894897461
Eval_MaxReturn : 129.98773193359375
Eval_MinReturn : 54.78998565673828
Eval_AverageEpLen : 42.4
Train_AverageReturn : 62.600154876708984
Train_StdReturn : 9.33349323272705
Train_MaxReturn : 83.59428405761719
Train_MinReturn : 50.716121673583984
Train_AverageEpLen : 37.370370370370374
Train_EnvstepsSoFar : 468225
TimeSinceStart : 184.8518180847168
Training Loss : -0.027478594332933426
Baseline Loss : 0.5600221753120422
Initial_DataCollection_AverageReturn : 9.580930709838867
Done logging...




********** Iteration 231 ************

Beginning logging procedure...

Collecting data for eval...
Eval_AverageReturn : 63.52313232421875
Eval_StdReturn : 12.861045837402344
Eval_MaxReturn : 98.60269165039062
Eval_MinReturn : 51.013641357421875
Eval_AverageEpLen : 38.0
Train_AverageReturn : 64.83360290527344
Train_StdReturn : 9.469559669494629
Train_MaxReturn : 89.56782531738281
Train_MinReturn : 50.908782958984375
Train_AverageEpLen : 38.76923076923077
Train_EnvstepsSoFar : 470241
TimeSinceStart : 185.6970410346985
Training Loss : -0.012962009757757187
Baseline Loss : 0.5443731546401978
Initial_DataCollection_AverageReturn : 9.580930709838867
Done logging...




********** Iteration 232 ************

Beginning logging procedure...

Collecting data for eval...
Eval_AverageReturn : 69.23336029052734
Eval_StdReturn : 15.744561195373535
Eval_MaxReturn : 109.63458251953125
Eval_MinReturn : 55.32270431518555
Eval_AverageEpLen : 41.1
Train_AverageReturn : 67.36740112304688
Train_StdReturn : 15.331007957458496
Train_MaxReturn : 123.02833557128906
Train_MinReturn : 50.15456008911133
Train_AverageEpLen : 39.90196078431372
Train_EnvstepsSoFar : 472276
TimeSinceStart : 186.57139420509338
Training Loss : -0.006462861783802509
Baseline Loss : 0.596808671951294
Initial_DataCollection_AverageReturn : 9.580930709838867
Done logging...




********** Iteration 233 ************

Beginning logging procedure...

Collecting data for eval...
Eval_AverageReturn : 69.02467346191406
Eval_StdReturn : 17.004316329956055
Eval_MaxReturn : 101.77752685546875
Eval_MinReturn : 53.69609832763672
Eval_AverageEpLen : 40.5
Train_AverageReturn : 65.88570404052734
Train_StdReturn : 11.770661354064941
Train_MaxReturn : 102.6314926147461
Train_MinReturn : 49.71206283569336
Train_AverageEpLen : 39.15384615384615
Train_EnvstepsSoFar : 474312
TimeSinceStart : 187.45420908927917
Training Loss : 0.02439197152853012
Baseline Loss : 0.5487534403800964
Initial_DataCollection_AverageReturn : 9.580930709838867
Done logging...




********** Iteration 234 ************

Beginning logging procedure...

Collecting data for eval...
Eval_AverageReturn : 66.60614776611328
Eval_StdReturn : 7.036213397979736
Eval_MaxReturn : 82.74835968017578
Eval_MinReturn : 54.12083053588867
Eval_AverageEpLen : 39.45454545454545
Train_AverageReturn : 68.45002746582031
Train_StdReturn : 16.91593360900879
Train_MaxReturn : 144.69659423828125
Train_MinReturn : 50.96513748168945
Train_AverageEpLen : 40.42
Train_EnvstepsSoFar : 476333
TimeSinceStart : 188.3354525566101
Training Loss : 0.0437086820602417
Baseline Loss : 0.6087785959243774
Initial_DataCollection_AverageReturn : 9.580930709838867
Done logging...




********** Iteration 235 ************

Beginning logging procedure...

Collecting data for eval...
Eval_AverageReturn : 65.023681640625
Eval_StdReturn : 11.775164604187012
Eval_MaxReturn : 97.90079498291016
Eval_MinReturn : 56.11688995361328
Eval_AverageEpLen : 38.54545454545455
Train_AverageReturn : 68.2199935913086
Train_StdReturn : 16.3950252532959
Train_MaxReturn : 122.5373764038086
Train_MinReturn : 51.1112060546875
Train_AverageEpLen : 40.36
Train_EnvstepsSoFar : 478351
TimeSinceStart : 189.21966981887817
Training Loss : -0.03886763006448746
Baseline Loss : 0.5880205035209656
Initial_DataCollection_AverageReturn : 9.580930709838867
Done logging...




********** Iteration 236 ************

Beginning logging procedure...

Collecting data for eval...
Eval_AverageReturn : 77.03842163085938
Eval_StdReturn : 11.857124328613281
Eval_MaxReturn : 102.24748992919922
Eval_MinReturn : 61.898555755615234
Eval_AverageEpLen : 45.2
Train_AverageReturn : 71.53028106689453
Train_StdReturn : 14.497695922851562
Train_MaxReturn : 106.51373291015625
Train_MinReturn : 50.14593505859375
Train_AverageEpLen : 42.3125
Train_EnvstepsSoFar : 480382
TimeSinceStart : 190.067640542984
Training Loss : 0.005693566054105759
Baseline Loss : 0.5219045281410217
Initial_DataCollection_AverageReturn : 9.580930709838867
Done logging...




********** Iteration 237 ************

Beginning logging procedure...

Collecting data for eval...
Eval_AverageReturn : 75.52728271484375
Eval_StdReturn : 10.449477195739746
Eval_MaxReturn : 92.62905883789062
Eval_MinReturn : 60.42860794067383
Eval_AverageEpLen : 44.55555555555556
Train_AverageReturn : 76.2287826538086
Train_StdReturn : 21.771394729614258
Train_MaxReturn : 151.13699340820312
Train_MinReturn : 51.22285461425781
Train_AverageEpLen : 44.55555555555556
Train_EnvstepsSoFar : 482387
TimeSinceStart : 190.8110613822937
Training Loss : -0.0012165306834504008
Baseline Loss : 0.611051619052887
Initial_DataCollection_AverageReturn : 9.580930709838867
Done logging...




********** Iteration 238 ************

Beginning logging procedure...

Collecting data for eval...
Eval_AverageReturn : 91.48959350585938
Eval_StdReturn : 26.546274185180664
Eval_MaxReturn : 152.51956176757812
Eval_MinReturn : 61.20090103149414
Eval_AverageEpLen : 53.25
Train_AverageReturn : 79.43970489501953
Train_StdReturn : 19.78055191040039
Train_MaxReturn : 125.01866912841797
Train_MinReturn : 52.5485954284668
Train_AverageEpLen : 46.40909090909091
Train_EnvstepsSoFar : 484429
TimeSinceStart : 191.57116675376892
Training Loss : -0.025546161457896233
Baseline Loss : 0.5547760725021362
Initial_DataCollection_AverageReturn : 9.580930709838867
Done logging...




********** Iteration 239 ************

Beginning logging procedure...

Collecting data for eval...
Eval_AverageReturn : 78.76158905029297
Eval_StdReturn : 28.64451789855957
Eval_MaxReturn : 138.0484161376953
Eval_MinReturn : 52.0565071105957
Eval_AverageEpLen : 45.111111111111114
Train_AverageReturn : 79.94849395751953
Train_StdReturn : 22.64460563659668
Train_MaxReturn : 169.36773681640625
Train_MinReturn : 51.74760055541992
Train_AverageEpLen : 46.81395348837209
Train_EnvstepsSoFar : 486442
TimeSinceStart : 192.36719393730164
Training Loss : -0.012375165708363056
Baseline Loss : 0.6040114760398865
Initial_DataCollection_AverageReturn : 9.580930709838867
Done logging...




********** Iteration 240 ************

Beginning logging procedure...

Collecting data for eval...
Eval_AverageReturn : 87.55990600585938
Eval_StdReturn : 21.182785034179688
Eval_MaxReturn : 123.45372009277344
Eval_MinReturn : 50.89992141723633
Eval_AverageEpLen : 51.375
Train_AverageReturn : 84.5612564086914
Train_StdReturn : 25.090354919433594
Train_MaxReturn : 172.09561157226562
Train_MinReturn : 49.45525360107422
Train_AverageEpLen : 49.0
Train_EnvstepsSoFar : 488451
TimeSinceStart : 193.15675139427185
Training Loss : 0.021557247266173363
Baseline Loss : 0.6155428886413574
Initial_DataCollection_AverageReturn : 9.580930709838867
Done logging...




********** Iteration 241 ************

Beginning logging procedure...

Collecting data for eval...
Eval_AverageReturn : 91.74215698242188
Eval_StdReturn : 20.235061645507812
Eval_MaxReturn : 124.65052795410156
Eval_MinReturn : 61.215633392333984
Eval_AverageEpLen : 52.875
Train_AverageReturn : 86.89970397949219
Train_StdReturn : 23.261886596679688
Train_MaxReturn : 140.30291748046875
Train_MinReturn : 56.148033142089844
Train_AverageEpLen : 50.525
Train_EnvstepsSoFar : 490472
TimeSinceStart : 193.862366437912
Training Loss : -0.06824888288974762
Baseline Loss : 0.5682724714279175
Initial_DataCollection_AverageReturn : 9.580930709838867
Done logging...




********** Iteration 242 ************

Beginning logging procedure...

Collecting data for eval...
Eval_AverageReturn : 95.08390808105469
Eval_StdReturn : 30.69898796081543
Eval_MaxReturn : 162.66358947753906
Eval_MinReturn : 65.10694885253906
Eval_AverageEpLen : 55.25
Train_AverageReturn : 99.17440795898438
Train_StdReturn : 30.003137588500977
Train_MaxReturn : 178.33224487304688
Train_MinReturn : 53.706600189208984
Train_AverageEpLen : 56.611111111111114
Train_EnvstepsSoFar : 492510
TimeSinceStart : 194.59443640708923
Training Loss : -0.0205905232578516
Baseline Loss : 0.6589096784591675
Initial_DataCollection_AverageReturn : 9.580930709838867
Done logging...




********** Iteration 243 ************

Beginning logging procedure...

Collecting data for eval...
Eval_AverageReturn : 98.466064453125
Eval_StdReturn : 26.278371810913086
Eval_MaxReturn : 146.73619079589844
Eval_MinReturn : 74.1302261352539
Eval_AverageEpLen : 57.142857142857146
Train_AverageReturn : 94.85171508789062
Train_StdReturn : 30.236295700073242
Train_MaxReturn : 169.9868927001953
Train_MinReturn : 56.27992248535156
Train_AverageEpLen : 55.054054054054056
Train_EnvstepsSoFar : 494547
TimeSinceStart : 195.37389969825745
Training Loss : -0.0038852007128298283
Baseline Loss : 0.6724427342414856
Initial_DataCollection_AverageReturn : 9.580930709838867
Done logging...




********** Iteration 244 ************

Beginning logging procedure...

Collecting data for eval...
Eval_AverageReturn : 103.49124908447266
Eval_StdReturn : 27.598491668701172
Eval_MaxReturn : 147.91317749023438
Eval_MinReturn : 70.84066009521484
Eval_AverageEpLen : 60.142857142857146
Train_AverageReturn : 109.06932830810547
Train_StdReturn : 32.77328109741211
Train_MaxReturn : 181.3170623779297
Train_MinReturn : 55.294105529785156
Train_AverageEpLen : 62.09090909090909
Train_EnvstepsSoFar : 496596
TimeSinceStart : 196.09301495552063
Training Loss : -0.02613125555217266
Baseline Loss : 0.6864268183708191
Initial_DataCollection_AverageReturn : 9.580930709838867
Done logging...




********** Iteration 245 ************

Beginning logging procedure...

Collecting data for eval...
Eval_AverageReturn : 107.9766845703125
Eval_StdReturn : 35.38258743286133
Eval_MaxReturn : 169.27073669433594
Eval_MinReturn : 61.057613372802734
Eval_AverageEpLen : 61.285714285714285
Train_AverageReturn : 115.08787536621094
Train_StdReturn : 37.44420623779297
Train_MaxReturn : 195.85491943359375
Train_MinReturn : 62.00960159301758
Train_AverageEpLen : 65.71875
Train_EnvstepsSoFar : 498699
TimeSinceStart : 196.7652406692505
Training Loss : -0.04182538017630577
Baseline Loss : 0.7337203621864319
Initial_DataCollection_AverageReturn : 9.580930709838867
Done logging...




********** Iteration 246 ************

Beginning logging procedure...

Collecting data for eval...
Eval_AverageReturn : 149.9348907470703
Eval_StdReturn : 38.54608917236328
Eval_MaxReturn : 188.21853637695312
Eval_MinReturn : 89.75993347167969
Eval_AverageEpLen : 85.8
Train_AverageReturn : 137.117431640625
Train_StdReturn : 37.91593933105469
Train_MaxReturn : 181.4308624267578
Train_MinReturn : 48.153682708740234
Train_AverageEpLen : 76.85185185185185
Train_EnvstepsSoFar : 500774
TimeSinceStart : 197.5532476902008
Training Loss : -0.026431230828166008
Baseline Loss : 0.7313445806503296
Initial_DataCollection_AverageReturn : 9.580930709838867
Done logging...




********** Iteration 247 ************

Beginning logging procedure...

Collecting data for eval...
Eval_AverageReturn : 132.60968017578125
Eval_StdReturn : 31.602872848510742
Eval_MaxReturn : 193.29766845703125
Eval_MinReturn : 94.93377685546875
Eval_AverageEpLen : 76.0
Train_AverageReturn : 144.88099670410156
Train_StdReturn : 36.921104431152344
Train_MaxReturn : 204.5294189453125
Train_MinReturn : 72.18492126464844
Train_AverageEpLen : 82.08
Train_EnvstepsSoFar : 502826
TimeSinceStart : 198.35449028015137
Training Loss : -0.024987930431962013
Baseline Loss : 0.7144946455955505
Initial_DataCollection_AverageReturn : 9.580930709838867
Done logging...




********** Iteration 248 ************

Beginning logging procedure...

Collecting data for eval...
Eval_AverageReturn : 145.40908813476562
Eval_StdReturn : 34.91645812988281
Eval_MaxReturn : 171.8828887939453
Eval_MinReturn : 78.72682189941406
Eval_AverageEpLen : 83.4
Train_AverageReturn : 154.13389587402344
Train_StdReturn : 38.05713653564453
Train_MaxReturn : 205.85289001464844
Train_MinReturn : 78.7342300415039
Train_AverageEpLen : 87.17391304347827
Train_EnvstepsSoFar : 504831
TimeSinceStart : 199.09247040748596
Training Loss : 0.026490015909075737
Baseline Loss : 0.7240670919418335
Initial_DataCollection_AverageReturn : 9.580930709838867
Done logging...




********** Iteration 249 ************

Beginning logging procedure...

Collecting data for eval...
Eval_AverageReturn : 167.82803344726562
Eval_StdReturn : 11.207345962524414
Eval_MaxReturn : 176.6095428466797
Eval_MinReturn : 146.01895141601562
Eval_AverageEpLen : 94.6
Train_AverageReturn : 166.31361389160156
Train_StdReturn : 27.571008682250977
Train_MaxReturn : 204.38772583007812
Train_MinReturn : 83.28162384033203
Train_AverageEpLen : 93.27272727272727
Train_EnvstepsSoFar : 506883
TimeSinceStart : 199.8629593849182
Training Loss : 0.0008137068361975253
Baseline Loss : 0.6590521931648254
Initial_DataCollection_AverageReturn : 9.580930709838867
Done logging...




********** Iteration 250 ************

Beginning logging procedure...

Collecting data for eval...
Eval_AverageReturn : 171.76296997070312
Eval_StdReturn : 15.863218307495117
Eval_MaxReturn : 186.00204467773438
Eval_MinReturn : 140.81576538085938
Eval_AverageEpLen : 99.8
Train_AverageReturn : 168.46022033691406
Train_StdReturn : 17.076374053955078
Train_MaxReturn : 200.52670288085938
Train_MinReturn : 136.50830078125
Train_AverageEpLen : 96.52380952380952
Train_EnvstepsSoFar : 508910
TimeSinceStart : 200.55624127388
Training Loss : 0.006299047730863094
Baseline Loss : 0.5955177545547485
Initial_DataCollection_AverageReturn : 9.580930709838867
Done logging...




********** Iteration 251 ************

Beginning logging procedure...

Collecting data for eval...
Eval_AverageReturn : 157.51953125
Eval_StdReturn : 12.170270919799805
Eval_MaxReturn : 176.9025115966797
Eval_MinReturn : 139.75564575195312
Eval_AverageEpLen : 92.4
Train_AverageReturn : 165.94068908691406
Train_StdReturn : 23.24431800842285
Train_MaxReturn : 196.58990478515625
Train_MinReturn : 105.4551773071289
Train_AverageEpLen : 93.72727272727273
Train_EnvstepsSoFar : 510972
TimeSinceStart : 201.38039112091064
Training Loss : -0.03209855034947395
Baseline Loss : 0.588413655757904
Initial_DataCollection_AverageReturn : 9.580930709838867
Done logging...




********** Iteration 252 ************

Beginning logging procedure...

Collecting data for eval...
Eval_AverageReturn : 149.86648559570312
Eval_StdReturn : 19.372982025146484
Eval_MaxReturn : 177.68356323242188
Eval_MinReturn : 125.57324981689453
Eval_AverageEpLen : 93.2
Train_AverageReturn : 163.63638305664062
Train_StdReturn : 18.982318878173828
Train_MaxReturn : 193.8157958984375
Train_MinReturn : 124.62059020996094
Train_AverageEpLen : 95.42857142857143
Train_EnvstepsSoFar : 512976
TimeSinceStart : 202.15135431289673
Training Loss : -0.06122669205069542
Baseline Loss : 0.5810266733169556
Initial_DataCollection_AverageReturn : 9.580930709838867
Done logging...




********** Iteration 253 ************

Beginning logging procedure...

Collecting data for eval...
Eval_AverageReturn : 155.45681762695312
Eval_StdReturn : 10.772363662719727
Eval_MaxReturn : 171.08297729492188
Eval_MinReturn : 141.14923095703125
Eval_AverageEpLen : 93.4
Train_AverageReturn : 146.01182556152344
Train_StdReturn : 17.071895599365234
Train_MaxReturn : 175.83033752441406
Train_MinReturn : 120.19856262207031
Train_AverageEpLen : 88.65217391304348
Train_EnvstepsSoFar : 515015
TimeSinceStart : 202.91449069976807
Training Loss : -0.012748793698847294
Baseline Loss : 0.4759133756160736
Initial_DataCollection_AverageReturn : 9.580930709838867
Done logging...




********** Iteration 254 ************

Beginning logging procedure...

Collecting data for eval...
Eval_AverageReturn : 146.09249877929688
Eval_StdReturn : 25.764577865600586
Eval_MaxReturn : 176.49754333496094
Eval_MinReturn : 110.74691772460938
Eval_AverageEpLen : 88.0
Train_AverageReturn : 154.18252563476562
Train_StdReturn : 16.32053565979004
Train_MaxReturn : 185.6113739013672
Train_MinReturn : 125.32804107666016
Train_AverageEpLen : 93.4090909090909
Train_EnvstepsSoFar : 517070
TimeSinceStart : 203.7001051902771
Training Loss : -0.014236309565603733
Baseline Loss : 0.46710410714149475
Initial_DataCollection_AverageReturn : 9.580930709838867
Done logging...




********** Iteration 255 ************

Beginning logging procedure...

Collecting data for eval...
Eval_AverageReturn : 136.78863525390625
Eval_StdReturn : 16.151514053344727
Eval_MaxReturn : 157.8567657470703
Eval_MinReturn : 114.59088134765625
Eval_AverageEpLen : 84.2
Train_AverageReturn : 141.37881469726562
Train_StdReturn : 12.946450233459473
Train_MaxReturn : 176.35189819335938
Train_MinReturn : 123.65776062011719
Train_AverageEpLen : 88.6086956521739
Train_EnvstepsSoFar : 519108
TimeSinceStart : 204.49480366706848
Training Loss : -0.03901970386505127
Baseline Loss : 0.40107232332229614
Initial_DataCollection_AverageReturn : 9.580930709838867
Done logging...




********** Iteration 256 ************

Beginning logging procedure...

Collecting data for eval...
Eval_AverageReturn : 127.40968322753906
Eval_StdReturn : 11.294760704040527
Eval_MaxReturn : 144.23194885253906
Eval_MinReturn : 110.75804138183594
Eval_AverageEpLen : 80.4
Train_AverageReturn : 132.7915802001953
Train_StdReturn : 17.754602432250977
Train_MaxReturn : 165.42694091796875
Train_MinReturn : 107.2508773803711
Train_AverageEpLen : 83.875
Train_EnvstepsSoFar : 521121
TimeSinceStart : 205.2428548336029
Training Loss : -0.047826267778873444
Baseline Loss : 0.43002569675445557
Initial_DataCollection_AverageReturn : 9.580930709838867
Done logging...




********** Iteration 257 ************

Beginning logging procedure...

Collecting data for eval...
Eval_AverageReturn : 105.28978729248047
Eval_StdReturn : 8.023277282714844
Eval_MaxReturn : 121.93937683105469
Eval_MinReturn : 96.23160552978516
Eval_AverageEpLen : 72.16666666666667
Train_AverageReturn : 121.18164825439453
Train_StdReturn : 18.308061599731445
Train_MaxReturn : 157.0960693359375
Train_MinReturn : 77.44239807128906
Train_AverageEpLen : 78.76923076923077
Train_EnvstepsSoFar : 523169
TimeSinceStart : 205.95495557785034
Training Loss : -0.05504057928919792
Baseline Loss : 0.41854947805404663
Initial_DataCollection_AverageReturn : 9.580930709838867
Done logging...




********** Iteration 258 ************

Beginning logging procedure...

Collecting data for eval...
Eval_AverageReturn : 109.16707611083984
Eval_StdReturn : 16.269001007080078
Eval_MaxReturn : 143.2274627685547
Eval_MinReturn : 95.06873321533203
Eval_AverageEpLen : 73.5
Train_AverageReturn : 113.2542953491211
Train_StdReturn : 17.279727935791016
Train_MaxReturn : 148.49928283691406
Train_MinReturn : 79.71185302734375
Train_AverageEpLen : 75.37037037037037
Train_EnvstepsSoFar : 525204
TimeSinceStart : 206.73809242248535
Training Loss : -0.0003195572935510427
Baseline Loss : 0.4123052954673767
Initial_DataCollection_AverageReturn : 9.580930709838867
Done logging...




********** Iteration 259 ************

Beginning logging procedure...

Collecting data for eval...
Eval_AverageReturn : 103.0496826171875
Eval_StdReturn : 9.120134353637695
Eval_MaxReturn : 113.97434997558594
Eval_MinReturn : 91.82806396484375
Eval_AverageEpLen : 70.66666666666667
Train_AverageReturn : 104.01801300048828
Train_StdReturn : 14.630127906799316
Train_MaxReturn : 156.18006896972656
Train_MinReturn : 90.74024963378906
Train_AverageEpLen : 71.20689655172414
Train_EnvstepsSoFar : 527269
TimeSinceStart : 207.45186853408813
Training Loss : -0.08807262033224106
Baseline Loss : 0.3860088586807251
Initial_DataCollection_AverageReturn : 9.580930709838867
Done logging...




********** Iteration 260 ************

Beginning logging procedure...

Collecting data for eval...
Eval_AverageReturn : 94.58491516113281
Eval_StdReturn : 5.125844955444336
Eval_MaxReturn : 103.11539459228516
Eval_MinReturn : 87.82127380371094
Eval_AverageEpLen : 63.857142857142854
Train_AverageReturn : 101.97298431396484
Train_StdReturn : 17.21312713623047
Train_MaxReturn : 145.63858032226562
Train_MinReturn : 71.9509506225586
Train_AverageEpLen : 69.13793103448276
Train_EnvstepsSoFar : 529274
TimeSinceStart : 208.18240571022034
Training Loss : -0.06914450973272324
Baseline Loss : 0.41429612040519714
Initial_DataCollection_AverageReturn : 9.580930709838867
Done logging...




********** Iteration 261 ************

Beginning logging procedure...

Collecting data for eval...
Eval_AverageReturn : 97.493408203125
Eval_StdReturn : 13.102072715759277
Eval_MaxReturn : 113.23252868652344
Eval_MinReturn : 76.18112182617188
Eval_AverageEpLen : 63.142857142857146
Train_AverageReturn : 96.16791534423828
Train_StdReturn : 13.125850677490234
Train_MaxReturn : 129.817626953125
Train_MinReturn : 68.58196258544922
Train_AverageEpLen : 65.64516129032258
Train_EnvstepsSoFar : 531309
TimeSinceStart : 208.93825912475586
Training Loss : -0.022873051464557648
Baseline Loss : 0.35477203130722046
Initial_DataCollection_AverageReturn : 9.580930709838867
Done logging...




********** Iteration 262 ************

Beginning logging procedure...

Collecting data for eval...
Eval_AverageReturn : 83.05081176757812
Eval_StdReturn : 10.61677074432373
Eval_MaxReturn : 98.21721649169922
Eval_MinReturn : 71.79178619384766
Eval_AverageEpLen : 57.0
Train_AverageReturn : 85.55998992919922
Train_StdReturn : 12.507655143737793
Train_MaxReturn : 132.74925231933594
Train_MinReturn : 61.394954681396484
Train_AverageEpLen : 58.51428571428571
Train_EnvstepsSoFar : 533357
TimeSinceStart : 209.67430973052979
Training Loss : -0.045647941529750824
Baseline Loss : 0.37928202748298645
Initial_DataCollection_AverageReturn : 9.580930709838867
Done logging...




********** Iteration 263 ************

Beginning logging procedure...

Collecting data for eval...
Eval_AverageReturn : 75.66230773925781
Eval_StdReturn : 14.702927589416504
Eval_MaxReturn : 98.78512573242188
Eval_MinReturn : 55.605430603027344
Eval_AverageEpLen : 50.125
Train_AverageReturn : 75.70115661621094
Train_StdReturn : 10.99863052368164
Train_MaxReturn : 100.1939697265625
Train_MinReturn : 56.09324264526367
Train_AverageEpLen : 52.205128205128204
Train_EnvstepsSoFar : 535393
TimeSinceStart : 210.3921766281128
Training Loss : -0.08753437548875809
Baseline Loss : 0.411367267370224
Initial_DataCollection_AverageReturn : 9.580930709838867
Done logging...




********** Iteration 264 ************

Beginning logging procedure...

Collecting data for eval...
Eval_AverageReturn : 72.11491394042969
Eval_StdReturn : 7.000024795532227
Eval_MaxReturn : 81.30441284179688
Eval_MinReturn : 61.677284240722656
Eval_AverageEpLen : 49.111111111111114
Train_AverageReturn : 77.979248046875
Train_StdReturn : 12.96584701538086
Train_MaxReturn : 107.893310546875
Train_MinReturn : 56.087581634521484
Train_AverageEpLen : 52.02564102564103
Train_EnvstepsSoFar : 537422
TimeSinceStart : 211.0640845298767
Training Loss : -0.0025315601378679276
Baseline Loss : 0.43368950486183167
Initial_DataCollection_AverageReturn : 9.580930709838867
Done logging...




********** Iteration 265 ************

Beginning logging procedure...

Collecting data for eval...
Eval_AverageReturn : 73.61160278320312
Eval_StdReturn : 13.894417762756348
Eval_MaxReturn : 100.99126434326172
Eval_MinReturn : 56.80852508544922
Eval_AverageEpLen : 47.333333333333336
Train_AverageReturn : 72.98786163330078
Train_StdReturn : 9.963018417358398
Train_MaxReturn : 89.10122680664062
Train_MinReturn : 54.01588821411133
Train_AverageEpLen : 49.5609756097561
Train_EnvstepsSoFar : 539454
TimeSinceStart : 211.714040517807
Training Loss : -0.05201128125190735
Baseline Loss : 0.3973633646965027
Initial_DataCollection_AverageReturn : 9.580930709838867
Done logging...




********** Iteration 266 ************

Beginning logging procedure...

Collecting data for eval...
Eval_AverageReturn : 71.52972412109375
Eval_StdReturn : 11.81596565246582
Eval_MaxReturn : 96.03988647460938
Eval_MinReturn : 56.280418395996094
Eval_AverageEpLen : 47.0
Train_AverageReturn : 70.19529724121094
Train_StdReturn : 9.136788368225098
Train_MaxReturn : 90.01698303222656
Train_MinReturn : 52.925697326660156
Train_AverageEpLen : 46.76744186046512
Train_EnvstepsSoFar : 541465
TimeSinceStart : 212.40251421928406
Training Loss : -0.1269609034061432
Baseline Loss : 0.39761051535606384
Initial_DataCollection_AverageReturn : 9.580930709838867
Done logging...




********** Iteration 267 ************

Beginning logging procedure...

Collecting data for eval...
Eval_AverageReturn : 71.20665740966797
Eval_StdReturn : 6.039806842803955
Eval_MaxReturn : 84.10231018066406
Eval_MinReturn : 65.40735626220703
Eval_AverageEpLen : 46.333333333333336
Train_AverageReturn : 66.92620849609375
Train_StdReturn : 10.818719863891602
Train_MaxReturn : 106.84771728515625
Train_MinReturn : 40.558433532714844
Train_AverageEpLen : 44.43478260869565
Train_EnvstepsSoFar : 543509
TimeSinceStart : 213.23281598091125
Training Loss : -0.06559554487466812
Baseline Loss : 0.4293161630630493
Initial_DataCollection_AverageReturn : 9.580930709838867
Done logging...




********** Iteration 268 ************

Beginning logging procedure...

Collecting data for eval...
Eval_AverageReturn : 65.28486633300781
Eval_StdReturn : 8.905479431152344
Eval_MaxReturn : 78.96955871582031
Eval_MinReturn : 52.95765686035156
Eval_AverageEpLen : 42.8
Train_AverageReturn : 67.77372741699219
Train_StdReturn : 10.478500366210938
Train_MaxReturn : 97.01915740966797
Train_MinReturn : 49.00579833984375
Train_AverageEpLen : 43.82608695652174
Train_EnvstepsSoFar : 545525
TimeSinceStart : 213.91453456878662
Training Loss : -0.05464302375912666
Baseline Loss : 0.4369327127933502
Initial_DataCollection_AverageReturn : 9.580930709838867
Done logging...




********** Iteration 269 ************

Beginning logging procedure...

Collecting data for eval...
Eval_AverageReturn : 63.89745330810547
Eval_StdReturn : 9.133731842041016
Eval_MaxReturn : 83.44564056396484
Eval_MinReturn : 51.54262161254883
Eval_AverageEpLen : 41.2
Train_AverageReturn : 62.135986328125
Train_StdReturn : 9.932948112487793
Train_MaxReturn : 86.17363739013672
Train_MinReturn : 43.61005401611328
Train_AverageEpLen : 41.08163265306123
Train_EnvstepsSoFar : 547538
TimeSinceStart : 214.6423146724701
Training Loss : -0.07088726758956909
Baseline Loss : 0.4245586693286896
Initial_DataCollection_AverageReturn : 9.580930709838867
Done logging...




********** Iteration 270 ************

Beginning logging procedure...

Collecting data for eval...
Eval_AverageReturn : 64.80123901367188
Eval_StdReturn : 9.12438678741455
Eval_MaxReturn : 82.2352523803711
Eval_MinReturn : 51.95827102661133
Eval_AverageEpLen : 41.6
Train_AverageReturn : 61.363948822021484
Train_StdReturn : 6.991363525390625
Train_MaxReturn : 77.44940185546875
Train_MinReturn : 46.904170989990234
Train_AverageEpLen : 40.08
Train_EnvstepsSoFar : 549542
TimeSinceStart : 215.3764524459839
Training Loss : -0.0006507913349196315
Baseline Loss : 0.37883156538009644
Initial_DataCollection_AverageReturn : 9.580930709838867
Done logging...




********** Iteration 271 ************

Beginning logging procedure...

Collecting data for eval...
Eval_AverageReturn : 59.842220306396484
Eval_StdReturn : 4.180898666381836
Eval_MaxReturn : 68.05303955078125
Eval_MinReturn : 54.982635498046875
Eval_AverageEpLen : 38.18181818181818
Train_AverageReturn : 61.068115234375
Train_StdReturn : 8.55590534210205
Train_MaxReturn : 87.75823211669922
Train_MinReturn : 46.478416442871094
Train_AverageEpLen : 39.509803921568626
Train_EnvstepsSoFar : 551557
TimeSinceStart : 216.16530680656433
Training Loss : -0.02759423665702343
Baseline Loss : 0.4100740849971771
Initial_DataCollection_AverageReturn : 9.580930709838867
Done logging...




********** Iteration 272 ************

Beginning logging procedure...

Collecting data for eval...
Eval_AverageReturn : 51.67314147949219
Eval_StdReturn : 5.911513805389404
Eval_MaxReturn : 63.52860641479492
Eval_MinReturn : 42.36977767944336
Eval_AverageEpLen : 34.666666666666664
Train_AverageReturn : 58.11216354370117
Train_StdReturn : 6.802602291107178
Train_MaxReturn : 75.87390899658203
Train_MinReturn : 44.884281158447266
Train_AverageEpLen : 37.79245283018868
Train_EnvstepsSoFar : 553560
TimeSinceStart : 216.83921837806702
Training Loss : -0.025532914325594902
Baseline Loss : 0.3693564236164093
Initial_DataCollection_AverageReturn : 9.580930709838867
Done logging...




********** Iteration 273 ************

Beginning logging procedure...

Collecting data for eval...
Eval_AverageReturn : 54.908172607421875
Eval_StdReturn : 7.541614055633545
Eval_MaxReturn : 70.49369049072266
Eval_MinReturn : 44.417694091796875
Eval_AverageEpLen : 35.166666666666664
Train_AverageReturn : 57.885887145996094
Train_StdReturn : 7.42392635345459
Train_MaxReturn : 73.93463897705078
Train_MinReturn : 41.084930419921875
Train_AverageEpLen : 37.48148148148148
Train_EnvstepsSoFar : 555584
TimeSinceStart : 217.58434057235718
Training Loss : -0.037650782614946365
Baseline Loss : 0.3380366265773773
Initial_DataCollection_AverageReturn : 9.580930709838867
Done logging...




********** Iteration 274 ************

Beginning logging procedure...

Collecting data for eval...
Eval_AverageReturn : 53.73257064819336
Eval_StdReturn : 9.567900657653809
Eval_MaxReturn : 70.46748352050781
Eval_MinReturn : 33.43498229980469
Eval_AverageEpLen : 34.833333333333336
Train_AverageReturn : 56.20780563354492
Train_StdReturn : 7.968267440795898
Train_MaxReturn : 74.68611145019531
Train_MinReturn : 40.25477600097656
Train_AverageEpLen : 36.017857142857146
Train_EnvstepsSoFar : 557601
TimeSinceStart : 218.3842213153839
Training Loss : -0.040961239486932755
Baseline Loss : 0.36165452003479004
Initial_DataCollection_AverageReturn : 9.580930709838867
Done logging...




********** Iteration 275 ************

Beginning logging procedure...

Collecting data for eval...
Eval_AverageReturn : 57.818580627441406
Eval_StdReturn : 7.624476432800293
Eval_MaxReturn : 68.12174987792969
Eval_MinReturn : 43.78356170654297
Eval_AverageEpLen : 36.63636363636363
Train_AverageReturn : 54.19234085083008
Train_StdReturn : 6.959933757781982
Train_MaxReturn : 68.01187896728516
Train_MinReturn : 39.70865249633789
Train_AverageEpLen : 34.724137931034484
Train_EnvstepsSoFar : 559615
TimeSinceStart : 219.05738186836243
Training Loss : -0.013887998647987843
Baseline Loss : 0.34710943698883057
Initial_DataCollection_AverageReturn : 9.580930709838867
Done logging...




********** Iteration 276 ************

Beginning logging procedure...

Collecting data for eval...
Eval_AverageReturn : 52.57527542114258
Eval_StdReturn : 7.769101142883301
Eval_MaxReturn : 69.84752655029297
Eval_MinReturn : 40.72299575805664
Eval_AverageEpLen : 33.833333333333336
Train_AverageReturn : 54.5650520324707
Train_StdReturn : 7.314321517944336
Train_MaxReturn : 74.80850982666016
Train_MinReturn : 39.7852668762207
Train_AverageEpLen : 35.0
Train_EnvstepsSoFar : 561645
TimeSinceStart : 219.72161889076233
Training Loss : -0.035839665681123734
Baseline Loss : 0.3088139593601227
Initial_DataCollection_AverageReturn : 9.580930709838867
Done logging...




********** Iteration 277 ************

Beginning logging procedure...

Collecting data for eval...
Eval_AverageReturn : 57.048980712890625
Eval_StdReturn : 8.033812522888184
Eval_MaxReturn : 71.58238983154297
Eval_MinReturn : 44.2402458190918
Eval_AverageEpLen : 35.166666666666664
Train_AverageReturn : 51.863162994384766
Train_StdReturn : 7.126773357391357
Train_MaxReturn : 72.50972747802734
Train_MinReturn : 39.37271499633789
Train_AverageEpLen : 33.46666666666667
Train_EnvstepsSoFar : 563653
TimeSinceStart : 220.50661444664001
Training Loss : -0.025428850203752518
Baseline Loss : 0.3103700876235962
Initial_DataCollection_AverageReturn : 9.580930709838867
Done logging...




********** Iteration 278 ************

Beginning logging procedure...

Collecting data for eval...
Eval_AverageReturn : 51.34450912475586
Eval_StdReturn : 8.22353458404541
Eval_MaxReturn : 68.45477294921875
Eval_MinReturn : 39.875694274902344
Eval_AverageEpLen : 32.92307692307692
Train_AverageReturn : 53.51889419555664
Train_StdReturn : 6.988264083862305
Train_MaxReturn : 75.6393814086914
Train_MinReturn : 40.097877502441406
Train_AverageEpLen : 34.101694915254235
Train_EnvstepsSoFar : 565665
TimeSinceStart : 221.29751586914062
Training Loss : -0.028070976957678795
Baseline Loss : 0.27119824290275574
Initial_DataCollection_AverageReturn : 9.580930709838867
Done logging...




********** Iteration 279 ************

Beginning logging procedure...

Collecting data for eval...
Eval_AverageReturn : 56.667537689208984
Eval_StdReturn : 8.934656143188477
Eval_MaxReturn : 75.92032623291016
Eval_MinReturn : 44.53312301635742
Eval_AverageEpLen : 35.25
Train_AverageReturn : 50.990203857421875
Train_StdReturn : 8.446449279785156
Train_MaxReturn : 69.43143463134766
Train_MinReturn : 26.95955467224121
Train_AverageEpLen : 32.645161290322584
Train_EnvstepsSoFar : 567689
TimeSinceStart : 222.06930422782898
Training Loss : -0.004412481561303139
Baseline Loss : 0.2982834577560425
Initial_DataCollection_AverageReturn : 9.580930709838867
Done logging...




********** Iteration 280 ************

Beginning logging procedure...

Collecting data for eval...
Eval_AverageReturn : 53.47659683227539
Eval_StdReturn : 5.046946048736572
Eval_MaxReturn : 60.42597579956055
Eval_MinReturn : 43.78989791870117
Eval_AverageEpLen : 34.083333333333336
Train_AverageReturn : 52.29462814331055
Train_StdReturn : 7.200520992279053
Train_MaxReturn : 69.05362701416016
Train_MinReturn : 37.404624938964844
Train_AverageEpLen : 33.4
Train_EnvstepsSoFar : 569693
TimeSinceStart : 222.75201272964478
Training Loss : -0.0641837939620018
Baseline Loss : 0.23335742950439453
Initial_DataCollection_AverageReturn : 9.580930709838867
Done logging...




********** Iteration 281 ************

Beginning logging procedure...

Collecting data for eval...
Eval_AverageReturn : 56.922725677490234
Eval_StdReturn : 10.846797943115234
Eval_MaxReturn : 81.68379211425781
Eval_MinReturn : 45.807167053222656
Eval_AverageEpLen : 35.416666666666664
Train_AverageReturn : 52.67738342285156
Train_StdReturn : 7.839453220367432
Train_MaxReturn : 76.30255889892578
Train_MinReturn : 35.533294677734375
Train_AverageEpLen : 33.36666666666667
Train_EnvstepsSoFar : 571695
TimeSinceStart : 223.54045581817627
Training Loss : -0.01532715279608965
Baseline Loss : 0.2539559602737427
Initial_DataCollection_AverageReturn : 9.580930709838867
Done logging...




********** Iteration 282 ************

Beginning logging procedure...

Collecting data for eval...
Eval_AverageReturn : 52.31570053100586
Eval_StdReturn : 7.051680564880371
Eval_MaxReturn : 60.769447326660156
Eval_MinReturn : 37.69126510620117
Eval_AverageEpLen : 33.5
Train_AverageReturn : 54.09169387817383
Train_StdReturn : 8.429543495178223
Train_MaxReturn : 80.20158386230469
Train_MinReturn : 29.85061264038086
Train_AverageEpLen : 34.389830508474574
Train_EnvstepsSoFar : 573724
TimeSinceStart : 224.3181459903717
Training Loss : -0.03524567186832428
Baseline Loss : 0.22175468504428864
Initial_DataCollection_AverageReturn : 9.580930709838867
Done logging...




********** Iteration 283 ************

Beginning logging procedure...

Collecting data for eval...
Eval_AverageReturn : 58.30111312866211
Eval_StdReturn : 6.251782417297363
Eval_MaxReturn : 68.8901138305664
Eval_MinReturn : 48.68302917480469
Eval_AverageEpLen : 36.45454545454545
Train_AverageReturn : 54.91023635864258
Train_StdReturn : 9.846525192260742
Train_MaxReturn : 76.56092834472656
Train_MinReturn : 39.135581970214844
Train_AverageEpLen : 34.48275862068966
Train_EnvstepsSoFar : 575724
TimeSinceStart : 225.00916028022766
Training Loss : -0.013065462000668049
Baseline Loss : 0.27783313393592834
Initial_DataCollection_AverageReturn : 9.580930709838867
Done logging...




********** Iteration 284 ************

Beginning logging procedure...

Collecting data for eval...
Eval_AverageReturn : 59.61260986328125
Eval_StdReturn : 6.955070972442627
Eval_MaxReturn : 77.050537109375
Eval_MinReturn : 48.98408126831055
Eval_AverageEpLen : 36.72727272727273
Train_AverageReturn : 56.89463424682617
Train_StdReturn : 7.911427021026611
Train_MaxReturn : 73.64322662353516
Train_MinReturn : 34.72262954711914
Train_AverageEpLen : 35.50877192982456
Train_EnvstepsSoFar : 577748
TimeSinceStart : 225.7622468471527
Training Loss : 0.019394870847463608
Baseline Loss : 0.21716809272766113
Initial_DataCollection_AverageReturn : 9.580930709838867
Done logging...




********** Iteration 285 ************

Beginning logging procedure...

Collecting data for eval...
Eval_AverageReturn : 63.56280517578125
Eval_StdReturn : 7.37001895904541
Eval_MaxReturn : 75.7067642211914
Eval_MinReturn : 46.792381286621094
Eval_AverageEpLen : 38.63636363636363
Train_AverageReturn : 61.001075744628906
Train_StdReturn : 7.782413005828857
Train_MaxReturn : 75.62403869628906
Train_MinReturn : 45.57132339477539
Train_AverageEpLen : 37.44444444444444
Train_EnvstepsSoFar : 579770
TimeSinceStart : 226.58254718780518
Training Loss : 0.020000983029603958
Baseline Loss : 0.2258457988500595
Initial_DataCollection_AverageReturn : 9.580930709838867
Done logging...




********** Iteration 286 ************

Beginning logging procedure...

Collecting data for eval...
Eval_AverageReturn : 60.981689453125
Eval_StdReturn : 10.667299270629883
Eval_MaxReturn : 83.1119384765625
Eval_MinReturn : 48.00505065917969
Eval_AverageEpLen : 38.27272727272727
Train_AverageReturn : 63.52956771850586
Train_StdReturn : 6.957126617431641
Train_MaxReturn : 82.4656753540039
Train_MinReturn : 44.487213134765625
Train_AverageEpLen : 38.65384615384615
Train_EnvstepsSoFar : 581780
TimeSinceStart : 227.29138898849487
Training Loss : -0.03403520584106445
Baseline Loss : 0.23895014822483063
Initial_DataCollection_AverageReturn : 9.580930709838867
Done logging...




********** Iteration 287 ************

Beginning logging procedure...

Collecting data for eval...
Eval_AverageReturn : 61.8415412902832
Eval_StdReturn : 9.278090476989746
Eval_MaxReturn : 76.47146606445312
Eval_MinReturn : 42.43573760986328
Eval_AverageEpLen : 37.90909090909091
Train_AverageReturn : 64.02379608154297
Train_StdReturn : 8.904073715209961
Train_MaxReturn : 87.9878158569336
Train_MinReturn : 48.04022216796875
Train_AverageEpLen : 39.07692307692308
Train_EnvstepsSoFar : 583812
TimeSinceStart : 228.0383095741272
Training Loss : 0.001889309729449451
Baseline Loss : 0.26415783166885376
Initial_DataCollection_AverageReturn : 9.580930709838867
Done logging...




********** Iteration 288 ************

Beginning logging procedure...

Collecting data for eval...
Eval_AverageReturn : 71.86631774902344
Eval_StdReturn : 8.909448623657227
Eval_MaxReturn : 90.09944915771484
Eval_MinReturn : 58.521095275878906
Eval_AverageEpLen : 43.8
Train_AverageReturn : 69.03156280517578
Train_StdReturn : 7.903499126434326
Train_MaxReturn : 86.99533081054688
Train_MinReturn : 48.33414077758789
Train_AverageEpLen : 41.916666666666664
Train_EnvstepsSoFar : 585824
TimeSinceStart : 228.73304080963135
Training Loss : -0.009853022173047066
Baseline Loss : 0.2705601751804352
Initial_DataCollection_AverageReturn : 9.580930709838867
Done logging...




********** Iteration 289 ************

Beginning logging procedure...

Collecting data for eval...
Eval_AverageReturn : 73.24957275390625
Eval_StdReturn : 9.068161010742188
Eval_MaxReturn : 86.64432525634766
Eval_MinReturn : 58.23114013671875
Eval_AverageEpLen : 44.55555555555556
Train_AverageReturn : 71.12134552001953
Train_StdReturn : 9.890156745910645
Train_MaxReturn : 89.85848999023438
Train_MinReturn : 41.61495590209961
Train_AverageEpLen : 43.0
Train_EnvstepsSoFar : 587845
TimeSinceStart : 229.5214376449585
Training Loss : -0.028032278642058372
Baseline Loss : 0.3049430251121521
Initial_DataCollection_AverageReturn : 9.580930709838867
Done logging...




********** Iteration 290 ************

Beginning logging procedure...

Collecting data for eval...
Eval_AverageReturn : 81.01982116699219
Eval_StdReturn : 8.62852668762207
Eval_MaxReturn : 94.53338623046875
Eval_MinReturn : 66.35150909423828
Eval_AverageEpLen : 48.111111111111114
Train_AverageReturn : 74.27381896972656
Train_StdReturn : 11.756332397460938
Train_MaxReturn : 103.21248626708984
Train_MinReturn : 51.18485641479492
Train_AverageEpLen : 44.955555555555556
Train_EnvstepsSoFar : 589868
TimeSinceStart : 230.2426359653473
Training Loss : 0.00908999890089035
Baseline Loss : 0.363696813583374
Initial_DataCollection_AverageReturn : 9.580930709838867
Done logging...




********** Iteration 291 ************

Beginning logging procedure...

Collecting data for eval...
Eval_AverageReturn : 93.09498596191406
Eval_StdReturn : 15.510346412658691
Eval_MaxReturn : 107.71271514892578
Eval_MinReturn : 55.62506103515625
Eval_AverageEpLen : 54.125
Train_AverageReturn : 77.63168334960938
Train_StdReturn : 10.694226264953613
Train_MaxReturn : 104.28533935546875
Train_MinReturn : 57.12251281738281
Train_AverageEpLen : 46.58139534883721
Train_EnvstepsSoFar : 591871
TimeSinceStart : 230.88917016983032
Training Loss : 0.0040341708809137344
Baseline Loss : 0.3564303517341614
Initial_DataCollection_AverageReturn : 9.580930709838867
Done logging...




********** Iteration 292 ************

Beginning logging procedure...

Collecting data for eval...
Eval_AverageReturn : 89.08381652832031
Eval_StdReturn : 7.727671146392822
Eval_MaxReturn : 100.56307983398438
Eval_MinReturn : 77.61212158203125
Eval_AverageEpLen : 52.625
Train_AverageReturn : 81.97054290771484
Train_StdReturn : 11.857124328613281
Train_MaxReturn : 111.83558654785156
Train_MinReturn : 47.62039566040039
Train_AverageEpLen : 48.926829268292686
Train_EnvstepsSoFar : 593877
TimeSinceStart : 231.58352422714233
Training Loss : -0.0768103376030922
Baseline Loss : 0.37147170305252075
Initial_DataCollection_AverageReturn : 9.580930709838867
Done logging...




********** Iteration 293 ************

Beginning logging procedure...

Collecting data for eval...
Eval_AverageReturn : 99.5987548828125
Eval_StdReturn : 14.584870338439941
Eval_MaxReturn : 130.74574279785156
Eval_MinReturn : 84.06856536865234
Eval_AverageEpLen : 57.714285714285715
Train_AverageReturn : 90.16547393798828
Train_StdReturn : 14.631577491760254
Train_MaxReturn : 131.81298828125
Train_MinReturn : 62.9107551574707
Train_AverageEpLen : 53.44736842105263
Train_EnvstepsSoFar : 595908
TimeSinceStart : 232.27020931243896
Training Loss : -0.01703258790075779
Baseline Loss : 0.4484173059463501
Initial_DataCollection_AverageReturn : 9.580930709838867
Done logging...




********** Iteration 294 ************

Beginning logging procedure...

Collecting data for eval...
Eval_AverageReturn : 98.67938995361328
Eval_StdReturn : 15.653240203857422
Eval_MaxReturn : 129.0556640625
Eval_MinReturn : 82.61775207519531
Eval_AverageEpLen : 57.714285714285715
Train_AverageReturn : 91.7697982788086
Train_StdReturn : 11.629937171936035
Train_MaxReturn : 112.34609985351562
Train_MinReturn : 70.74057006835938
Train_AverageEpLen : 54.67567567567568
Train_EnvstepsSoFar : 597931
TimeSinceStart : 232.97901797294617
Training Loss : -0.0675830990076065
Baseline Loss : 0.38231539726257324
Initial_DataCollection_AverageReturn : 9.580930709838867
Done logging...




********** Iteration 295 ************

Beginning logging procedure...

Collecting data for eval...
Eval_AverageReturn : 101.39314270019531
Eval_StdReturn : 17.451169967651367
Eval_MaxReturn : 138.85716247558594
Eval_MinReturn : 77.12100219726562
Eval_AverageEpLen : 59.857142857142854
Train_AverageReturn : 105.64405822753906
Train_StdReturn : 14.209883689880371
Train_MaxReturn : 136.3851776123047
Train_MinReturn : 74.74508666992188
Train_AverageEpLen : 61.15151515151515
Train_EnvstepsSoFar : 599949
TimeSinceStart : 233.74428462982178
Training Loss : -0.011792764067649841
Baseline Loss : 0.47327083349227905
Initial_DataCollection_AverageReturn : 9.580930709838867
Done logging...




********** Iteration 296 ************

Beginning logging procedure...

Collecting data for eval...
Eval_AverageReturn : 125.40282440185547
Eval_StdReturn : 23.072288513183594
Eval_MaxReturn : 157.74685668945312
Eval_MinReturn : 89.88448333740234
Eval_AverageEpLen : 69.66666666666667
Train_AverageReturn : 108.89580535888672
Train_StdReturn : 19.676355361938477
Train_MaxReturn : 171.50201416015625
Train_MinReturn : 83.47000122070312
Train_AverageEpLen : 62.5625
Train_EnvstepsSoFar : 601951
TimeSinceStart : 234.38074588775635
Training Loss : -0.010631229728460312
Baseline Loss : 0.5494228601455688
Initial_DataCollection_AverageReturn : 9.580930709838867
Done logging...




********** Iteration 297 ************

Beginning logging procedure...

Collecting data for eval...
Eval_AverageReturn : 134.58753967285156
Eval_StdReturn : 25.822200775146484
Eval_MaxReturn : 176.8387908935547
Eval_MinReturn : 97.97203063964844
Eval_AverageEpLen : 73.83333333333333
Train_AverageReturn : 122.3592300415039
Train_StdReturn : 25.728519439697266
Train_MaxReturn : 176.2986297607422
Train_MinReturn : 68.7232437133789
Train_AverageEpLen : 67.76666666666667
Train_EnvstepsSoFar : 603984
TimeSinceStart : 235.1000030040741
Training Loss : -0.01823362335562706
Baseline Loss : 0.667612612247467
Initial_DataCollection_AverageReturn : 9.580930709838867
Done logging...




********** Iteration 298 ************

Beginning logging procedure...

Collecting data for eval...
Eval_AverageReturn : 155.5991668701172
Eval_StdReturn : 26.509727478027344
Eval_MaxReturn : 180.61807250976562
Eval_MinReturn : 103.4470443725586
Eval_AverageEpLen : 80.66666666666667
Train_AverageReturn : 138.00576782226562
Train_StdReturn : 25.02608871459961
Train_MaxReturn : 177.68060302734375
Train_MinReturn : 101.54258728027344
Train_AverageEpLen : 73.60714285714286
Train_EnvstepsSoFar : 606045
TimeSinceStart : 235.83588933944702
Training Loss : 0.05351152643561363
Baseline Loss : 0.6430805325508118
Initial_DataCollection_AverageReturn : 9.580930709838867
Done logging...




********** Iteration 299 ************

Beginning logging procedure...

Collecting data for eval...
Eval_AverageReturn : 160.83615112304688
Eval_StdReturn : 21.1418514251709
Eval_MaxReturn : 187.50091552734375
Eval_MinReturn : 128.88232421875
Eval_AverageEpLen : 80.6
Train_AverageReturn : 150.81129455566406
Train_StdReturn : 28.77799415588379
Train_MaxReturn : 189.13658142089844
Train_MinReturn : 83.22380828857422
Train_AverageEpLen : 79.0
Train_EnvstepsSoFar : 608099
TimeSinceStart : 236.60825181007385
Training Loss : -0.023113610222935677
Baseline Loss : 0.7167932391166687
Initial_DataCollection_AverageReturn : 9.580930709838867
Done logging...


