Gym has been unmaintained since 2022 and does not support NumPy 2.0 amongst other critical functionality.
Please upgrade to Gymnasium, the maintained drop-in replacement of Gym, or contact the authors of your software and request that they upgrade.
See the migration guide at https://gymnasium.farama.org/introduction/migration_guide/ for additional information.
########################
logging outputs to  /home/nick12138/projects/16831-F26-HW/hw2/rob831/scripts/../../data/q5_b2000_r0.001_lambda0.95_Hopper-v4_29-09-2026_11-14-04
########################
GPU not detected. Defaulting to CPU.
/home/nick12138/projects/16831-F26-HW/.conda/rob831/lib/python3.10/site-packages/Cython/Distutils/old_build_ext.py:15: DeprecationWarning: dep_util is Deprecated. Use functions from setuptools instead.
  from distutils.dep_util import newer, newer_group
<frozen importlib._bootstrap>:283: DeprecationWarning: the load_module() method is deprecated and slated for removal in Python 3.12; use exec_module() instead
/home/nick12138/projects/16831-F26-HW/.conda/rob831/lib/python3.10/site-packages/gym/core.py:329: DeprecationWarning: [33mWARN: Initializing wrapper in old step API which returns one bool instead of two. It is recommended to set `new_step_api=True` to use new step API. This will be the default behaviour in future.[0m
  deprecation(
/home/nick12138/projects/16831-F26-HW/.conda/rob831/lib/python3.10/site-packages/gym/wrappers/step_api_compatibility.py:39: DeprecationWarning: [33mWARN: Initializing environment in old step API which returns one bool instead of two. It is recommended to set `new_step_api=True` to use new step API. This will be the default behaviour in future.[0m
  deprecation(
/home/nick12138/projects/16831-F26-HW/.conda/rob831/lib/python3.10/site-packages/gym/core.py:268: DeprecationWarning: [33mWARN: Function `env.seed(seed)` is marked as deprecated and will be removed in the future. Please use `env.reset(seed=seed)` instead.[0m
  deprecation(
/home/nick12138/projects/16831-F26-HW/.conda/rob831/lib/python3.10/site-packages/matplotlib/_fontconfig_pattern.py:64: PyparsingDeprecationWarning: 'oneOf' deprecated - use 'one_of'
  prop = Group((name + Suppress("=") + comma_separated(value)) | oneOf(_CONSTANTS))
/home/nick12138/projects/16831-F26-HW/.conda/rob831/lib/python3.10/site-packages/matplotlib/_fontconfig_pattern.py:85: PyparsingDeprecationWarning: 'parseString' deprecated - use 'parse_string'
  parse = parser.parseString(pattern)
/home/nick12138/projects/16831-F26-HW/.conda/rob831/lib/python3.10/site-packages/matplotlib/_fontconfig_pattern.py:89: PyparsingDeprecationWarning: 'resetCache' deprecated - use 'reset_cache'
  parser.resetCache()


********** Iteration 0 ************
/home/nick12138/projects/16831-F26-HW/.conda/rob831/lib/python3.10/site-packages/gym/utils/passive_env_checker.py:241: DeprecationWarning: `np.bool8` is a deprecated alias for `np.bool_`.  (Deprecated NumPy 1.24)
  if not isinstance(terminated, (bool, np.bool8)):

Beginning logging procedure...

Collecting data for eval...
Eval_AverageReturn : 9.4326810836792
/home/nick12138/projects/16831-F26-HW/.conda/rob831/lib/python3.10/site-packages/tensorboardX/summary.py:153: DeprecationWarning: Conversion of an array with ndim > 0 to a scalar is deprecated, and will error in future. Ensure you extract a single element from your array before performing this operation. (Deprecated NumPy 1.25.)
  scalar = float(scalar)
Eval_StdReturn : 4.89177942276001
Eval_MaxReturn : 27.842239379882812
Eval_MinReturn : 3.728900671005249
Eval_AverageEpLen : 13.433333333333334
Train_AverageReturn : 9.580930709838867
Train_StdReturn : 4.549529552459717
Train_MaxReturn : 45.95674133300781
Train_MinReturn : 3.49049973487854
Train_AverageEpLen : 13.264900662251655
Train_EnvstepsSoFar : 2003
TimeSinceStart : 0.7409465312957764
Training Loss : 0.08006235212087631
Baseline Loss : 1.1349025964736938
Initial_DataCollection_AverageReturn : 9.580930709838867
Done logging...




********** Iteration 1 ************

Beginning logging procedure...

Collecting data for eval...
Eval_AverageReturn : 9.509166717529297
Eval_StdReturn : 4.392269611358643
Eval_MaxReturn : 26.011415481567383
Eval_MinReturn : 3.5124831199645996
Eval_AverageEpLen : 13.096774193548388
Train_AverageReturn : 10.516960144042969
Train_StdReturn : 5.027733325958252
Train_MaxReturn : 40.847312927246094
Train_MinReturn : 3.6901803016662598
Train_AverageEpLen : 14.904411764705882
Train_EnvstepsSoFar : 4030
TimeSinceStart : 1.553558111190796
Training Loss : -0.013351364061236382
Baseline Loss : 1.1023943424224854
Initial_DataCollection_AverageReturn : 9.580930709838867
Done logging...




********** Iteration 2 ************

Beginning logging procedure...

Collecting data for eval...
Eval_AverageReturn : 9.87032699584961
Eval_StdReturn : 3.6520419120788574
Eval_MaxReturn : 19.682493209838867
Eval_MinReturn : 4.686056137084961
Eval_AverageEpLen : 13.931034482758621
Train_AverageReturn : 10.959884643554688
Train_StdReturn : 6.534165382385254
Train_MaxReturn : 49.202091217041016
Train_MinReturn : 3.319099187850952
Train_AverageEpLen : 14.635036496350365
Train_EnvstepsSoFar : 6035
TimeSinceStart : 2.223808526992798
Training Loss : 0.01995164342224598
Baseline Loss : 1.0948880910873413
Initial_DataCollection_AverageReturn : 9.580930709838867
Done logging...




********** Iteration 3 ************

Beginning logging procedure...

Collecting data for eval...
Eval_AverageReturn : 14.361109733581543
Eval_StdReturn : 9.35471248626709
Eval_MaxReturn : 42.03387451171875
Eval_MinReturn : 5.223610877990723
Eval_AverageEpLen : 17.166666666666668
Train_AverageReturn : 12.054557800292969
Train_StdReturn : 7.967131614685059
Train_MaxReturn : 72.06881713867188
Train_MinReturn : 2.6843676567077637
Train_AverageEpLen : 16.341463414634145
Train_EnvstepsSoFar : 8045
TimeSinceStart : 3.0742783546447754
Training Loss : 0.008496461436152458
Baseline Loss : 1.086187720298767
Initial_DataCollection_AverageReturn : 9.580930709838867
Done logging...




********** Iteration 4 ************

Beginning logging procedure...

Collecting data for eval...
Eval_AverageReturn : 12.850268363952637
Eval_StdReturn : 5.605061054229736
Eval_MaxReturn : 30.89413070678711
Eval_MinReturn : 6.324167251586914
Eval_AverageEpLen : 17.041666666666668
Train_AverageReturn : 12.512103080749512
Train_StdReturn : 8.1301908493042
Train_MaxReturn : 56.45924377441406
Train_MinReturn : 3.9633376598358154
Train_AverageEpLen : 15.351145038167939
Train_EnvstepsSoFar : 10056
TimeSinceStart : 3.844369888305664
Training Loss : -0.02431730180978775
Baseline Loss : 1.0545796155929565
Initial_DataCollection_AverageReturn : 9.580930709838867
Done logging...




********** Iteration 5 ************

Beginning logging procedure...

Collecting data for eval...
Eval_AverageReturn : 14.68832015991211
Eval_StdReturn : 10.509075164794922
Eval_MaxReturn : 55.992523193359375
Eval_MinReturn : 3.9676973819732666
Eval_AverageEpLen : 18.565217391304348
Train_AverageReturn : 13.212671279907227
Train_StdReturn : 8.439369201660156
Train_MaxReturn : 70.87494659423828
Train_MinReturn : 4.800425052642822
Train_AverageEpLen : 17.094017094017094
Train_EnvstepsSoFar : 12056
TimeSinceStart : 4.498343229293823
Training Loss : -0.025461291894316673
Baseline Loss : 1.037734031677246
Initial_DataCollection_AverageReturn : 9.580930709838867
Done logging...




********** Iteration 6 ************

Beginning logging procedure...

Collecting data for eval...
Eval_AverageReturn : 14.717240333557129
Eval_StdReturn : 7.274255275726318
Eval_MaxReturn : 38.90264129638672
Eval_MinReturn : 6.34785795211792
Eval_AverageEpLen : 18.318181818181817
Train_AverageReturn : 13.048768997192383
Train_StdReturn : 7.888541221618652
Train_MaxReturn : 52.19338607788086
Train_MinReturn : 4.553129196166992
Train_AverageEpLen : 16.4672131147541
Train_EnvstepsSoFar : 14065
TimeSinceStart : 5.225284814834595
Training Loss : -0.011696145869791508
Baseline Loss : 1.0267775058746338
Initial_DataCollection_AverageReturn : 9.580930709838867
Done logging...




********** Iteration 7 ************

Beginning logging procedure...

Collecting data for eval...
Eval_AverageReturn : 13.322742462158203
Eval_StdReturn : 5.263537883758545
Eval_MaxReturn : 27.40225601196289
Eval_MinReturn : 4.569697380065918
Eval_AverageEpLen : 17.208333333333332
Train_AverageReturn : 15.187804222106934
Train_StdReturn : 14.588526725769043
Train_MaxReturn : 142.421875
Train_MinReturn : 5.252572536468506
Train_AverageEpLen : 18.583333333333332
Train_EnvstepsSoFar : 16072
TimeSinceStart : 6.052465438842773
Training Loss : 0.010039235465228558
Baseline Loss : 1.0188144445419312
Initial_DataCollection_AverageReturn : 9.580930709838867
Done logging...




********** Iteration 8 ************

Beginning logging procedure...

Collecting data for eval...
Eval_AverageReturn : 17.0950870513916
Eval_StdReturn : 9.793925285339355
Eval_MaxReturn : 54.0535888671875
Eval_MinReturn : 6.308261871337891
Eval_AverageEpLen : 18.772727272727273
Train_AverageReturn : 16.468647003173828
Train_StdReturn : 14.990567207336426
Train_MaxReturn : 92.99069213867188
Train_MinReturn : 5.813608646392822
Train_AverageEpLen : 19.686274509803923
Train_EnvstepsSoFar : 18080
TimeSinceStart : 6.806061744689941
Training Loss : -0.030404986813664436
Baseline Loss : 0.9922130703926086
Initial_DataCollection_AverageReturn : 9.580930709838867
Done logging...




********** Iteration 9 ************

Beginning logging procedure...

Collecting data for eval...
Eval_AverageReturn : 21.62743377685547
Eval_StdReturn : 13.309985160827637
Eval_MaxReturn : 57.747318267822266
Eval_MinReturn : 6.508504390716553
Eval_AverageEpLen : 26.733333333333334
Train_AverageReturn : 20.725749969482422
Train_StdReturn : 20.794870376586914
Train_MaxReturn : 126.82555389404297
Train_MinReturn : 5.445302963256836
Train_AverageEpLen : 23.25581395348837
Train_EnvstepsSoFar : 20080
TimeSinceStart : 7.609963417053223
Training Loss : 0.044160980731248856
Baseline Loss : 1.001996636390686
Initial_DataCollection_AverageReturn : 9.580930709838867
Done logging...




********** Iteration 10 ************

Beginning logging procedure...

Collecting data for eval...
Eval_AverageReturn : 15.11022663116455
Eval_StdReturn : 8.216573715209961
Eval_MaxReturn : 34.085548400878906
Eval_MinReturn : 6.168550491333008
Eval_AverageEpLen : 18.59090909090909
Train_AverageReturn : 21.602529525756836
Train_StdReturn : 21.30706787109375
Train_MaxReturn : 158.25448608398438
Train_MinReturn : 4.407441139221191
Train_AverageEpLen : 22.622222222222224
Train_EnvstepsSoFar : 22116
TimeSinceStart : 8.386674642562866
Training Loss : -0.026524066925048828
Baseline Loss : 0.9788239002227783
Initial_DataCollection_AverageReturn : 9.580930709838867
Done logging...




********** Iteration 11 ************

Beginning logging procedure...

Collecting data for eval...
Eval_AverageReturn : 18.645565032958984
Eval_StdReturn : 10.1487398147583
Eval_MaxReturn : 47.332740783691406
Eval_MinReturn : 5.702846527099609
Eval_AverageEpLen : 22.473684210526315
Train_AverageReturn : 22.05372428894043
Train_StdReturn : 22.33389663696289
Train_MaxReturn : 120.71612548828125
Train_MinReturn : 3.566162586212158
Train_AverageEpLen : 22.707865168539325
Train_EnvstepsSoFar : 24137
TimeSinceStart : 9.178322553634644
Training Loss : -0.047072142362594604
Baseline Loss : 0.9702056646347046
Initial_DataCollection_AverageReturn : 9.580930709838867
Done logging...




********** Iteration 12 ************

Beginning logging procedure...

Collecting data for eval...
Eval_AverageReturn : 28.458698272705078
Eval_StdReturn : 42.92367935180664
Eval_MaxReturn : 191.80868530273438
Eval_MinReturn : 7.063894748687744
Eval_AverageEpLen : 25.0625
Train_AverageReturn : 30.98023796081543
Train_StdReturn : 39.34214401245117
Train_MaxReturn : 232.18856811523438
Train_MinReturn : 5.146378517150879
Train_AverageEpLen : 28.830985915492956
Train_EnvstepsSoFar : 26184
TimeSinceStart : 10.057336330413818
Training Loss : -0.05151604488492012
Baseline Loss : 0.978615939617157
Initial_DataCollection_AverageReturn : 9.580930709838867
Done logging...




********** Iteration 13 ************

Beginning logging procedure...

Collecting data for eval...
Eval_AverageReturn : 21.914609909057617
Eval_StdReturn : 11.865768432617188
Eval_MaxReturn : 52.89479064941406
Eval_MinReturn : 8.816449165344238
Eval_AverageEpLen : 25.125
Train_AverageReturn : 26.205352783203125
Train_StdReturn : 30.04877281188965
Train_MaxReturn : 184.87966918945312
Train_MinReturn : 4.659084796905518
Train_AverageEpLen : 25.641025641025642
Train_EnvstepsSoFar : 28184
TimeSinceStart : 10.907997131347656
Training Loss : -0.04636877775192261
Baseline Loss : 0.9604488611221313
Initial_DataCollection_AverageReturn : 9.580930709838867
Done logging...




********** Iteration 14 ************

Beginning logging procedure...

Collecting data for eval...
Eval_AverageReturn : 44.93833923339844
Eval_StdReturn : 50.691532135009766
Eval_MaxReturn : 152.20816040039062
Eval_MinReturn : 7.690077304840088
Eval_AverageEpLen : 36.75
Train_AverageReturn : 31.24462127685547
Train_StdReturn : 38.90988540649414
Train_MaxReturn : 233.71824645996094
Train_MinReturn : 6.495960712432861
Train_AverageEpLen : 29.647058823529413
Train_EnvstepsSoFar : 30200
TimeSinceStart : 11.734803915023804
Training Loss : -0.013678425922989845
Baseline Loss : 0.9663636088371277
Initial_DataCollection_AverageReturn : 9.580930709838867
Done logging...




********** Iteration 15 ************

Beginning logging procedure...

Collecting data for eval...
Eval_AverageReturn : 41.657596588134766
Eval_StdReturn : 30.43522834777832
Eval_MaxReturn : 109.15852355957031
Eval_MinReturn : 8.194927215576172
Eval_AverageEpLen : 39.18181818181818
Train_AverageReturn : 33.55763626098633
Train_StdReturn : 40.19310760498047
Train_MaxReturn : 241.24533081054688
Train_MinReturn : 6.8785834312438965
Train_AverageEpLen : 30.676470588235293
Train_EnvstepsSoFar : 32286
TimeSinceStart : 12.632446527481079
Training Loss : 0.007902633398771286
Baseline Loss : 0.9568177461624146
Initial_DataCollection_AverageReturn : 9.580930709838867
Done logging...




********** Iteration 16 ************

Beginning logging procedure...

Collecting data for eval...
Eval_AverageReturn : 24.14267921447754
Eval_StdReturn : 16.078962326049805
Eval_MaxReturn : 68.04845428466797
Eval_MinReturn : 6.7274956703186035
Eval_AverageEpLen : 25.125
Train_AverageReturn : 39.353294372558594
Train_StdReturn : 48.60072326660156
Train_MaxReturn : 240.89247131347656
Train_MinReturn : 9.078607559204102
Train_AverageEpLen : 33.583333333333336
Train_EnvstepsSoFar : 34301
TimeSinceStart : 13.530804634094238
Training Loss : -0.04251348227262497
Baseline Loss : 0.9622690081596375
Initial_DataCollection_AverageReturn : 9.580930709838867
Done logging...




********** Iteration 17 ************

Beginning logging procedure...

Collecting data for eval...
Eval_AverageReturn : 63.455963134765625
Eval_StdReturn : 64.31059265136719
Eval_MaxReturn : 228.97109985351562
Eval_MinReturn : 16.481931686401367
Eval_AverageEpLen : 51.0
Train_AverageReturn : 35.49231719970703
Train_StdReturn : 39.49470901489258
Train_MaxReturn : 208.61500549316406
Train_MinReturn : 6.350000381469727
Train_AverageEpLen : 32.46774193548387
Train_EnvstepsSoFar : 36314
TimeSinceStart : 14.384350299835205
Training Loss : -8.490317122777924e-05
Baseline Loss : 0.9438694715499878
Initial_DataCollection_AverageReturn : 9.580930709838867
Done logging...




********** Iteration 18 ************

Beginning logging procedure...

Collecting data for eval...
Eval_AverageReturn : 121.47923278808594
Eval_StdReturn : 73.05374908447266
Eval_MaxReturn : 202.3118896484375
Eval_MinReturn : 12.191490173339844
Eval_AverageEpLen : 81.0
Train_AverageReturn : 47.78303909301758
Train_StdReturn : 54.50867462158203
Train_MaxReturn : 298.3057861328125
Train_MinReturn : 7.864419460296631
Train_AverageEpLen : 40.411764705882355
Train_EnvstepsSoFar : 38375
TimeSinceStart : 15.270936250686646
Training Loss : -0.05859507992863655
Baseline Loss : 0.9599272608757019
Initial_DataCollection_AverageReturn : 9.580930709838867
Done logging...




********** Iteration 19 ************

Beginning logging procedure...

Collecting data for eval...
Eval_AverageReturn : 85.87706756591797
Eval_StdReturn : 64.93585205078125
Eval_MaxReturn : 183.86785888671875
Eval_MinReturn : 13.371479988098145
Eval_AverageEpLen : 57.142857142857146
Train_AverageReturn : 62.192142486572266
Train_StdReturn : 62.165191650390625
Train_MaxReturn : 219.047119140625
Train_MinReturn : 9.47747802734375
Train_AverageEpLen : 45.77272727272727
Train_EnvstepsSoFar : 40389
TimeSinceStart : 16.13174080848694
Training Loss : -0.0358518548309803
Baseline Loss : 0.9661831259727478
Initial_DataCollection_AverageReturn : 9.580930709838867
Done logging...




********** Iteration 20 ************

Beginning logging procedure...

Collecting data for eval...
Eval_AverageReturn : 56.41011047363281
Eval_StdReturn : 37.360435485839844
Eval_MaxReturn : 114.84365844726562
Eval_MinReturn : 8.3280611038208
Eval_AverageEpLen : 50.666666666666664
Train_AverageReturn : 57.06258010864258
Train_StdReturn : 53.12700271606445
Train_MaxReturn : 250.118896484375
Train_MinReturn : 8.142621994018555
Train_AverageEpLen : 42.458333333333336
Train_EnvstepsSoFar : 42427
TimeSinceStart : 17.089974880218506
Training Loss : -0.035070016980171204
Baseline Loss : 0.9684873819351196
Initial_DataCollection_AverageReturn : 9.580930709838867
Done logging...




********** Iteration 21 ************

Beginning logging procedure...

Collecting data for eval...
Eval_AverageReturn : 104.41827392578125
Eval_StdReturn : 56.28752136230469
Eval_MaxReturn : 202.69190979003906
Eval_MinReturn : 35.12827682495117
Eval_AverageEpLen : 71.5
Train_AverageReturn : 76.6989974975586
Train_StdReturn : 71.4400634765625
Train_MaxReturn : 223.15525817871094
Train_MinReturn : 8.04061222076416
Train_AverageEpLen : 54.6578947368421
Train_EnvstepsSoFar : 44504
TimeSinceStart : 18.007493257522583
Training Loss : 0.009640426374971867
Baseline Loss : 0.9819681644439697
Initial_DataCollection_AverageReturn : 9.580930709838867
Done logging...




********** Iteration 22 ************

Beginning logging procedure...

Collecting data for eval...
Eval_AverageReturn : 111.46794891357422
Eval_StdReturn : 86.68435668945312
Eval_MaxReturn : 203.0194091796875
Eval_MinReturn : 7.381154537200928
Eval_AverageEpLen : 74.0
Train_AverageReturn : 91.17776489257812
Train_StdReturn : 57.386322021484375
Train_MaxReturn : 238.1513671875
Train_MinReturn : 11.482603073120117
Train_AverageEpLen : 63.3125
Train_EnvstepsSoFar : 46530
TimeSinceStart : 18.84479784965515
Training Loss : -0.037623677402734756
Baseline Loss : 1.023207664489746
Initial_DataCollection_AverageReturn : 9.580930709838867
Done logging...




********** Iteration 23 ************

Beginning logging procedure...

Collecting data for eval...
Eval_AverageReturn : 67.5002212524414
Eval_StdReturn : 63.576927185058594
Eval_MaxReturn : 221.45640563964844
Eval_MinReturn : 14.61752700805664
Eval_AverageEpLen : 48.77777777777778
Train_AverageReturn : 67.76908874511719
Train_StdReturn : 64.73680877685547
Train_MaxReturn : 288.7542724609375
Train_MinReturn : 9.306078910827637
Train_AverageEpLen : 50.925
Train_EnvstepsSoFar : 48567
TimeSinceStart : 19.743389129638672
Training Loss : -0.0025916011072695255
Baseline Loss : 0.9793621897697449
Initial_DataCollection_AverageReturn : 9.580930709838867
Done logging...




********** Iteration 24 ************

Beginning logging procedure...

Collecting data for eval...
Eval_AverageReturn : 54.4492073059082
Eval_StdReturn : 46.28533172607422
Eval_MaxReturn : 174.03494262695312
Eval_MinReturn : 15.369997024536133
Eval_AverageEpLen : 48.0
Train_AverageReturn : 73.2102279663086
Train_StdReturn : 53.545318603515625
Train_MaxReturn : 232.13192749023438
Train_MinReturn : 7.743919372558594
Train_AverageEpLen : 52.94736842105263
Train_EnvstepsSoFar : 50579
TimeSinceStart : 20.57707118988037
Training Loss : -0.016021734103560448
Baseline Loss : 1.0136934518814087
Initial_DataCollection_AverageReturn : 9.580930709838867
Done logging...




********** Iteration 25 ************

Beginning logging procedure...

Collecting data for eval...
Eval_AverageReturn : 69.94445037841797
Eval_StdReturn : 31.193099975585938
Eval_MaxReturn : 105.63671112060547
Eval_MinReturn : 26.984254837036133
Eval_AverageEpLen : 58.375
Train_AverageReturn : 105.25497436523438
Train_StdReturn : 68.36505126953125
Train_MaxReturn : 210.72312927246094
Train_MinReturn : 8.502727508544922
Train_AverageEpLen : 67.8
Train_EnvstepsSoFar : 52613
TimeSinceStart : 21.41881275177002
Training Loss : 0.014921574853360653
Baseline Loss : 1.0606087446212769
Initial_DataCollection_AverageReturn : 9.580930709838867
Done logging...




********** Iteration 26 ************

Beginning logging procedure...

Collecting data for eval...
Eval_AverageReturn : 70.06987762451172
Eval_StdReturn : 45.7901611328125
Eval_MaxReturn : 156.9627685546875
Eval_MinReturn : 13.404879570007324
Eval_AverageEpLen : 52.75
Train_AverageReturn : 82.26473999023438
Train_StdReturn : 52.880924224853516
Train_MaxReturn : 221.74732971191406
Train_MinReturn : 6.176765441894531
Train_AverageEpLen : 57.542857142857144
Train_EnvstepsSoFar : 54627
TimeSinceStart : 22.135477542877197
Training Loss : -0.06757356971502304
Baseline Loss : 1.0539242029190063
Initial_DataCollection_AverageReturn : 9.580930709838867
Done logging...




********** Iteration 27 ************

Beginning logging procedure...

Collecting data for eval...
Eval_AverageReturn : 73.79633331298828
Eval_StdReturn : 31.80944061279297
Eval_MaxReturn : 101.69886016845703
Eval_MinReturn : 21.31989288330078
Eval_AverageEpLen : 57.57142857142857
Train_AverageReturn : 84.70620727539062
Train_StdReturn : 55.66170883178711
Train_MaxReturn : 225.85433959960938
Train_MinReturn : 10.252287864685059
Train_AverageEpLen : 60.64705882352941
Train_EnvstepsSoFar : 56689
TimeSinceStart : 23.038105010986328
Training Loss : -0.004530457314103842
Baseline Loss : 1.0288828611373901
Initial_DataCollection_AverageReturn : 9.580930709838867
Done logging...




********** Iteration 28 ************

Beginning logging procedure...

Collecting data for eval...
Eval_AverageReturn : 80.34687805175781
Eval_StdReturn : 37.93098068237305
Eval_MaxReturn : 128.07286071777344
Eval_MinReturn : 10.124139785766602
Eval_AverageEpLen : 57.714285714285715
Train_AverageReturn : 96.47538757324219
Train_StdReturn : 49.8033332824707
Train_MaxReturn : 203.4682159423828
Train_MinReturn : 15.057122230529785
Train_AverageEpLen : 65.21875
Train_EnvstepsSoFar : 58776
TimeSinceStart : 23.93275284767151
Training Loss : 0.02224752865731716
Baseline Loss : 1.0860306024551392
Initial_DataCollection_AverageReturn : 9.580930709838867
Done logging...




********** Iteration 29 ************

Beginning logging procedure...

Collecting data for eval...
Eval_AverageReturn : 105.122802734375
Eval_StdReturn : 38.62948989868164
Eval_MaxReturn : 154.1208953857422
Eval_MinReturn : 32.92833709716797
Eval_AverageEpLen : 61.142857142857146
Train_AverageReturn : 100.67867279052734
Train_StdReturn : 51.825584411621094
Train_MaxReturn : 180.97804260253906
Train_MinReturn : 17.219934463500977
Train_AverageEpLen : 73.17857142857143
Train_EnvstepsSoFar : 60825
TimeSinceStart : 24.778172254562378
Training Loss : -0.0720362588763237
Baseline Loss : 1.024612545967102
Initial_DataCollection_AverageReturn : 9.580930709838867
Done logging...




********** Iteration 30 ************

Beginning logging procedure...

Collecting data for eval...
Eval_AverageReturn : 112.3637924194336
Eval_StdReturn : 48.22104263305664
Eval_MaxReturn : 170.15878295898438
Eval_MinReturn : 29.792428970336914
Eval_AverageEpLen : 69.66666666666667
Train_AverageReturn : 105.05402374267578
Train_StdReturn : 58.917049407958984
Train_MaxReturn : 218.02947998046875
Train_MinReturn : 12.938326835632324
Train_AverageEpLen : 70.27586206896552
Train_EnvstepsSoFar : 62863
TimeSinceStart : 25.636564016342163
Training Loss : -0.0005236055585555732
Baseline Loss : 1.0698293447494507
Initial_DataCollection_AverageReturn : 9.580930709838867
Done logging...




********** Iteration 31 ************

Beginning logging procedure...

Collecting data for eval...
Eval_AverageReturn : 117.19383239746094
Eval_StdReturn : 24.774009704589844
Eval_MaxReturn : 161.0111846923828
Eval_MinReturn : 97.26751708984375
Eval_AverageEpLen : 80.6
Train_AverageReturn : 95.61563873291016
Train_StdReturn : 39.814090728759766
Train_MaxReturn : 201.3638153076172
Train_MinReturn : 5.405013084411621
Train_AverageEpLen : 65.7741935483871
Train_EnvstepsSoFar : 64902
TimeSinceStart : 26.4354989528656
Training Loss : -0.019734332337975502
Baseline Loss : 1.0502148866653442
Initial_DataCollection_AverageReturn : 9.580930709838867
Done logging...




********** Iteration 32 ************

Beginning logging procedure...

Collecting data for eval...
Eval_AverageReturn : 119.68402862548828
Eval_StdReturn : 28.33140754699707
Eval_MaxReturn : 158.79119873046875
Eval_MinReturn : 84.04252624511719
Eval_AverageEpLen : 75.16666666666667
Train_AverageReturn : 102.12457275390625
Train_StdReturn : 58.35029220581055
Train_MaxReturn : 232.92898559570312
Train_MinReturn : 16.053255081176758
Train_AverageEpLen : 65.83870967741936
Train_EnvstepsSoFar : 66943
TimeSinceStart : 27.27691626548767
Training Loss : 0.013075461611151695
Baseline Loss : 1.0656527280807495
Initial_DataCollection_AverageReturn : 9.580930709838867
Done logging...




********** Iteration 33 ************

Beginning logging procedure...

Collecting data for eval...
Eval_AverageReturn : 101.94707489013672
Eval_StdReturn : 17.57407569885254
Eval_MaxReturn : 131.3221893310547
Eval_MinReturn : 75.6126937866211
Eval_AverageEpLen : 60.714285714285715
Train_AverageReturn : 96.97883605957031
Train_StdReturn : 41.53801727294922
Train_MaxReturn : 165.63917541503906
Train_MinReturn : 7.262768268585205
Train_AverageEpLen : 65.12903225806451
Train_EnvstepsSoFar : 68962
TimeSinceStart : 28.155586004257202
Training Loss : -0.043046485632658005
Baseline Loss : 1.0415267944335938
Initial_DataCollection_AverageReturn : 9.580930709838867
Done logging...




********** Iteration 34 ************

Beginning logging procedure...

Collecting data for eval...
Eval_AverageReturn : 107.39104461669922
Eval_StdReturn : 36.34410858154297
Eval_MaxReturn : 174.0278778076172
Eval_MinReturn : 71.0793228149414
Eval_AverageEpLen : 68.0
Train_AverageReturn : 109.1175537109375
Train_StdReturn : 37.283653259277344
Train_MaxReturn : 178.6385955810547
Train_MinReturn : 6.668823719024658
Train_AverageEpLen : 67.1
Train_EnvstepsSoFar : 70975
TimeSinceStart : 28.977664470672607
Training Loss : 0.02491007372736931
Baseline Loss : 1.0682717561721802
Initial_DataCollection_AverageReturn : 9.580930709838867
Done logging...




********** Iteration 35 ************

Beginning logging procedure...

Collecting data for eval...
Eval_AverageReturn : 86.03050231933594
Eval_StdReturn : 59.93403625488281
Eval_MaxReturn : 210.06954956054688
Eval_MinReturn : 12.902106285095215
Eval_AverageEpLen : 55.5
Train_AverageReturn : 109.38892364501953
Train_StdReturn : 52.28971481323242
Train_MaxReturn : 269.33782958984375
Train_MinReturn : 10.33215618133545
Train_AverageEpLen : 66.12903225806451
Train_EnvstepsSoFar : 73025
TimeSinceStart : 29.687001943588257
Training Loss : -0.015369834378361702
Baseline Loss : 1.0280271768569946
Initial_DataCollection_AverageReturn : 9.580930709838867
Done logging...




********** Iteration 36 ************

Beginning logging procedure...

Collecting data for eval...
Eval_AverageReturn : 95.01313018798828
Eval_StdReturn : 20.050861358642578
Eval_MaxReturn : 120.94888305664062
Eval_MinReturn : 67.67465209960938
Eval_AverageEpLen : 53.875
Train_AverageReturn : 109.28852081298828
Train_StdReturn : 34.731407165527344
Train_MaxReturn : 203.44715881347656
Train_MinReturn : 39.647483825683594
Train_AverageEpLen : 66.6774193548387
Train_EnvstepsSoFar : 75092
TimeSinceStart : 30.463412523269653
Training Loss : 0.005159438122063875
Baseline Loss : 1.1052981615066528
Initial_DataCollection_AverageReturn : 9.580930709838867
Done logging...




********** Iteration 37 ************

Beginning logging procedure...

Collecting data for eval...
Eval_AverageReturn : 97.45365142822266
Eval_StdReturn : 40.46599578857422
Eval_MaxReturn : 156.53396606445312
Eval_MinReturn : 16.646377563476562
Eval_AverageEpLen : 62.285714285714285
Train_AverageReturn : 111.51931762695312
Train_StdReturn : 45.77356719970703
Train_MaxReturn : 204.41061401367188
Train_MinReturn : 24.304889678955078
Train_AverageEpLen : 68.63333333333334
Train_EnvstepsSoFar : 77151
TimeSinceStart : 31.266380071640015
Training Loss : -0.028045153245329857
Baseline Loss : 1.0310335159301758
Initial_DataCollection_AverageReturn : 9.580930709838867
Done logging...




********** Iteration 38 ************

Beginning logging procedure...

Collecting data for eval...
Eval_AverageReturn : 121.73904418945312
Eval_StdReturn : 36.92094421386719
Eval_MaxReturn : 177.11944580078125
Eval_MinReturn : 79.80339813232422
Eval_AverageEpLen : 72.5
Train_AverageReturn : 102.65066528320312
Train_StdReturn : 34.12274169921875
Train_MaxReturn : 180.2045440673828
Train_MinReturn : 28.64083480834961
Train_AverageEpLen : 65.45161290322581
Train_EnvstepsSoFar : 79180
TimeSinceStart : 32.06076788902283
Training Loss : -0.004206312820315361
Baseline Loss : 1.0212777853012085
Initial_DataCollection_AverageReturn : 9.580930709838867
Done logging...




********** Iteration 39 ************

Beginning logging procedure...

Collecting data for eval...
Eval_AverageReturn : 112.11518859863281
Eval_StdReturn : 29.53174591064453
Eval_MaxReturn : 153.81195068359375
Eval_MinReturn : 64.48419952392578
Eval_AverageEpLen : 63.714285714285715
Train_AverageReturn : 106.81183624267578
Train_StdReturn : 35.87905502319336
Train_MaxReturn : 173.3437957763672
Train_MinReturn : 17.324464797973633
Train_AverageEpLen : 66.83333333333333
Train_EnvstepsSoFar : 81185
TimeSinceStart : 32.79341959953308
Training Loss : 0.0012745189014822245
Baseline Loss : 1.0537062883377075
Initial_DataCollection_AverageReturn : 9.580930709838867
Done logging...




********** Iteration 40 ************

Beginning logging procedure...

Collecting data for eval...
Eval_AverageReturn : 110.80262756347656
Eval_StdReturn : 26.891193389892578
Eval_MaxReturn : 166.31365966796875
Eval_MinReturn : 83.1868896484375
Eval_AverageEpLen : 66.42857142857143
Train_AverageReturn : 100.40992736816406
Train_StdReturn : 45.232913970947266
Train_MaxReturn : 222.57684326171875
Train_MinReturn : 11.24560832977295
Train_AverageEpLen : 60.75757575757576
Train_EnvstepsSoFar : 83190
TimeSinceStart : 33.516470432281494
Training Loss : 0.011749796569347382
Baseline Loss : 0.9839124083518982
Initial_DataCollection_AverageReturn : 9.580930709838867
Done logging...




********** Iteration 41 ************

Beginning logging procedure...

Collecting data for eval...
Eval_AverageReturn : 82.48393249511719
Eval_StdReturn : 40.63924789428711
Eval_MaxReturn : 162.91973876953125
Eval_MinReturn : 24.009292602539062
Eval_AverageEpLen : 52.875
Train_AverageReturn : 104.3551254272461
Train_StdReturn : 39.71244430541992
Train_MaxReturn : 230.06045532226562
Train_MinReturn : 31.361194610595703
Train_AverageEpLen : 63.21875
Train_EnvstepsSoFar : 85213
TimeSinceStart : 34.21458840370178
Training Loss : -0.06499800831079483
Baseline Loss : 1.0146210193634033
Initial_DataCollection_AverageReturn : 9.580930709838867
Done logging...




********** Iteration 42 ************

Beginning logging procedure...

Collecting data for eval...
Eval_AverageReturn : 117.98991394042969
Eval_StdReturn : 42.19844436645508
Eval_MaxReturn : 176.7678680419922
Eval_MinReturn : 50.17097091674805
Eval_AverageEpLen : 81.2
Train_AverageReturn : 112.45979309082031
Train_StdReturn : 40.15619659423828
Train_MaxReturn : 232.4527587890625
Train_MinReturn : 13.437982559204102
Train_AverageEpLen : 65.35483870967742
Train_EnvstepsSoFar : 87239
TimeSinceStart : 34.86679649353027
Training Loss : 0.009289693087339401
Baseline Loss : 1.0029906034469604
Initial_DataCollection_AverageReturn : 9.580930709838867
Done logging...




********** Iteration 43 ************

Beginning logging procedure...

Collecting data for eval...
Eval_AverageReturn : 124.25125122070312
Eval_StdReturn : 23.28606414794922
Eval_MaxReturn : 148.2410430908203
Eval_MinReturn : 83.37068939208984
Eval_AverageEpLen : 71.16666666666667
Train_AverageReturn : 120.89988708496094
Train_StdReturn : 37.522857666015625
Train_MaxReturn : 229.62075805664062
Train_MinReturn : 71.7333755493164
Train_AverageEpLen : 69.24137931034483
Train_EnvstepsSoFar : 89247
TimeSinceStart : 35.667824506759644
Training Loss : 0.035709068179130554
Baseline Loss : 0.9753434062004089
Initial_DataCollection_AverageReturn : 9.580930709838867
Done logging...




********** Iteration 44 ************

Beginning logging procedure...

Collecting data for eval...
Eval_AverageReturn : 139.04119873046875
Eval_StdReturn : 36.45891571044922
Eval_MaxReturn : 214.44998168945312
Eval_MinReturn : 104.96475219726562
Eval_AverageEpLen : 73.16666666666667
Train_AverageReturn : 104.35552215576172
Train_StdReturn : 30.84585189819336
Train_MaxReturn : 192.37635803222656
Train_MinReturn : 50.80143356323242
Train_AverageEpLen : 59.73529411764706
Train_EnvstepsSoFar : 91278
TimeSinceStart : 36.50164198875427
Training Loss : -0.014519874006509781
Baseline Loss : 0.9885161519050598
Initial_DataCollection_AverageReturn : 9.580930709838867
Done logging...




********** Iteration 45 ************

Beginning logging procedure...

Collecting data for eval...
Eval_AverageReturn : 163.13882446289062
Eval_StdReturn : 21.632604598999023
Eval_MaxReturn : 193.58584594726562
Eval_MinReturn : 131.4563446044922
Eval_AverageEpLen : 83.8
Train_AverageReturn : 114.29228210449219
Train_StdReturn : 33.55849838256836
Train_MaxReturn : 204.7252197265625
Train_MinReturn : 47.80409622192383
Train_AverageEpLen : 66.19354838709677
Train_EnvstepsSoFar : 93330
TimeSinceStart : 37.258758783340454
Training Loss : -0.05718567222356796
Baseline Loss : 0.9646861553192139
Initial_DataCollection_AverageReturn : 9.580930709838867
Done logging...




********** Iteration 46 ************

Beginning logging procedure...

Collecting data for eval...
Eval_AverageReturn : 132.131103515625
Eval_StdReturn : 44.943485260009766
Eval_MaxReturn : 200.60919189453125
Eval_MinReturn : 78.46688842773438
Eval_AverageEpLen : 70.0
Train_AverageReturn : 117.83699798583984
Train_StdReturn : 40.812355041503906
Train_MaxReturn : 224.23777770996094
Train_MinReturn : 62.570068359375
Train_AverageEpLen : 66.64516129032258
Train_EnvstepsSoFar : 95396
TimeSinceStart : 38.07226800918579
Training Loss : 0.0020734365098178387
Baseline Loss : 0.951343297958374
Initial_DataCollection_AverageReturn : 9.580930709838867
Done logging...




********** Iteration 47 ************

Beginning logging procedure...

Collecting data for eval...
Eval_AverageReturn : 102.7356948852539
Eval_StdReturn : 24.066686630249023
Eval_MaxReturn : 135.36354064941406
Eval_MinReturn : 62.99592208862305
Eval_AverageEpLen : 60.0
Train_AverageReturn : 131.83502197265625
Train_StdReturn : 43.78187561035156
Train_MaxReturn : 236.02597045898438
Train_MinReturn : 36.128662109375
Train_AverageEpLen : 72.28571428571429
Train_EnvstepsSoFar : 97420
TimeSinceStart : 38.801127195358276
Training Loss : 0.009820597246289253
Baseline Loss : 0.9111409783363342
Initial_DataCollection_AverageReturn : 9.580930709838867
Done logging...




********** Iteration 48 ************

Beginning logging procedure...

Collecting data for eval...
Eval_AverageReturn : 135.0477752685547
Eval_StdReturn : 71.13099670410156
Eval_MaxReturn : 238.3859405517578
Eval_MinReturn : 33.733558654785156
Eval_AverageEpLen : 72.0
Train_AverageReturn : 117.54114532470703
Train_StdReturn : 38.95649719238281
Train_MaxReturn : 216.99649047851562
Train_MinReturn : 32.678611755371094
Train_AverageEpLen : 64.64516129032258
Train_EnvstepsSoFar : 99424
TimeSinceStart : 39.662142276763916
Training Loss : -0.03087564930319786
Baseline Loss : 0.9149780869483948
Initial_DataCollection_AverageReturn : 9.580930709838867
Done logging...




********** Iteration 49 ************

Beginning logging procedure...

Collecting data for eval...
Eval_AverageReturn : 152.1728515625
Eval_StdReturn : 61.76572036743164
Eval_MaxReturn : 267.2501525878906
Eval_MinReturn : 89.07384490966797
Eval_AverageEpLen : 91.6
Train_AverageReturn : 136.88174438476562
Train_StdReturn : 51.666725158691406
Train_MaxReturn : 241.57559204101562
Train_MinReturn : 27.3165340423584
Train_AverageEpLen : 73.28571428571429
Train_EnvstepsSoFar : 101476
TimeSinceStart : 40.44123077392578
Training Loss : 0.000491222832351923
Baseline Loss : 0.913510799407959
Initial_DataCollection_AverageReturn : 9.580930709838867
Done logging...




********** Iteration 50 ************

Beginning logging procedure...

Collecting data for eval...
Eval_AverageReturn : 150.6343231201172
Eval_StdReturn : 35.33176040649414
Eval_MaxReturn : 188.27886962890625
Eval_MinReturn : 87.4947280883789
Eval_AverageEpLen : 73.83333333333333
Train_AverageReturn : 142.74359130859375
Train_StdReturn : 51.9455451965332
Train_MaxReturn : 242.2782745361328
Train_MinReturn : 54.189910888671875
Train_AverageEpLen : 73.39285714285714
Train_EnvstepsSoFar : 103531
TimeSinceStart : 41.143861293792725
Training Loss : -0.019295737147331238
Baseline Loss : 0.8794781565666199
Initial_DataCollection_AverageReturn : 9.580930709838867
Done logging...




********** Iteration 51 ************

Beginning logging procedure...

Collecting data for eval...
Eval_AverageReturn : 117.88372039794922
Eval_StdReturn : 52.68760299682617
Eval_MaxReturn : 203.77151489257812
Eval_MinReturn : 32.325035095214844
Eval_AverageEpLen : 67.5
Train_AverageReturn : 139.77476501464844
Train_StdReturn : 49.03175354003906
Train_MaxReturn : 241.44454956054688
Train_MinReturn : 53.6059684753418
Train_AverageEpLen : 71.37931034482759
Train_EnvstepsSoFar : 105601
TimeSinceStart : 41.86535286903381
Training Loss : -0.010004747658967972
Baseline Loss : 0.8798834681510925
Initial_DataCollection_AverageReturn : 9.580930709838867
Done logging...




********** Iteration 52 ************

Beginning logging procedure...

Collecting data for eval...
Eval_AverageReturn : 139.3843231201172
Eval_StdReturn : 37.355892181396484
Eval_MaxReturn : 208.10653686523438
Eval_MinReturn : 87.9532699584961
Eval_AverageEpLen : 70.83333333333333
Train_AverageReturn : 158.7630157470703
Train_StdReturn : 33.848506927490234
Train_MaxReturn : 249.0582733154297
Train_MinReturn : 89.77832794189453
Train_AverageEpLen : 84.20833333333333
Train_EnvstepsSoFar : 107622
TimeSinceStart : 42.64742732048035
Training Loss : -0.04095154628157616
Baseline Loss : 0.8196485638618469
Initial_DataCollection_AverageReturn : 9.580930709838867
Done logging...




********** Iteration 53 ************

Beginning logging procedure...

Collecting data for eval...
Eval_AverageReturn : 153.42796325683594
Eval_StdReturn : 49.911399841308594
Eval_MaxReturn : 207.9877471923828
Eval_MinReturn : 66.82799530029297
Eval_AverageEpLen : 77.0
Train_AverageReturn : 154.15281677246094
Train_StdReturn : 52.548824310302734
Train_MaxReturn : 229.8363494873047
Train_MinReturn : 23.141494750976562
Train_AverageEpLen : 77.73076923076923
Train_EnvstepsSoFar : 109643
TimeSinceStart : 43.33026838302612
Training Loss : 0.013100794516503811
Baseline Loss : 0.8316518664360046
Initial_DataCollection_AverageReturn : 9.580930709838867
Done logging...




********** Iteration 54 ************

Beginning logging procedure...

Collecting data for eval...
Eval_AverageReturn : 189.6990509033203
Eval_StdReturn : 27.628925323486328
Eval_MaxReturn : 222.0251922607422
Eval_MinReturn : 146.58297729492188
Eval_AverageEpLen : 92.4
Train_AverageReturn : 177.30677795410156
Train_StdReturn : 43.174686431884766
Train_MaxReturn : 239.66030883789062
Train_MinReturn : 57.714962005615234
Train_AverageEpLen : 88.95652173913044
Train_EnvstepsSoFar : 111689
TimeSinceStart : 44.0324501991272
Training Loss : -0.03472509980201721
Baseline Loss : 0.7740768194198608
Initial_DataCollection_AverageReturn : 9.580930709838867
Done logging...




********** Iteration 55 ************

Beginning logging procedure...

Collecting data for eval...
Eval_AverageReturn : 217.46426391601562
Eval_StdReturn : 21.044647216796875
Eval_MaxReturn : 244.64871215820312
Eval_MinReturn : 187.85740661621094
Eval_AverageEpLen : 112.25
Train_AverageReturn : 164.43121337890625
Train_StdReturn : 47.305233001708984
Train_MaxReturn : 247.88253784179688
Train_MinReturn : 76.43128204345703
Train_AverageEpLen : 84.04166666666667
Train_EnvstepsSoFar : 113706
TimeSinceStart : 44.82757759094238
Training Loss : -0.02318137139081955
Baseline Loss : 0.800256609916687
Initial_DataCollection_AverageReturn : 9.580930709838867
Done logging...




********** Iteration 56 ************

Beginning logging procedure...

Collecting data for eval...
Eval_AverageReturn : 138.5418701171875
Eval_StdReturn : 55.30621337890625
Eval_MaxReturn : 207.53419494628906
Eval_MinReturn : 61.95291519165039
Eval_AverageEpLen : 70.66666666666667
Train_AverageReturn : 169.82472229003906
Train_StdReturn : 46.732173919677734
Train_MaxReturn : 230.1607208251953
Train_MinReturn : 35.7567138671875
Train_AverageEpLen : 82.36
Train_EnvstepsSoFar : 115765
TimeSinceStart : 45.57086968421936
Training Loss : -0.022651968523859978
Baseline Loss : 0.7585954070091248
Initial_DataCollection_AverageReturn : 9.580930709838867
Done logging...




********** Iteration 57 ************

Beginning logging procedure...

Collecting data for eval...
Eval_AverageReturn : 201.75289916992188
Eval_StdReturn : 16.50042152404785
Eval_MaxReturn : 214.14366149902344
Eval_MinReturn : 169.6190185546875
Eval_AverageEpLen : 93.8
Train_AverageReturn : 177.0526885986328
Train_StdReturn : 48.40800857543945
Train_MaxReturn : 223.8240203857422
Train_MinReturn : 19.18056297302246
Train_AverageEpLen : 83.91666666666667
Train_EnvstepsSoFar : 117779
TimeSinceStart : 46.36450743675232
Training Loss : -0.02412424050271511
Baseline Loss : 0.7437130808830261
Initial_DataCollection_AverageReturn : 9.580930709838867
Done logging...




********** Iteration 58 ************

Beginning logging procedure...

Collecting data for eval...
Eval_AverageReturn : 151.05767822265625
Eval_StdReturn : 61.079322814941406
Eval_MaxReturn : 226.1011199951172
Eval_MinReturn : 34.86630630493164
Eval_AverageEpLen : 76.33333333333333
Train_AverageReturn : 164.58689880371094
Train_StdReturn : 49.05972671508789
Train_MaxReturn : 258.72216796875
Train_MinReturn : 28.809465408325195
Train_AverageEpLen : 80.96
Train_EnvstepsSoFar : 119803
TimeSinceStart : 47.10667181015015
Training Loss : -0.022956181317567825
Baseline Loss : 0.7354544997215271
Initial_DataCollection_AverageReturn : 9.580930709838867
Done logging...




********** Iteration 59 ************

Beginning logging procedure...

Collecting data for eval...
Eval_AverageReturn : 198.75184631347656
Eval_StdReturn : 19.990447998046875
Eval_MaxReturn : 227.26425170898438
Eval_MinReturn : 166.75872802734375
Eval_AverageEpLen : 93.8
Train_AverageReturn : 157.8734588623047
Train_StdReturn : 54.76153564453125
Train_MaxReturn : 228.60047912597656
Train_MinReturn : 18.665210723876953
Train_AverageEpLen : 77.34615384615384
Train_EnvstepsSoFar : 121814
TimeSinceStart : 47.83666729927063
Training Loss : -0.01335250772535801
Baseline Loss : 0.767886757850647
Initial_DataCollection_AverageReturn : 9.580930709838867
Done logging...




********** Iteration 60 ************

Beginning logging procedure...

Collecting data for eval...
Eval_AverageReturn : 164.15431213378906
Eval_StdReturn : 47.775691986083984
Eval_MaxReturn : 211.65341186523438
Eval_MinReturn : 75.27713775634766
Eval_AverageEpLen : 78.16666666666667
Train_AverageReturn : 190.06338500976562
Train_StdReturn : 30.006288528442383
Train_MaxReturn : 241.60787963867188
Train_MinReturn : 106.95573425292969
Train_AverageEpLen : 88.0
Train_EnvstepsSoFar : 123838
TimeSinceStart : 48.651928186416626
Training Loss : 0.0016505973180755973
Baseline Loss : 0.6325292587280273
Initial_DataCollection_AverageReturn : 9.580930709838867
Done logging...




********** Iteration 61 ************

Beginning logging procedure...

Collecting data for eval...
Eval_AverageReturn : 162.5605926513672
Eval_StdReturn : 49.922157287597656
Eval_MaxReturn : 217.05335998535156
Eval_MinReturn : 92.14717864990234
Eval_AverageEpLen : 79.33333333333333
Train_AverageReturn : 164.9267120361328
Train_StdReturn : 60.12174606323242
Train_MaxReturn : 238.28550720214844
Train_MinReturn : 16.903488159179688
Train_AverageEpLen : 81.12
Train_EnvstepsSoFar : 125866
TimeSinceStart : 49.397549629211426
Training Loss : -0.037146519869565964
Baseline Loss : 0.7720499038696289
Initial_DataCollection_AverageReturn : 9.580930709838867
Done logging...




********** Iteration 62 ************

Beginning logging procedure...

Collecting data for eval...
Eval_AverageReturn : 165.7891387939453
Eval_StdReturn : 50.52254104614258
Eval_MaxReturn : 218.81932067871094
Eval_MinReturn : 79.08904266357422
Eval_AverageEpLen : 80.5
Train_AverageReturn : 166.29742431640625
Train_StdReturn : 62.52644729614258
Train_MaxReturn : 227.85552978515625
Train_MinReturn : 32.845054626464844
Train_AverageEpLen : 81.68
Train_EnvstepsSoFar : 127908
TimeSinceStart : 50.180169105529785
Training Loss : -0.004685324616730213
Baseline Loss : 0.824134349822998
Initial_DataCollection_AverageReturn : 9.580930709838867
Done logging...




********** Iteration 63 ************

Beginning logging procedure...

Collecting data for eval...
Eval_AverageReturn : 171.12750244140625
Eval_StdReturn : 43.29307174682617
Eval_MaxReturn : 203.541015625
Eval_MinReturn : 86.76847839355469
Eval_AverageEpLen : 82.2
Train_AverageReturn : 172.23724365234375
Train_StdReturn : 55.90174865722656
Train_MaxReturn : 228.64614868164062
Train_MinReturn : 29.520658493041992
Train_AverageEpLen : 82.16
Train_EnvstepsSoFar : 129962
TimeSinceStart : 50.9644091129303
Training Loss : -0.049148768186569214
Baseline Loss : 0.7052367925643921
Initial_DataCollection_AverageReturn : 9.580930709838867
Done logging...




********** Iteration 64 ************

Beginning logging procedure...

Collecting data for eval...
Eval_AverageReturn : 189.11221313476562
Eval_StdReturn : 12.049870491027832
Eval_MaxReturn : 206.46133422851562
Eval_MinReturn : 171.52105712890625
Eval_AverageEpLen : 86.2
Train_AverageReturn : 156.96754455566406
Train_StdReturn : 60.457984924316406
Train_MaxReturn : 231.9191436767578
Train_MinReturn : 31.253570556640625
Train_AverageEpLen : 78.07692307692308
Train_EnvstepsSoFar : 131992
TimeSinceStart : 51.7257239818573
Training Loss : -0.08215244859457016
Baseline Loss : 0.8575015068054199
Initial_DataCollection_AverageReturn : 9.580930709838867
Done logging...




********** Iteration 65 ************

Beginning logging procedure...

Collecting data for eval...
Eval_AverageReturn : 174.2997589111328
Eval_StdReturn : 72.45635986328125
Eval_MaxReturn : 233.5712890625
Eval_MinReturn : 15.735701560974121
Eval_AverageEpLen : 82.83333333333333
Train_AverageReturn : 184.01100158691406
Train_StdReturn : 47.104244232177734
Train_MaxReturn : 230.57029724121094
Train_MinReturn : 34.072139739990234
Train_AverageEpLen : 87.56521739130434
Train_EnvstepsSoFar : 134006
TimeSinceStart : 52.54957866668701
Training Loss : -0.012235011905431747
Baseline Loss : 0.6483649015426636
Initial_DataCollection_AverageReturn : 9.580930709838867
Done logging...




********** Iteration 66 ************

Beginning logging procedure...

Collecting data for eval...
Eval_AverageReturn : 233.66661071777344
Eval_StdReturn : 29.146196365356445
Eval_MaxReturn : 268.2767333984375
Eval_MinReturn : 197.05078125
Eval_AverageEpLen : 115.25
Train_AverageReturn : 175.55296325683594
Train_StdReturn : 54.14017105102539
Train_MaxReturn : 222.9370574951172
Train_MinReturn : 23.659086227416992
Train_AverageEpLen : 85.79166666666667
Train_EnvstepsSoFar : 136065
TimeSinceStart : 53.32547044754028
Training Loss : 0.009773815050721169
Baseline Loss : 0.7396299242973328
Initial_DataCollection_AverageReturn : 9.580930709838867
Done logging...




********** Iteration 67 ************

Beginning logging procedure...

Collecting data for eval...
Eval_AverageReturn : 173.22341918945312
Eval_StdReturn : 45.843929290771484
Eval_MaxReturn : 204.29249572753906
Eval_MinReturn : 82.19984436035156
Eval_AverageEpLen : 83.0
Train_AverageReturn : 179.4285888671875
Train_StdReturn : 34.72850036621094
Train_MaxReturn : 213.99147033691406
Train_MinReturn : 100.63236999511719
Train_AverageEpLen : 83.54166666666667
Train_EnvstepsSoFar : 138070
TimeSinceStart : 53.9692919254303
Training Loss : -0.005038155242800713
Baseline Loss : 0.5780918002128601
Initial_DataCollection_AverageReturn : 9.580930709838867
Done logging...




********** Iteration 68 ************

Beginning logging procedure...

Collecting data for eval...
Eval_AverageReturn : 203.16427612304688
Eval_StdReturn : 2.9847795963287354
Eval_MaxReturn : 206.41366577148438
Eval_MinReturn : 197.68768310546875
Eval_AverageEpLen : 90.4
Train_AverageReturn : 176.75323486328125
Train_StdReturn : 57.6116828918457
Train_MaxReturn : 222.5509033203125
Train_MinReturn : 13.772998809814453
Train_AverageEpLen : 83.48
Train_EnvstepsSoFar : 140157
TimeSinceStart : 54.715922832489014
Training Loss : -0.046544164419174194
Baseline Loss : 0.5979782938957214
Initial_DataCollection_AverageReturn : 9.580930709838867
Done logging...




********** Iteration 69 ************

Beginning logging procedure...

Collecting data for eval...
Eval_AverageReturn : 200.06268310546875
Eval_StdReturn : 22.390565872192383
Eval_MaxReturn : 221.56483459472656
Eval_MinReturn : 158.96087646484375
Eval_AverageEpLen : 95.4
Train_AverageReturn : 160.48426818847656
Train_StdReturn : 65.15833282470703
Train_MaxReturn : 223.14552307128906
Train_MinReturn : 10.835280418395996
Train_AverageEpLen : 76.74074074074075
Train_EnvstepsSoFar : 142229
TimeSinceStart : 55.50273299217224
Training Loss : -0.04191439226269722
Baseline Loss : 0.7150522470474243
Initial_DataCollection_AverageReturn : 9.580930709838867
Done logging...




********** Iteration 70 ************

Beginning logging procedure...

Collecting data for eval...
Eval_AverageReturn : 107.70381927490234
Eval_StdReturn : 54.544979095458984
Eval_MaxReturn : 204.8286590576172
Eval_MinReturn : 54.09164810180664
Eval_AverageEpLen : 58.0
Train_AverageReturn : 190.32052612304688
Train_StdReturn : 38.17726135253906
Train_MaxReturn : 247.2672576904297
Train_MinReturn : 55.105064392089844
Train_AverageEpLen : 90.8695652173913
Train_EnvstepsSoFar : 144319
TimeSinceStart : 56.33902645111084
Training Loss : 0.028157075867056847
Baseline Loss : 0.5406277179718018
Initial_DataCollection_AverageReturn : 9.580930709838867
Done logging...




********** Iteration 71 ************

Beginning logging procedure...

Collecting data for eval...
Eval_AverageReturn : 162.58409118652344
Eval_StdReturn : 63.16792297363281
Eval_MaxReturn : 222.80938720703125
Eval_MinReturn : 54.186134338378906
Eval_AverageEpLen : 77.33333333333333
Train_AverageReturn : 176.573974609375
Train_StdReturn : 50.9648551940918
Train_MaxReturn : 216.36534118652344
Train_MinReturn : 21.650550842285156
Train_AverageEpLen : 84.41666666666667
Train_EnvstepsSoFar : 146345
TimeSinceStart : 57.18230867385864
Training Loss : -0.014371585100889206
Baseline Loss : 0.5980697870254517
Initial_DataCollection_AverageReturn : 9.580930709838867
Done logging...




********** Iteration 72 ************

Beginning logging procedure...

Collecting data for eval...
Eval_AverageReturn : 193.63760375976562
Eval_StdReturn : 8.76450252532959
Eval_MaxReturn : 207.868408203125
Eval_MinReturn : 183.1440887451172
Eval_AverageEpLen : 89.0
Train_AverageReturn : 154.77432250976562
Train_StdReturn : 61.570770263671875
Train_MaxReturn : 247.16786193847656
Train_MinReturn : 36.98438262939453
Train_AverageEpLen : 78.26923076923077
Train_EnvstepsSoFar : 148380
TimeSinceStart : 58.14982557296753
Training Loss : -0.02284567430615425
Baseline Loss : 0.7314785122871399
Initial_DataCollection_AverageReturn : 9.580930709838867
Done logging...




********** Iteration 73 ************

Beginning logging procedure...

Collecting data for eval...
Eval_AverageReturn : 189.10910034179688
Eval_StdReturn : 4.270264625549316
Eval_MaxReturn : 195.20782470703125
Eval_MinReturn : 181.9839630126953
Eval_AverageEpLen : 87.6
Train_AverageReturn : 187.9906005859375
Train_StdReturn : 34.32767105102539
Train_MaxReturn : 228.6988525390625
Train_MinReturn : 79.75210571289062
Train_AverageEpLen : 88.65217391304348
Train_EnvstepsSoFar : 150419
TimeSinceStart : 59.044461250305176
Training Loss : -0.019925856962800026
Baseline Loss : 0.5266950130462646
Initial_DataCollection_AverageReturn : 9.580930709838867
Done logging...




********** Iteration 74 ************

Beginning logging procedure...

Collecting data for eval...
Eval_AverageReturn : 237.5809783935547
Eval_StdReturn : 26.280384063720703
Eval_MaxReturn : 277.07476806640625
Eval_MinReturn : 204.66603088378906
Eval_AverageEpLen : 117.5
Train_AverageReturn : 167.52430725097656
Train_StdReturn : 53.31108093261719
Train_MaxReturn : 231.4739227294922
Train_MinReturn : 21.937299728393555
Train_AverageEpLen : 79.15384615384616
Train_EnvstepsSoFar : 152477
TimeSinceStart : 59.94893550872803
Training Loss : -0.019196759909391403
Baseline Loss : 0.590144157409668
Initial_DataCollection_AverageReturn : 9.580930709838867
Done logging...




********** Iteration 75 ************

Beginning logging procedure...

Collecting data for eval...
Eval_AverageReturn : 179.30990600585938
Eval_StdReturn : 55.080360412597656
Eval_MaxReturn : 217.27529907226562
Eval_MinReturn : 69.71424865722656
Eval_AverageEpLen : 82.8
Train_AverageReturn : 189.47560119628906
Train_StdReturn : 34.059242248535156
Train_MaxReturn : 241.4796600341797
Train_MinReturn : 68.67129516601562
Train_AverageEpLen : 88.47826086956522
Train_EnvstepsSoFar : 154512
TimeSinceStart : 60.756515979766846
Training Loss : 0.01952214725315571
Baseline Loss : 0.4514491856098175
Initial_DataCollection_AverageReturn : 9.580930709838867
Done logging...




********** Iteration 76 ************

Beginning logging procedure...

Collecting data for eval...
Eval_AverageReturn : 201.6031951904297
Eval_StdReturn : 12.680257797241211
Eval_MaxReturn : 218.6095733642578
Eval_MinReturn : 183.6969451904297
Eval_AverageEpLen : 102.25
Train_AverageReturn : 182.0248260498047
Train_StdReturn : 43.26438903808594
Train_MaxReturn : 225.31683349609375
Train_MinReturn : 63.286495208740234
Train_AverageEpLen : 87.08333333333333
Train_EnvstepsSoFar : 156602
TimeSinceStart : 61.5525426864624
Training Loss : 0.005743505898863077
Baseline Loss : 0.5203357338905334
Initial_DataCollection_AverageReturn : 9.580930709838867
Done logging...




********** Iteration 77 ************

Beginning logging procedure...

Collecting data for eval...
Eval_AverageReturn : 200.7443084716797
Eval_StdReturn : 8.948403358459473
Eval_MaxReturn : 216.25408935546875
Eval_MinReturn : 189.50936889648438
Eval_AverageEpLen : 93.4
Train_AverageReturn : 183.129638671875
Train_StdReturn : 40.35786819458008
Train_MaxReturn : 216.7216796875
Train_MinReturn : 79.08856964111328
Train_AverageEpLen : 84.375
Train_EnvstepsSoFar : 158627
TimeSinceStart : 62.412477254867554
Training Loss : -0.011606963351368904
Baseline Loss : 0.49033087491989136
Initial_DataCollection_AverageReturn : 9.580930709838867
Done logging...




********** Iteration 78 ************

Beginning logging procedure...

Collecting data for eval...
Eval_AverageReturn : 200.02243041992188
Eval_StdReturn : 14.341547012329102
Eval_MaxReturn : 222.38192749023438
Eval_MinReturn : 185.40023803710938
Eval_AverageEpLen : 92.4
Train_AverageReturn : 194.02500915527344
Train_StdReturn : 30.515226364135742
Train_MaxReturn : 223.27609252929688
Train_MinReturn : 77.11869812011719
Train_AverageEpLen : 89.73913043478261
Train_EnvstepsSoFar : 160691
TimeSinceStart : 63.33414649963379
Training Loss : -0.005414960905909538
Baseline Loss : 0.4391326308250427
Initial_DataCollection_AverageReturn : 9.580930709838867
Done logging...




********** Iteration 79 ************

Beginning logging procedure...

Collecting data for eval...
Eval_AverageReturn : 197.84750366210938
Eval_StdReturn : 22.37239646911621
Eval_MaxReturn : 221.4634552001953
Eval_MinReturn : 157.4798583984375
Eval_AverageEpLen : 92.4
Train_AverageReturn : 190.06983947753906
Train_StdReturn : 28.303728103637695
Train_MaxReturn : 224.45993041992188
Train_MinReturn : 111.70105743408203
Train_AverageEpLen : 89.3913043478261
Train_EnvstepsSoFar : 162747
TimeSinceStart : 64.26349234580994
Training Loss : -0.03940636292099953
Baseline Loss : 0.3884897828102112
Initial_DataCollection_AverageReturn : 9.580930709838867
Done logging...




********** Iteration 80 ************

Beginning logging procedure...

Collecting data for eval...
Eval_AverageReturn : 187.96615600585938
Eval_StdReturn : 15.013545036315918
Eval_MaxReturn : 210.30848693847656
Eval_MinReturn : 166.09117126464844
Eval_AverageEpLen : 86.8
Train_AverageReturn : 197.88575744628906
Train_StdReturn : 21.507694244384766
Train_MaxReturn : 223.2388458251953
Train_MinReturn : 120.0947265625
Train_AverageEpLen : 91.0909090909091
Train_EnvstepsSoFar : 164751
TimeSinceStart : 65.05569219589233
Training Loss : 0.015590866096317768
Baseline Loss : 0.34245261549949646
Initial_DataCollection_AverageReturn : 9.580930709838867
Done logging...




********** Iteration 81 ************

Beginning logging procedure...

Collecting data for eval...
Eval_AverageReturn : 194.27798461914062
Eval_StdReturn : 13.036781311035156
Eval_MaxReturn : 206.7391815185547
Eval_MinReturn : 175.009033203125
Eval_AverageEpLen : 89.6
Train_AverageReturn : 200.23805236816406
Train_StdReturn : 12.50368595123291
Train_MaxReturn : 228.96299743652344
Train_MinReturn : 174.81527709960938
Train_AverageEpLen : 90.3913043478261
Train_EnvstepsSoFar : 166830
TimeSinceStart : 65.91650795936584
Training Loss : -0.03840476647019386
Baseline Loss : 0.30023178458213806
Initial_DataCollection_AverageReturn : 9.580930709838867
Done logging...




********** Iteration 82 ************

Beginning logging procedure...

Collecting data for eval...
Eval_AverageReturn : 184.2580108642578
Eval_StdReturn : 28.665693283081055
Eval_MaxReturn : 212.1977081298828
Eval_MinReturn : 129.4837646484375
Eval_AverageEpLen : 87.6
Train_AverageReturn : 182.0199737548828
Train_StdReturn : 33.38455581665039
Train_MaxReturn : 214.8117218017578
Train_MinReturn : 96.23721313476562
Train_AverageEpLen : 83.79166666666667
Train_EnvstepsSoFar : 168841
TimeSinceStart : 66.74344038963318
Training Loss : -0.027359401807188988
Baseline Loss : 0.40241190791130066
Initial_DataCollection_AverageReturn : 9.580930709838867
Done logging...




********** Iteration 83 ************

Beginning logging procedure...

Collecting data for eval...
Eval_AverageReturn : 188.66189575195312
Eval_StdReturn : 15.228561401367188
Eval_MaxReturn : 211.758544921875
Eval_MinReturn : 166.75328063964844
Eval_AverageEpLen : 89.8
Train_AverageReturn : 185.4761962890625
Train_StdReturn : 34.47441482543945
Train_MaxReturn : 218.8162841796875
Train_MinReturn : 57.177154541015625
Train_AverageEpLen : 86.16666666666667
Train_EnvstepsSoFar : 170909
TimeSinceStart : 67.65358304977417
Training Loss : -0.03288969025015831
Baseline Loss : 0.38101649284362793
Initial_DataCollection_AverageReturn : 9.580930709838867
Done logging...




********** Iteration 84 ************

Beginning logging procedure...

Collecting data for eval...
Eval_AverageReturn : 218.35372924804688
Eval_StdReturn : 22.715909957885742
Eval_MaxReturn : 253.7559356689453
Eval_MinReturn : 193.7629852294922
Eval_AverageEpLen : 107.5
Train_AverageReturn : 187.989501953125
Train_StdReturn : 32.33909225463867
Train_MaxReturn : 213.5526123046875
Train_MinReturn : 71.29638671875
Train_AverageEpLen : 86.29166666666667
Train_EnvstepsSoFar : 172980
TimeSinceStart : 68.50301766395569
Training Loss : -0.011031058616936207
Baseline Loss : 0.367428719997406
Initial_DataCollection_AverageReturn : 9.580930709838867
Done logging...




********** Iteration 85 ************

Beginning logging procedure...

Collecting data for eval...
Eval_AverageReturn : 182.44435119628906
Eval_StdReturn : 25.260549545288086
Eval_MaxReturn : 210.60888671875
Eval_MinReturn : 151.1929473876953
Eval_AverageEpLen : 88.6
Train_AverageReturn : 194.36669921875
Train_StdReturn : 24.744056701660156
Train_MaxReturn : 241.08848571777344
Train_MinReturn : 131.33126831054688
Train_AverageEpLen : 88.04347826086956
Train_EnvstepsSoFar : 175005
TimeSinceStart : 69.40584564208984
Training Loss : 0.013901972211897373
Baseline Loss : 0.3481197655200958
Initial_DataCollection_AverageReturn : 9.580930709838867
Done logging...




********** Iteration 86 ************

Beginning logging procedure...

Collecting data for eval...
Eval_AverageReturn : 202.90380859375
Eval_StdReturn : 12.293123245239258
Eval_MaxReturn : 223.1758575439453
Eval_MinReturn : 190.42202758789062
Eval_AverageEpLen : 91.6
Train_AverageReturn : 197.79241943359375
Train_StdReturn : 21.301090240478516
Train_MaxReturn : 223.8055877685547
Train_MinReturn : 137.5548858642578
Train_AverageEpLen : 90.65217391304348
Train_EnvstepsSoFar : 177090
TimeSinceStart : 70.22058629989624
Training Loss : 0.04222003370523453
Baseline Loss : 0.2829356789588928
Initial_DataCollection_AverageReturn : 9.580930709838867
Done logging...




********** Iteration 87 ************

Beginning logging procedure...

Collecting data for eval...
Eval_AverageReturn : 206.14352416992188
Eval_StdReturn : 9.053245544433594
Eval_MaxReturn : 220.27874755859375
Eval_MinReturn : 192.77078247070312
Eval_AverageEpLen : 91.0
Train_AverageReturn : 191.39947509765625
Train_StdReturn : 38.51864242553711
Train_MaxReturn : 250.81253051757812
Train_MinReturn : 95.54667663574219
Train_AverageEpLen : 89.6086956521739
Train_EnvstepsSoFar : 179151
TimeSinceStart : 71.10686111450195
Training Loss : 0.025437086820602417
Baseline Loss : 0.3558177053928375
Initial_DataCollection_AverageReturn : 9.580930709838867
Done logging...




********** Iteration 88 ************

Beginning logging procedure...

Collecting data for eval...
Eval_AverageReturn : 203.54566955566406
Eval_StdReturn : 12.512885093688965
Eval_MaxReturn : 224.93917846679688
Eval_MinReturn : 188.32611083984375
Eval_AverageEpLen : 91.6
Train_AverageReturn : 189.9153289794922
Train_StdReturn : 27.059688568115234
Train_MaxReturn : 223.1548309326172
Train_MinReturn : 101.42655944824219
Train_AverageEpLen : 86.95652173913044
Train_EnvstepsSoFar : 181151
TimeSinceStart : 71.971186876297
Training Loss : -0.0137181356549263
Baseline Loss : 0.3039209544658661
Initial_DataCollection_AverageReturn : 9.580930709838867
Done logging...




********** Iteration 89 ************

Beginning logging procedure...

Collecting data for eval...
Eval_AverageReturn : 167.33795166015625
Eval_StdReturn : 50.26432418823242
Eval_MaxReturn : 224.76976013183594
Eval_MinReturn : 73.90247344970703
Eval_AverageEpLen : 81.66666666666667
Train_AverageReturn : 193.38771057128906
Train_StdReturn : 36.31621551513672
Train_MaxReturn : 251.785400390625
Train_MinReturn : 79.90821075439453
Train_AverageEpLen : 91.13636363636364
Train_EnvstepsSoFar : 183156
TimeSinceStart : 72.92856812477112
Training Loss : -0.022130601108074188
Baseline Loss : 0.34233349561691284
Initial_DataCollection_AverageReturn : 9.580930709838867
Done logging...




********** Iteration 90 ************

Beginning logging procedure...

Collecting data for eval...
Eval_AverageReturn : 162.5244140625
Eval_StdReturn : 46.569400787353516
Eval_MaxReturn : 216.6442108154297
Eval_MinReturn : 77.14749908447266
Eval_AverageEpLen : 77.0
Train_AverageReturn : 190.4260711669922
Train_StdReturn : 29.9591007232666
Train_MaxReturn : 225.94920349121094
Train_MinReturn : 97.28330993652344
Train_AverageEpLen : 88.30434782608695
Train_EnvstepsSoFar : 185187
TimeSinceStart : 73.80126357078552
Training Loss : -0.003030146937817335
Baseline Loss : 0.3380487263202667
Initial_DataCollection_AverageReturn : 9.580930709838867
Done logging...




********** Iteration 91 ************

Beginning logging procedure...

Collecting data for eval...
Eval_AverageReturn : 208.1950225830078
Eval_StdReturn : 19.406661987304688
Eval_MaxReturn : 241.4873504638672
Eval_MinReturn : 185.6939697265625
Eval_AverageEpLen : 98.2
Train_AverageReturn : 193.95355224609375
Train_StdReturn : 26.926177978515625
Train_MaxReturn : 230.9669647216797
Train_MinReturn : 97.40409851074219
Train_AverageEpLen : 88.8695652173913
Train_EnvstepsSoFar : 187231
TimeSinceStart : 74.67322587966919
Training Loss : 0.0020221674349159002
Baseline Loss : 0.2491196244955063
Initial_DataCollection_AverageReturn : 9.580930709838867
Done logging...




********** Iteration 92 ************

Beginning logging procedure...

Collecting data for eval...
Eval_AverageReturn : 211.2421417236328
Eval_StdReturn : 17.845293045043945
Eval_MaxReturn : 240.27928161621094
Eval_MinReturn : 191.6079559326172
Eval_AverageEpLen : 100.0
Train_AverageReturn : 196.3580780029297
Train_StdReturn : 25.08968734741211
Train_MaxReturn : 221.67626953125
Train_MinReturn : 106.31478881835938
Train_AverageEpLen : 90.1304347826087
Train_EnvstepsSoFar : 189304
TimeSinceStart : 75.74092960357666
Training Loss : -0.010376259684562683
Baseline Loss : 0.26119381189346313
Initial_DataCollection_AverageReturn : 9.580930709838867
Done logging...




********** Iteration 93 ************

Beginning logging procedure...

Collecting data for eval...
Eval_AverageReturn : 202.98452758789062
Eval_StdReturn : 9.546669960021973
Eval_MaxReturn : 212.72259521484375
Eval_MinReturn : 187.23976135253906
Eval_AverageEpLen : 92.6
Train_AverageReturn : 201.75326538085938
Train_StdReturn : 13.906354904174805
Train_MaxReturn : 225.0799102783203
Train_MinReturn : 175.63380432128906
Train_AverageEpLen : 92.77272727272727
Train_EnvstepsSoFar : 191345
TimeSinceStart : 76.69018650054932
Training Loss : 0.002148058731108904
Baseline Loss : 0.1967870444059372
Initial_DataCollection_AverageReturn : 9.580930709838867
Done logging...




********** Iteration 94 ************

Beginning logging procedure...

Collecting data for eval...
Eval_AverageReturn : 186.2345428466797
Eval_StdReturn : 47.9542236328125
Eval_MaxReturn : 222.4761505126953
Eval_MinReturn : 91.40845489501953
Eval_AverageEpLen : 86.2
Train_AverageReturn : 202.705322265625
Train_StdReturn : 14.77375602722168
Train_MaxReturn : 228.70733642578125
Train_MinReturn : 165.7881317138672
Train_AverageEpLen : 92.54545454545455
Train_EnvstepsSoFar : 193381
TimeSinceStart : 77.53048825263977
Training Loss : 0.018585175275802612
Baseline Loss : 0.17928846180438995
Initial_DataCollection_AverageReturn : 9.580930709838867
Done logging...




********** Iteration 95 ************

Beginning logging procedure...

Collecting data for eval...
Eval_AverageReturn : 206.3971710205078
Eval_StdReturn : 7.911897659301758
Eval_MaxReturn : 220.94688415527344
Eval_MinReturn : 198.7591552734375
Eval_AverageEpLen : 93.2
Train_AverageReturn : 203.75587463378906
Train_StdReturn : 25.00470733642578
Train_MaxReturn : 233.2342529296875
Train_MinReturn : 101.55432891845703
Train_AverageEpLen : 93.63636363636364
Train_EnvstepsSoFar : 195441
TimeSinceStart : 78.4333438873291
Training Loss : 0.012116031721234322
Baseline Loss : 0.22749173641204834
Initial_DataCollection_AverageReturn : 9.580930709838867
Done logging...




********** Iteration 96 ************

Beginning logging procedure...

Collecting data for eval...
Eval_AverageReturn : 207.1981964111328
Eval_StdReturn : 10.633753776550293
Eval_MaxReturn : 223.6976776123047
Eval_MinReturn : 191.00424194335938
Eval_AverageEpLen : 92.6
Train_AverageReturn : 206.1578369140625
Train_StdReturn : 14.425239562988281
Train_MaxReturn : 237.58673095703125
Train_MinReturn : 174.93849182128906
Train_AverageEpLen : 95.9047619047619
Train_EnvstepsSoFar : 197455
TimeSinceStart : 79.14480233192444
Training Loss : 0.015861907973885536
Baseline Loss : 0.17169255018234253
Initial_DataCollection_AverageReturn : 9.580930709838867
Done logging...




********** Iteration 97 ************

Beginning logging procedure...

Collecting data for eval...
Eval_AverageReturn : 200.4198760986328
Eval_StdReturn : 19.08961296081543
Eval_MaxReturn : 214.2319793701172
Eval_MinReturn : 163.16537475585938
Eval_AverageEpLen : 90.6
Train_AverageReturn : 205.33766174316406
Train_StdReturn : 24.32988739013672
Train_MaxReturn : 250.198486328125
Train_MinReturn : 129.55596923828125
Train_AverageEpLen : 95.22727272727273
Train_EnvstepsSoFar : 199550
TimeSinceStart : 79.92594385147095
Training Loss : 0.008615783415734768
Baseline Loss : 0.20112818479537964
Initial_DataCollection_AverageReturn : 9.580930709838867
Done logging...




********** Iteration 98 ************

Beginning logging procedure...

Collecting data for eval...
Eval_AverageReturn : 212.84945678710938
Eval_StdReturn : 18.9962100982666
Eval_MaxReturn : 239.72117614746094
Eval_MinReturn : 181.67955017089844
Eval_AverageEpLen : 103.4
Train_AverageReturn : 206.06761169433594
Train_StdReturn : 27.213993072509766
Train_MaxReturn : 242.28451538085938
Train_MinReturn : 98.14362335205078
Train_AverageEpLen : 94.5
Train_EnvstepsSoFar : 201629
TimeSinceStart : 80.72832536697388
Training Loss : 0.016926510259509087
Baseline Loss : 0.2047310769557953
Initial_DataCollection_AverageReturn : 9.580930709838867
Done logging...




********** Iteration 99 ************

Beginning logging procedure...

Collecting data for eval...
Eval_AverageReturn : 197.1470489501953
Eval_StdReturn : 5.2829742431640625
Eval_MaxReturn : 204.04612731933594
Eval_MinReturn : 189.47898864746094
Eval_AverageEpLen : 91.8
Train_AverageReturn : 195.64834594726562
Train_StdReturn : 37.239131927490234
Train_MaxReturn : 248.61717224121094
Train_MinReturn : 83.37561798095703
Train_AverageEpLen : 91.31818181818181
Train_EnvstepsSoFar : 203638
TimeSinceStart : 81.47493505477905
Training Loss : 0.013467343524098396
Baseline Loss : 0.2951028347015381
Initial_DataCollection_AverageReturn : 9.580930709838867
Done logging...




********** Iteration 100 ************

Beginning logging procedure...

Collecting data for eval...
Eval_AverageReturn : 197.38229370117188
Eval_StdReturn : 27.151283264160156
Eval_MaxReturn : 229.133544921875
Eval_MinReturn : 149.02035522460938
Eval_AverageEpLen : 91.8
Train_AverageReturn : 195.19117736816406
Train_StdReturn : 40.57756423950195
Train_MaxReturn : 232.2645721435547
Train_MinReturn : 20.563716888427734
Train_AverageEpLen : 91.22727272727273
Train_EnvstepsSoFar : 205645
TimeSinceStart : 82.17687726020813
Training Loss : -0.06053928658366203
Baseline Loss : 0.25435855984687805
Initial_DataCollection_AverageReturn : 9.580930709838867
Done logging...




********** Iteration 101 ************

Beginning logging procedure...

Collecting data for eval...
Eval_AverageReturn : 204.19772338867188
Eval_StdReturn : 5.755785942077637
Eval_MaxReturn : 208.48052978515625
Eval_MinReturn : 193.10162353515625
Eval_AverageEpLen : 92.2
Train_AverageReturn : 203.58787536621094
Train_StdReturn : 25.818574905395508
Train_MaxReturn : 243.35581970214844
Train_MinReturn : 109.55978393554688
Train_AverageEpLen : 94.0
Train_EnvstepsSoFar : 207713
TimeSinceStart : 82.84037351608276
Training Loss : 0.0018862911965698004
Baseline Loss : 0.21590298414230347
Initial_DataCollection_AverageReturn : 9.580930709838867
Done logging...




********** Iteration 102 ************

Beginning logging procedure...

Collecting data for eval...
Eval_AverageReturn : 203.43673706054688
Eval_StdReturn : 17.134084701538086
Eval_MaxReturn : 221.8801727294922
Eval_MinReturn : 178.79238891601562
Eval_AverageEpLen : 94.6
Train_AverageReturn : 190.19309997558594
Train_StdReturn : 41.52872848510742
Train_MaxReturn : 226.00726318359375
Train_MinReturn : 59.688018798828125
Train_AverageEpLen : 89.8695652173913
Train_EnvstepsSoFar : 209780
TimeSinceStart : 83.5973572731018
Training Loss : 0.003570790169760585
Baseline Loss : 0.376108855009079
Initial_DataCollection_AverageReturn : 9.580930709838867
Done logging...




********** Iteration 103 ************

Beginning logging procedure...

Collecting data for eval...
Eval_AverageReturn : 201.46009826660156
Eval_StdReturn : 25.9576473236084
Eval_MaxReturn : 221.3253173828125
Eval_MinReturn : 150.5469512939453
Eval_AverageEpLen : 92.6
Train_AverageReturn : 204.75767517089844
Train_StdReturn : 31.74364471435547
Train_MaxReturn : 238.36424255371094
Train_MinReturn : 81.13236236572266
Train_AverageEpLen : 94.04545454545455
Train_EnvstepsSoFar : 211849
TimeSinceStart : 84.38878583908081
Training Loss : 0.03433285653591156
Baseline Loss : 0.2463516891002655
Initial_DataCollection_AverageReturn : 9.580930709838867
Done logging...




********** Iteration 104 ************

Beginning logging procedure...

Collecting data for eval...
Eval_AverageReturn : 209.86984252929688
Eval_StdReturn : 16.73720359802246
Eval_MaxReturn : 236.68313598632812
Eval_MinReturn : 183.88272094726562
Eval_AverageEpLen : 97.8
Train_AverageReturn : 206.4379119873047
Train_StdReturn : 21.9429988861084
Train_MaxReturn : 231.15982055664062
Train_MinReturn : 135.78013610839844
Train_AverageEpLen : 96.0952380952381
Train_EnvstepsSoFar : 213867
TimeSinceStart : 85.22162580490112
Training Loss : 0.016998903825879097
Baseline Loss : 0.19801853597164154
Initial_DataCollection_AverageReturn : 9.580930709838867
Done logging...




********** Iteration 105 ************

Beginning logging procedure...

Collecting data for eval...
Eval_AverageReturn : 202.43003845214844
Eval_StdReturn : 16.781230926513672
Eval_MaxReturn : 222.29547119140625
Eval_MinReturn : 179.14996337890625
Eval_AverageEpLen : 93.2
Train_AverageReturn : 211.40927124023438
Train_StdReturn : 20.658472061157227
Train_MaxReturn : 258.7750549316406
Train_MinReturn : 173.0538330078125
Train_AverageEpLen : 98.0
Train_EnvstepsSoFar : 215925
TimeSinceStart : 85.96926164627075
Training Loss : -0.004006046801805496
Baseline Loss : 0.14811861515045166
Initial_DataCollection_AverageReturn : 9.580930709838867
Done logging...




********** Iteration 106 ************

Beginning logging procedure...

Collecting data for eval...
Eval_AverageReturn : 205.088623046875
Eval_StdReturn : 13.704750061035156
Eval_MaxReturn : 221.0063018798828
Eval_MinReturn : 179.69403076171875
Eval_AverageEpLen : 94.2
Train_AverageReturn : 202.99623107910156
Train_StdReturn : 25.573261260986328
Train_MaxReturn : 225.790283203125
Train_MinReturn : 100.06770324707031
Train_AverageEpLen : 93.72727272727273
Train_EnvstepsSoFar : 217987
TimeSinceStart : 86.6722321510315
Training Loss : 0.037203289568424225
Baseline Loss : 0.20994219183921814
Initial_DataCollection_AverageReturn : 9.580930709838867
Done logging...




********** Iteration 107 ************

Beginning logging procedure...

Collecting data for eval...
Eval_AverageReturn : 208.04324340820312
Eval_StdReturn : 11.682005882263184
Eval_MaxReturn : 222.51583862304688
Eval_MinReturn : 189.8730926513672
Eval_AverageEpLen : 93.8
Train_AverageReturn : 197.70654296875
Train_StdReturn : 39.78403091430664
Train_MaxReturn : 239.65872192382812
Train_MinReturn : 72.32499694824219
Train_AverageEpLen : 92.5909090909091
Train_EnvstepsSoFar : 220024
TimeSinceStart : 87.38545441627502
Training Loss : 0.025785798206925392
Baseline Loss : 0.30452385544776917
Initial_DataCollection_AverageReturn : 9.580930709838867
Done logging...




********** Iteration 108 ************

Beginning logging procedure...

Collecting data for eval...
Eval_AverageReturn : 206.30252075195312
Eval_StdReturn : 9.240145683288574
Eval_MaxReturn : 223.10304260253906
Eval_MinReturn : 196.35919189453125
Eval_AverageEpLen : 96.6
Train_AverageReturn : 209.1772918701172
Train_StdReturn : 17.65157699584961
Train_MaxReturn : 228.20668029785156
Train_MinReturn : 151.2753448486328
Train_AverageEpLen : 96.38095238095238
Train_EnvstepsSoFar : 222048
TimeSinceStart : 88.19688749313354
Training Loss : -0.011430044658482075
Baseline Loss : 0.17873471975326538
Initial_DataCollection_AverageReturn : 9.580930709838867
Done logging...




********** Iteration 109 ************

Beginning logging procedure...

Collecting data for eval...
Eval_AverageReturn : 185.73922729492188
Eval_StdReturn : 49.14883804321289
Eval_MaxReturn : 218.9787139892578
Eval_MinReturn : 88.11788177490234
Eval_AverageEpLen : 86.4
Train_AverageReturn : 207.22935485839844
Train_StdReturn : 30.809249877929688
Train_MaxReturn : 231.35922241210938
Train_MinReturn : 76.02186584472656
Train_AverageEpLen : 95.28571428571429
Train_EnvstepsSoFar : 224049
TimeSinceStart : 88.8879873752594
Training Loss : -0.050964806228876114
Baseline Loss : 0.2205296903848648
Initial_DataCollection_AverageReturn : 9.580930709838867
Done logging...




********** Iteration 110 ************

Beginning logging procedure...

Collecting data for eval...
Eval_AverageReturn : 210.4556121826172
Eval_StdReturn : 11.084451675415039
Eval_MaxReturn : 230.30970764160156
Eval_MinReturn : 196.89134216308594
Eval_AverageEpLen : 97.6
Train_AverageReturn : 201.29946899414062
Train_StdReturn : 43.54491424560547
Train_MaxReturn : 250.00196838378906
Train_MinReturn : 49.1098747253418
Train_AverageEpLen : 92.95454545454545
Train_EnvstepsSoFar : 226094
TimeSinceStart : 89.59386014938354
Training Loss : 0.02740189991891384
Baseline Loss : 0.28496190905570984
Initial_DataCollection_AverageReturn : 9.580930709838867
Done logging...




********** Iteration 111 ************

Beginning logging procedure...

Collecting data for eval...
Eval_AverageReturn : 211.6405487060547
Eval_StdReturn : 14.066089630126953
Eval_MaxReturn : 228.93447875976562
Eval_MinReturn : 187.74862670898438
Eval_AverageEpLen : 94.8
Train_AverageReturn : 210.53213500976562
Train_StdReturn : 14.730649948120117
Train_MaxReturn : 236.8287353515625
Train_MinReturn : 177.30625915527344
Train_AverageEpLen : 98.47619047619048
Train_EnvstepsSoFar : 228162
TimeSinceStart : 90.4095184803009
Training Loss : -0.024389123544096947
Baseline Loss : 0.2281564623117447
Initial_DataCollection_AverageReturn : 9.580930709838867
Done logging...




********** Iteration 112 ************

Beginning logging procedure...

Collecting data for eval...
Eval_AverageReturn : 222.25233459472656
Eval_StdReturn : 12.603009223937988
Eval_MaxReturn : 243.77105712890625
Eval_MinReturn : 212.02105712890625
Eval_AverageEpLen : 106.5
Train_AverageReturn : 206.63946533203125
Train_StdReturn : 18.23734474182129
Train_MaxReturn : 232.05918884277344
Train_MinReturn : 144.82119750976562
Train_AverageEpLen : 97.95238095238095
Train_EnvstepsSoFar : 230219
TimeSinceStart : 91.2310721874237
Training Loss : 0.015935806557536125
Baseline Loss : 0.3514246642589569
Initial_DataCollection_AverageReturn : 9.580930709838867
Done logging...




********** Iteration 113 ************

Beginning logging procedure...

Collecting data for eval...
Eval_AverageReturn : 211.866455078125
Eval_StdReturn : 6.264327049255371
Eval_MaxReturn : 219.4998779296875
Eval_MinReturn : 203.88629150390625
Eval_AverageEpLen : 96.4
Train_AverageReturn : 202.5417022705078
Train_StdReturn : 28.801788330078125
Train_MaxReturn : 235.76666259765625
Train_MinReturn : 117.97409057617188
Train_AverageEpLen : 95.22727272727273
Train_EnvstepsSoFar : 232314
TimeSinceStart : 91.96364903450012
Training Loss : -0.046672526746988297
Baseline Loss : 0.1920882910490036
Initial_DataCollection_AverageReturn : 9.580930709838867
Done logging...




********** Iteration 114 ************

Beginning logging procedure...

Collecting data for eval...
Eval_AverageReturn : 214.6576385498047
Eval_StdReturn : 8.904653549194336
Eval_MaxReturn : 222.59451293945312
Eval_MinReturn : 199.60220336914062
Eval_AverageEpLen : 101.75
Train_AverageReturn : 212.20724487304688
Train_StdReturn : 11.181238174438477
Train_MaxReturn : 233.1994171142578
Train_MinReturn : 189.9888916015625
Train_AverageEpLen : 98.52380952380952
Train_EnvstepsSoFar : 234383
TimeSinceStart : 92.69113564491272
Training Loss : 0.01381890382617712
Baseline Loss : 0.1363268941640854
Initial_DataCollection_AverageReturn : 9.580930709838867
Done logging...




********** Iteration 115 ************

Beginning logging procedure...

Collecting data for eval...
Eval_AverageReturn : 210.69613647460938
Eval_StdReturn : 8.04892635345459
Eval_MaxReturn : 220.5980224609375
Eval_MinReturn : 196.75332641601562
Eval_AverageEpLen : 95.0
Train_AverageReturn : 214.51873779296875
Train_StdReturn : 11.463530540466309
Train_MaxReturn : 230.09054565429688
Train_MinReturn : 179.24322509765625
Train_AverageEpLen : 99.42857142857143
Train_EnvstepsSoFar : 236471
TimeSinceStart : 93.4707202911377
Training Loss : 0.008790443651378155
Baseline Loss : 0.14848190546035767
Initial_DataCollection_AverageReturn : 9.580930709838867
Done logging...




********** Iteration 116 ************

Beginning logging procedure...

Collecting data for eval...
Eval_AverageReturn : 211.0781707763672
Eval_StdReturn : 8.023948669433594
Eval_MaxReturn : 221.7021484375
Eval_MinReturn : 200.2449493408203
Eval_AverageEpLen : 94.6
Train_AverageReturn : 211.152587890625
Train_StdReturn : 33.34682083129883
Train_MaxReturn : 251.65151977539062
Train_MinReturn : 89.54438781738281
Train_AverageEpLen : 101.7
Train_EnvstepsSoFar : 238505
TimeSinceStart : 94.25599479675293
Training Loss : -0.050331998616456985
Baseline Loss : 0.31441670656204224
Initial_DataCollection_AverageReturn : 9.580930709838867
Done logging...




********** Iteration 117 ************

Beginning logging procedure...

Collecting data for eval...
Eval_AverageReturn : 213.4424591064453
Eval_StdReturn : 14.722603797912598
Eval_MaxReturn : 228.31753540039062
Eval_MinReturn : 187.2046661376953
Eval_AverageEpLen : 97.6
Train_AverageReturn : 219.3730010986328
Train_StdReturn : 13.771738052368164
Train_MaxReturn : 259.47802734375
Train_MinReturn : 200.88804626464844
Train_AverageEpLen : 103.85
Train_EnvstepsSoFar : 240582
TimeSinceStart : 94.99144554138184
Training Loss : -0.05986619368195534
Baseline Loss : 0.14710304141044617
Initial_DataCollection_AverageReturn : 9.580930709838867
Done logging...




********** Iteration 118 ************

Beginning logging procedure...

Collecting data for eval...
Eval_AverageReturn : 215.644287109375
Eval_StdReturn : 12.26153564453125
Eval_MaxReturn : 235.41079711914062
Eval_MinReturn : 197.43125915527344
Eval_AverageEpLen : 98.0
Train_AverageReturn : 216.360107421875
Train_StdReturn : 14.313018798828125
Train_MaxReturn : 237.72772216796875
Train_MinReturn : 176.0226593017578
Train_AverageEpLen : 100.1
Train_EnvstepsSoFar : 242584
TimeSinceStart : 95.78294849395752
Training Loss : -0.026971982792019844
Baseline Loss : 0.1201273649930954
Initial_DataCollection_AverageReturn : 9.580930709838867
Done logging...




********** Iteration 119 ************

Beginning logging procedure...

Collecting data for eval...
Eval_AverageReturn : 217.64370727539062
Eval_StdReturn : 4.923388481140137
Eval_MaxReturn : 224.1773223876953
Eval_MinReturn : 211.2240753173828
Eval_AverageEpLen : 99.0
Train_AverageReturn : 212.5104522705078
Train_StdReturn : 16.209657669067383
Train_MaxReturn : 239.6934814453125
Train_MinReturn : 172.8694305419922
Train_AverageEpLen : 100.8
Train_EnvstepsSoFar : 244600
TimeSinceStart : 96.59916281700134
Training Loss : -0.0011336860479786992
Baseline Loss : 0.14478883147239685
Initial_DataCollection_AverageReturn : 9.580930709838867
Done logging...




********** Iteration 120 ************

Beginning logging procedure...

Collecting data for eval...
Eval_AverageReturn : 217.6014404296875
Eval_StdReturn : 3.2656548023223877
Eval_MaxReturn : 222.35757446289062
Eval_MinReturn : 212.87779235839844
Eval_AverageEpLen : 97.0
Train_AverageReturn : 214.4171905517578
Train_StdReturn : 22.47991371154785
Train_MaxReturn : 261.83203125
Train_MinReturn : 134.14938354492188
Train_AverageEpLen : 100.9
Train_EnvstepsSoFar : 246618
TimeSinceStart : 97.31507396697998
Training Loss : -0.02080656960606575
Baseline Loss : 0.178022101521492
Initial_DataCollection_AverageReturn : 9.580930709838867
Done logging...




********** Iteration 121 ************

Beginning logging procedure...

Collecting data for eval...
Eval_AverageReturn : 227.80374145507812
Eval_StdReturn : 10.320457458496094
Eval_MaxReturn : 238.83750915527344
Eval_MinReturn : 213.52476501464844
Eval_AverageEpLen : 107.75
Train_AverageReturn : 217.7005157470703
Train_StdReturn : 9.939881324768066
Train_MaxReturn : 244.3282470703125
Train_MinReturn : 203.31919860839844
Train_AverageEpLen : 103.0
Train_EnvstepsSoFar : 248678
TimeSinceStart : 98.10593795776367
Training Loss : -0.037873197346925735
Baseline Loss : 0.13966649770736694
Initial_DataCollection_AverageReturn : 9.580930709838867
Done logging...




********** Iteration 122 ************

Beginning logging procedure...

Collecting data for eval...
Eval_AverageReturn : 200.69088745117188
Eval_StdReturn : 34.81462860107422
Eval_MaxReturn : 227.7865753173828
Eval_MinReturn : 134.60321044921875
Eval_AverageEpLen : 99.4
Train_AverageReturn : 206.85186767578125
Train_StdReturn : 21.24915885925293
Train_MaxReturn : 232.49090576171875
Train_MinReturn : 133.12841796875
Train_AverageEpLen : 97.66666666666667
Train_EnvstepsSoFar : 250729
TimeSinceStart : 98.86908054351807
Training Loss : -0.010116493329405785
Baseline Loss : 0.20220442116260529
Initial_DataCollection_AverageReturn : 9.580930709838867
Done logging...




********** Iteration 123 ************

Beginning logging procedure...

Collecting data for eval...
Eval_AverageReturn : 229.16506958007812
Eval_StdReturn : 4.035578727722168
Eval_MaxReturn : 233.1893768310547
Eval_MinReturn : 224.43670654296875
Eval_AverageEpLen : 110.25
Train_AverageReturn : 214.8455810546875
Train_StdReturn : 17.10161590576172
Train_MaxReturn : 241.44187927246094
Train_MinReturn : 158.61390686035156
Train_AverageEpLen : 102.05
Train_EnvstepsSoFar : 252770
TimeSinceStart : 99.60166811943054
Training Loss : -0.025560274720191956
Baseline Loss : 0.21621555089950562
Initial_DataCollection_AverageReturn : 9.580930709838867
Done logging...




********** Iteration 124 ************

Beginning logging procedure...

Collecting data for eval...
Eval_AverageReturn : 219.5365753173828
Eval_StdReturn : 5.338015556335449
Eval_MaxReturn : 226.7259063720703
Eval_MinReturn : 212.4427490234375
Eval_AverageEpLen : 99.4
Train_AverageReturn : 224.92330932617188
Train_StdReturn : 13.855398178100586
Train_MaxReturn : 263.36126708984375
Train_MinReturn : 205.46571350097656
Train_AverageEpLen : 106.78947368421052
Train_EnvstepsSoFar : 254799
TimeSinceStart : 100.37308263778687
Training Loss : 0.0053219860419631
Baseline Loss : 0.13092860579490662
Initial_DataCollection_AverageReturn : 9.580930709838867
Done logging...




********** Iteration 125 ************

Beginning logging procedure...

Collecting data for eval...
Eval_AverageReturn : 220.30523681640625
Eval_StdReturn : 16.122739791870117
Eval_MaxReturn : 245.54354858398438
Eval_MinReturn : 201.12257385253906
Eval_AverageEpLen : 101.5
Train_AverageReturn : 221.10317993164062
Train_StdReturn : 17.353635787963867
Train_MaxReturn : 275.84967041015625
Train_MinReturn : 183.00125122070312
Train_AverageEpLen : 104.45
Train_EnvstepsSoFar : 256888
TimeSinceStart : 101.05596351623535
Training Loss : -0.012326718308031559
Baseline Loss : 0.12708528339862823
Initial_DataCollection_AverageReturn : 9.580930709838867
Done logging...




********** Iteration 126 ************

Beginning logging procedure...

Collecting data for eval...
Eval_AverageReturn : 209.80819702148438
Eval_StdReturn : 10.038484573364258
Eval_MaxReturn : 222.12942504882812
Eval_MinReturn : 196.4805908203125
Eval_AverageEpLen : 95.6
Train_AverageReturn : 223.0137939453125
Train_StdReturn : 18.209409713745117
Train_MaxReturn : 277.3479309082031
Train_MinReturn : 189.66796875
Train_AverageEpLen : 107.94736842105263
Train_EnvstepsSoFar : 258939
TimeSinceStart : 101.91322159767151
Training Loss : 0.024167533963918686
Baseline Loss : 0.17254523932933807
Initial_DataCollection_AverageReturn : 9.580930709838867
Done logging...




********** Iteration 127 ************

Beginning logging procedure...

Collecting data for eval...
Eval_AverageReturn : 227.7747802734375
Eval_StdReturn : 18.854387283325195
Eval_MaxReturn : 260.39208984375
Eval_MinReturn : 215.4896240234375
Eval_AverageEpLen : 110.75
Train_AverageReturn : 222.3721466064453
Train_StdReturn : 16.94999122619629
Train_MaxReturn : 252.9583282470703
Train_MinReturn : 193.43032836914062
Train_AverageEpLen : 105.7
Train_EnvstepsSoFar : 261053
TimeSinceStart : 102.69473576545715
Training Loss : 0.016787046566605568
Baseline Loss : 0.1223984882235527
Initial_DataCollection_AverageReturn : 9.580930709838867
Done logging...




********** Iteration 128 ************

Beginning logging procedure...

Collecting data for eval...
Eval_AverageReturn : 231.06829833984375
Eval_StdReturn : 13.921829223632812
Eval_MaxReturn : 248.36013793945312
Eval_MinReturn : 210.02967834472656
Eval_AverageEpLen : 109.0
Train_AverageReturn : 218.27313232421875
Train_StdReturn : 14.820954322814941
Train_MaxReturn : 248.88357543945312
Train_MinReturn : 187.80259704589844
Train_AverageEpLen : 105.3157894736842
Train_EnvstepsSoFar : 263054
TimeSinceStart : 103.41924548149109
Training Loss : 5.713610153179616e-05
Baseline Loss : 0.1530546247959137
Initial_DataCollection_AverageReturn : 9.580930709838867
Done logging...




********** Iteration 129 ************

Beginning logging procedure...

Collecting data for eval...
Eval_AverageReturn : 236.57992553710938
Eval_StdReturn : 24.36055564880371
Eval_MaxReturn : 275.7149658203125
Eval_MinReturn : 210.4210968017578
Eval_AverageEpLen : 118.25
Train_AverageReturn : 228.69464111328125
Train_StdReturn : 24.709022521972656
Train_MaxReturn : 264.8946533203125
Train_MinReturn : 175.17674255371094
Train_AverageEpLen : 111.5
Train_EnvstepsSoFar : 265061
TimeSinceStart : 104.11647844314575
Training Loss : 0.032891809940338135
Baseline Loss : 0.17896509170532227
Initial_DataCollection_AverageReturn : 9.580930709838867
Done logging...




********** Iteration 130 ************

Beginning logging procedure...

Collecting data for eval...
Eval_AverageReturn : 194.30029296875
Eval_StdReturn : 77.20601654052734
Eval_MaxReturn : 240.97926330566406
Eval_MinReturn : 40.58767318725586
Eval_AverageEpLen : 94.2
Train_AverageReturn : 230.29388427734375
Train_StdReturn : 18.12529945373535
Train_MaxReturn : 269.39739990234375
Train_MinReturn : 204.33834838867188
Train_AverageEpLen : 114.55555555555556
Train_EnvstepsSoFar : 267123
TimeSinceStart : 104.85590934753418
Training Loss : -0.0031470688991248608
Baseline Loss : 0.14760704338550568
Initial_DataCollection_AverageReturn : 9.580930709838867
Done logging...




********** Iteration 131 ************

Beginning logging procedure...

Collecting data for eval...
Eval_AverageReturn : 208.80661010742188
Eval_StdReturn : 27.40513038635254
Eval_MaxReturn : 237.66079711914062
Eval_MinReturn : 159.4062957763672
Eval_AverageEpLen : 102.6
Train_AverageReturn : 233.7593536376953
Train_StdReturn : 15.83305835723877
Train_MaxReturn : 259.5005187988281
Train_MinReturn : 201.75306701660156
Train_AverageEpLen : 113.55555555555556
Train_EnvstepsSoFar : 269167
TimeSinceStart : 105.64735245704651
Training Loss : 0.05303378030657768
Baseline Loss : 0.13243144750595093
Initial_DataCollection_AverageReturn : 9.580930709838867
Done logging...




********** Iteration 132 ************

Beginning logging procedure...

Collecting data for eval...
Eval_AverageReturn : 227.20053100585938
Eval_StdReturn : 7.553579807281494
Eval_MaxReturn : 235.25271606445312
Eval_MinReturn : 216.5753631591797
Eval_AverageEpLen : 105.0
Train_AverageReturn : 222.7097625732422
Train_StdReturn : 16.851581573486328
Train_MaxReturn : 252.80502319335938
Train_MinReturn : 189.28834533691406
Train_AverageEpLen : 110.0
Train_EnvstepsSoFar : 271257
TimeSinceStart : 106.44107055664062
Training Loss : -0.018994150683283806
Baseline Loss : 0.22082170844078064
Initial_DataCollection_AverageReturn : 9.580930709838867
Done logging...




********** Iteration 133 ************

Beginning logging procedure...

Collecting data for eval...
Eval_AverageReturn : 249.72068786621094
Eval_StdReturn : 43.290931701660156
Eval_MaxReturn : 323.72576904296875
Eval_MinReturn : 214.72348022460938
Eval_AverageEpLen : 124.75
Train_AverageReturn : 219.97543334960938
Train_StdReturn : 26.413583755493164
Train_MaxReturn : 250.7538604736328
Train_MinReturn : 123.23834228515625
Train_AverageEpLen : 106.47368421052632
Train_EnvstepsSoFar : 273280
TimeSinceStart : 107.37804102897644
Training Loss : -0.07950759679079056
Baseline Loss : 0.2107427567243576
Initial_DataCollection_AverageReturn : 9.580930709838867
Done logging...




********** Iteration 134 ************

Beginning logging procedure...

Collecting data for eval...
Eval_AverageReturn : 233.39430236816406
Eval_StdReturn : 10.223959922790527
Eval_MaxReturn : 250.4900665283203
Eval_MinReturn : 223.95497131347656
Eval_AverageEpLen : 109.25
Train_AverageReturn : 232.86419677734375
Train_StdReturn : 18.170379638671875
Train_MaxReturn : 280.0167541503906
Train_MinReturn : 211.5417022705078
Train_AverageEpLen : 113.27777777777777
Train_EnvstepsSoFar : 275319
TimeSinceStart : 108.29102063179016
Training Loss : -0.01270770188421011
Baseline Loss : 0.1537790447473526
Initial_DataCollection_AverageReturn : 9.580930709838867
Done logging...




********** Iteration 135 ************

Beginning logging procedure...

Collecting data for eval...
Eval_AverageReturn : 261.9596862792969
Eval_StdReturn : 47.7215461730957
Eval_MaxReturn : 328.12078857421875
Eval_MinReturn : 217.3443145751953
Eval_AverageEpLen : 136.0
Train_AverageReturn : 220.82118225097656
Train_StdReturn : 38.46253967285156
Train_MaxReturn : 275.8021240234375
Train_MinReturn : 74.5815200805664
Train_AverageEpLen : 106.47368421052632
Train_EnvstepsSoFar : 277342
TimeSinceStart : 109.14333128929138
Training Loss : 0.028639694675803185
Baseline Loss : 0.22948135435581207
Initial_DataCollection_AverageReturn : 9.580930709838867
Done logging...




********** Iteration 136 ************

Beginning logging procedure...

Collecting data for eval...
Eval_AverageReturn : 238.98980712890625
Eval_StdReturn : 21.744367599487305
Eval_MaxReturn : 266.7478942871094
Eval_MinReturn : 211.88497924804688
Eval_AverageEpLen : 118.0
Train_AverageReturn : 217.39093017578125
Train_StdReturn : 46.36786651611328
Train_MaxReturn : 268.0153503417969
Train_MinReturn : 31.97787857055664
Train_AverageEpLen : 109.84210526315789
Train_EnvstepsSoFar : 279429
TimeSinceStart : 110.07380628585815
Training Loss : -0.011579223908483982
Baseline Loss : 0.5054104328155518
Initial_DataCollection_AverageReturn : 9.580930709838867
Done logging...




********** Iteration 137 ************

Beginning logging procedure...

Collecting data for eval...
Eval_AverageReturn : 218.58766174316406
Eval_StdReturn : 8.81058406829834
Eval_MaxReturn : 227.44151306152344
Eval_MinReturn : 204.02085876464844
Eval_AverageEpLen : 106.0
Train_AverageReturn : 231.12301635742188
Train_StdReturn : 40.9013557434082
Train_MaxReturn : 277.6556396484375
Train_MinReturn : 83.12354278564453
Train_AverageEpLen : 114.94444444444444
Train_EnvstepsSoFar : 281498
TimeSinceStart : 111.04772281646729
Training Loss : -0.034774478524923325
Baseline Loss : 0.3335491716861725
Initial_DataCollection_AverageReturn : 9.580930709838867
Done logging...




********** Iteration 138 ************

Beginning logging procedure...

Collecting data for eval...
Eval_AverageReturn : 219.4069061279297
Eval_StdReturn : 21.38150978088379
Eval_MaxReturn : 240.850830078125
Eval_MinReturn : 192.5936737060547
Eval_AverageEpLen : 116.0
Train_AverageReturn : 222.93020629882812
Train_StdReturn : 43.881187438964844
Train_MaxReturn : 296.504638671875
Train_MinReturn : 59.868038177490234
Train_AverageEpLen : 108.57894736842105
Train_EnvstepsSoFar : 283561
TimeSinceStart : 111.89042520523071
Training Loss : 0.031086187809705734
Baseline Loss : 0.10762853175401688
Initial_DataCollection_AverageReturn : 9.580930709838867
Done logging...




********** Iteration 139 ************

Beginning logging procedure...

Collecting data for eval...
Eval_AverageReturn : 230.22842407226562
Eval_StdReturn : 2.484633207321167
Eval_MaxReturn : 233.3571014404297
Eval_MinReturn : 226.41104125976562
Eval_AverageEpLen : 107.0
Train_AverageReturn : 228.56317138671875
Train_StdReturn : 34.37891387939453
Train_MaxReturn : 285.74420166015625
Train_MinReturn : 106.73677062988281
Train_AverageEpLen : 113.22222222222223
Train_EnvstepsSoFar : 285599
TimeSinceStart : 112.8605682849884
Training Loss : 0.028079569339752197
Baseline Loss : 0.246027871966362
Initial_DataCollection_AverageReturn : 9.580930709838867
Done logging...




********** Iteration 140 ************

Beginning logging procedure...

Collecting data for eval...
Eval_AverageReturn : 199.09251403808594
Eval_StdReturn : 48.91917037963867
Eval_MaxReturn : 244.9430694580078
Eval_MinReturn : 122.49510192871094
Eval_AverageEpLen : 97.6
Train_AverageReturn : 217.05026245117188
Train_StdReturn : 55.22513961791992
Train_MaxReturn : 284.3851318359375
Train_MinReturn : 10.510217666625977
Train_AverageEpLen : 108.42105263157895
Train_EnvstepsSoFar : 287659
TimeSinceStart : 113.7675633430481
Training Loss : -0.001416069339029491
Baseline Loss : 0.3713139593601227
Initial_DataCollection_AverageReturn : 9.580930709838867
Done logging...




********** Iteration 141 ************

Beginning logging procedure...

Collecting data for eval...
Eval_AverageReturn : 242.00497436523438
Eval_StdReturn : 32.82350158691406
Eval_MaxReturn : 298.4346923828125
Eval_MinReturn : 219.59332275390625
Eval_AverageEpLen : 120.5
Train_AverageReturn : 209.27024841308594
Train_StdReturn : 43.68526840209961
Train_MaxReturn : 259.44122314453125
Train_MinReturn : 102.94651794433594
Train_AverageEpLen : 105.52631578947368
Train_EnvstepsSoFar : 289664
TimeSinceStart : 114.66496324539185
Training Loss : -0.021922625601291656
Baseline Loss : 0.3190869987010956
Initial_DataCollection_AverageReturn : 9.580930709838867
Done logging...




********** Iteration 142 ************

Beginning logging procedure...

Collecting data for eval...
Eval_AverageReturn : 223.7582550048828
Eval_StdReturn : 9.273374557495117
Eval_MaxReturn : 232.69886779785156
Eval_MinReturn : 208.66900634765625
Eval_AverageEpLen : 107.75
Train_AverageReturn : 224.6689453125
Train_StdReturn : 27.932580947875977
Train_MaxReturn : 262.3443603515625
Train_MinReturn : 128.82574462890625
Train_AverageEpLen : 113.5
Train_EnvstepsSoFar : 291707
TimeSinceStart : 115.55176973342896
Training Loss : -0.0040160417556762695
Baseline Loss : 0.2373386025428772
Initial_DataCollection_AverageReturn : 9.580930709838867
Done logging...




********** Iteration 143 ************

Beginning logging procedure...

Collecting data for eval...
Eval_AverageReturn : 231.34356689453125
Eval_StdReturn : 12.645116806030273
Eval_MaxReturn : 252.8072509765625
Eval_MinReturn : 220.25436401367188
Eval_AverageEpLen : 111.25
Train_AverageReturn : 223.13226318359375
Train_StdReturn : 29.13959312438965
Train_MaxReturn : 278.5189208984375
Train_MinReturn : 146.30532836914062
Train_AverageEpLen : 111.16666666666667
Train_EnvstepsSoFar : 293708
TimeSinceStart : 116.45433139801025
Training Loss : 0.01137328241020441
Baseline Loss : 0.32775557041168213
Initial_DataCollection_AverageReturn : 9.580930709838867
Done logging...




********** Iteration 144 ************

Beginning logging procedure...

Collecting data for eval...
Eval_AverageReturn : 241.29443359375
Eval_StdReturn : 17.819110870361328
Eval_MaxReturn : 261.88519287109375
Eval_MinReturn : 213.65304565429688
Eval_AverageEpLen : 126.25
Train_AverageReturn : 243.5613555908203
Train_StdReturn : 21.28578758239746
Train_MaxReturn : 277.25384521484375
Train_MinReturn : 207.0197296142578
Train_AverageEpLen : 123.6470588235294
Train_EnvstepsSoFar : 295810
TimeSinceStart : 117.43717932701111
Training Loss : -0.03474095091223717
Baseline Loss : 0.12718455493450165
Initial_DataCollection_AverageReturn : 9.580930709838867
Done logging...




********** Iteration 145 ************

Beginning logging procedure...

Collecting data for eval...
Eval_AverageReturn : 258.89788818359375
Eval_StdReturn : 16.313400268554688
Eval_MaxReturn : 282.09759521484375
Eval_MinReturn : 239.61697387695312
Eval_AverageEpLen : 129.25
Train_AverageReturn : 240.43643188476562
Train_StdReturn : 40.173133850097656
Train_MaxReturn : 311.35333251953125
Train_MinReturn : 151.63356018066406
Train_AverageEpLen : 124.0
Train_EnvstepsSoFar : 297918
TimeSinceStart : 118.3226056098938
Training Loss : 0.01104705035686493
Baseline Loss : 0.23500825464725494
Initial_DataCollection_AverageReturn : 9.580930709838867
Done logging...




********** Iteration 146 ************

Beginning logging procedure...

Collecting data for eval...
Eval_AverageReturn : 252.24197387695312
Eval_StdReturn : 24.358110427856445
Eval_MaxReturn : 290.95709228515625
Eval_MinReturn : 223.6806640625
Eval_AverageEpLen : 133.5
Train_AverageReturn : 237.3561553955078
Train_StdReturn : 23.330636978149414
Train_MaxReturn : 293.5051574707031
Train_MinReturn : 189.911865234375
Train_AverageEpLen : 119.6470588235294
Train_EnvstepsSoFar : 299952
TimeSinceStart : 119.2544732093811
Training Loss : -0.0658096894621849
Baseline Loss : 0.14492744207382202
Initial_DataCollection_AverageReturn : 9.580930709838867
Done logging...




********** Iteration 147 ************

Beginning logging procedure...

Collecting data for eval...
Eval_AverageReturn : 239.50186157226562
Eval_StdReturn : 15.13643741607666
Eval_MaxReturn : 258.268310546875
Eval_MinReturn : 221.79461669921875
Eval_AverageEpLen : 111.75
Train_AverageReturn : 245.90655517578125
Train_StdReturn : 22.734256744384766
Train_MaxReturn : 289.7391052246094
Train_MinReturn : 216.44308471679688
Train_AverageEpLen : 128.25
Train_EnvstepsSoFar : 302004
TimeSinceStart : 120.21006393432617
Training Loss : -0.009889526292681694
Baseline Loss : 0.12978646159172058
Initial_DataCollection_AverageReturn : 9.580930709838867
Done logging...




********** Iteration 148 ************

Beginning logging procedure...

Collecting data for eval...
Eval_AverageReturn : 218.64883422851562
Eval_StdReturn : 16.289947509765625
Eval_MaxReturn : 235.26394653320312
Eval_MinReturn : 201.75143432617188
Eval_AverageEpLen : 102.75
Train_AverageReturn : 242.0676727294922
Train_StdReturn : 22.299861907958984
Train_MaxReturn : 292.6734619140625
Train_MinReturn : 211.62393188476562
Train_AverageEpLen : 121.05882352941177
Train_EnvstepsSoFar : 304062
TimeSinceStart : 121.0886402130127
Training Loss : -0.021781308576464653
Baseline Loss : 0.1490441858768463
Initial_DataCollection_AverageReturn : 9.580930709838867
Done logging...




********** Iteration 149 ************

Beginning logging procedure...

Collecting data for eval...
Eval_AverageReturn : 236.94493103027344
Eval_StdReturn : 18.811182022094727
Eval_MaxReturn : 258.199951171875
Eval_MinReturn : 207.6396942138672
Eval_AverageEpLen : 120.5
Train_AverageReturn : 256.6982421875
Train_StdReturn : 24.774253845214844
Train_MaxReturn : 318.6611022949219
Train_MinReturn : 217.26766967773438
Train_AverageEpLen : 134.8
Train_EnvstepsSoFar : 306084
TimeSinceStart : 122.02964186668396
Training Loss : 0.014074122533202171
Baseline Loss : 0.13760311901569366
Initial_DataCollection_AverageReturn : 9.580930709838867
Done logging...




********** Iteration 150 ************

Beginning logging procedure...

Collecting data for eval...
Eval_AverageReturn : 284.21240234375
Eval_StdReturn : 54.11642074584961
Eval_MaxReturn : 358.7305603027344
Eval_MinReturn : 231.8482666015625
Eval_AverageEpLen : 165.33333333333334
Train_AverageReturn : 235.32562255859375
Train_StdReturn : 67.0921630859375
Train_MaxReturn : 309.9219970703125
Train_MinReturn : 12.715028762817383
Train_AverageEpLen : 125.29411764705883
Train_EnvstepsSoFar : 308214
TimeSinceStart : 123.02433681488037
Training Loss : -0.02013133279979229
Baseline Loss : 0.42751196026802063
Initial_DataCollection_AverageReturn : 9.580930709838867
Done logging...




********** Iteration 151 ************

Beginning logging procedure...

Collecting data for eval...
Eval_AverageReturn : 293.3369140625
Eval_StdReturn : 22.732669830322266
Eval_MaxReturn : 319.5646667480469
Eval_MinReturn : 264.1221008300781
Eval_AverageEpLen : 174.66666666666666
Train_AverageReturn : 241.0751953125
Train_StdReturn : 35.35857391357422
Train_MaxReturn : 288.408203125
Train_MinReturn : 152.60751342773438
Train_AverageEpLen : 123.52941176470588
Train_EnvstepsSoFar : 310314
TimeSinceStart : 123.94399237632751
Training Loss : 0.05877108871936798
Baseline Loss : 0.21639896929264069
Initial_DataCollection_AverageReturn : 9.580930709838867
Done logging...




********** Iteration 152 ************

Beginning logging procedure...

Collecting data for eval...
Eval_AverageReturn : 277.0497741699219
Eval_StdReturn : 12.576574325561523
Eval_MaxReturn : 287.71466064453125
Eval_MinReturn : 259.3905029296875
Eval_AverageEpLen : 152.0
Train_AverageReturn : 236.03895568847656
Train_StdReturn : 35.62624740600586
Train_MaxReturn : 282.86993408203125
Train_MinReturn : 141.1772918701172
Train_AverageEpLen : 117.5
Train_EnvstepsSoFar : 312429
TimeSinceStart : 124.84590196609497
Training Loss : -0.029196135699748993
Baseline Loss : 0.21616174280643463
Initial_DataCollection_AverageReturn : 9.580930709838867
Done logging...




********** Iteration 153 ************

Beginning logging procedure...

Collecting data for eval...
Eval_AverageReturn : 242.93783569335938
Eval_StdReturn : 22.328243255615234
Eval_MaxReturn : 266.169677734375
Eval_MinReturn : 206.04478454589844
Eval_AverageEpLen : 119.0
Train_AverageReturn : 241.05557250976562
Train_StdReturn : 59.27326583862305
Train_MaxReturn : 307.57977294921875
Train_MinReturn : 24.603200912475586
Train_AverageEpLen : 127.11764705882354
Train_EnvstepsSoFar : 314590
TimeSinceStart : 125.76028418540955
Training Loss : -0.04223272576928139
Baseline Loss : 0.24671632051467896
Initial_DataCollection_AverageReturn : 9.580930709838867
Done logging...




********** Iteration 154 ************

Beginning logging procedure...

Collecting data for eval...
Eval_AverageReturn : 215.7880401611328
Eval_StdReturn : 108.8046646118164
Eval_MaxReturn : 308.84967041015625
Eval_MinReturn : 30.269073486328125
Eval_AverageEpLen : 129.25
Train_AverageReturn : 257.7607727050781
Train_StdReturn : 23.934526443481445
Train_MaxReturn : 322.33447265625
Train_MinReturn : 213.1876678466797
Train_AverageEpLen : 129.8125
Train_EnvstepsSoFar : 316667
TimeSinceStart : 126.57945013046265
Training Loss : 0.002000352367758751
Baseline Loss : 0.1397296041250229
Initial_DataCollection_AverageReturn : 9.580930709838867
Done logging...




********** Iteration 155 ************

Beginning logging procedure...

Collecting data for eval...
Eval_AverageReturn : 276.4801940917969
Eval_StdReturn : 8.64445972442627
Eval_MaxReturn : 285.0577697753906
Eval_MinReturn : 264.6476135253906
Eval_AverageEpLen : 157.33333333333334
Train_AverageReturn : 245.76513671875
Train_StdReturn : 51.17475891113281
Train_MaxReturn : 320.3846435546875
Train_MinReturn : 80.37393951416016
Train_AverageEpLen : 131.75
Train_EnvstepsSoFar : 318775
TimeSinceStart : 127.49683451652527
Training Loss : -0.015572776086628437
Baseline Loss : 0.5340815186500549
Initial_DataCollection_AverageReturn : 9.580930709838867
Done logging...




********** Iteration 156 ************

Beginning logging procedure...

Collecting data for eval...
Eval_AverageReturn : 283.2360534667969
Eval_StdReturn : 48.448150634765625
Eval_MaxReturn : 351.57452392578125
Eval_MinReturn : 244.7975616455078
Eval_AverageEpLen : 158.33333333333334
Train_AverageReturn : 262.74005126953125
Train_StdReturn : 49.66117477416992
Train_MaxReturn : 414.8678894042969
Train_MinReturn : 211.18759155273438
Train_AverageEpLen : 140.13333333333333
Train_EnvstepsSoFar : 320877
TimeSinceStart : 128.34053015708923
Training Loss : 0.04339264705777168
Baseline Loss : 0.33725568652153015
Initial_DataCollection_AverageReturn : 9.580930709838867
Done logging...




********** Iteration 157 ************

Beginning logging procedure...

Collecting data for eval...
Eval_AverageReturn : 260.0959777832031
Eval_StdReturn : 19.539676666259766
Eval_MaxReturn : 284.919677734375
Eval_MinReturn : 237.17050170898438
Eval_AverageEpLen : 139.33333333333334
Train_AverageReturn : 241.92724609375
Train_StdReturn : 62.86164093017578
Train_MaxReturn : 315.78204345703125
Train_MinReturn : 28.80035400390625
Train_AverageEpLen : 130.25
Train_EnvstepsSoFar : 322961
TimeSinceStart : 129.07739305496216
Training Loss : -0.016608836129307747
Baseline Loss : 0.5075554251670837
Initial_DataCollection_AverageReturn : 9.580930709838867
Done logging...




********** Iteration 158 ************

Beginning logging procedure...

Collecting data for eval...
Eval_AverageReturn : 294.6033935546875
Eval_StdReturn : 38.83122634887695
Eval_MaxReturn : 348.4151306152344
Eval_MinReturn : 258.209716796875
Eval_AverageEpLen : 168.66666666666666
Train_AverageReturn : 273.5142517089844
Train_StdReturn : 58.50926971435547
Train_MaxReturn : 468.7599792480469
Train_MinReturn : 229.57977294921875
Train_AverageEpLen : 149.21428571428572
Train_EnvstepsSoFar : 325050
TimeSinceStart : 130.0030243396759
Training Loss : 0.009026915766298771
Baseline Loss : 0.1779290735721588
Initial_DataCollection_AverageReturn : 9.580930709838867
Done logging...




********** Iteration 159 ************

Beginning logging procedure...

Collecting data for eval...
Eval_AverageReturn : 211.8761444091797
Eval_StdReturn : 96.73744201660156
Eval_MaxReturn : 317.8804931640625
Eval_MinReturn : 55.302799224853516
Eval_AverageEpLen : 130.5
Train_AverageReturn : 244.61172485351562
Train_StdReturn : 65.61163330078125
Train_MaxReturn : 350.4978332519531
Train_MinReturn : 47.08882522583008
Train_AverageEpLen : 129.5
Train_EnvstepsSoFar : 327122
TimeSinceStart : 130.8466603755951
Training Loss : 0.02583412081003189
Baseline Loss : 0.48197120428085327
Initial_DataCollection_AverageReturn : 9.580930709838867
Done logging...




********** Iteration 160 ************

Beginning logging procedure...

Collecting data for eval...
Eval_AverageReturn : 281.2167663574219
Eval_StdReturn : 22.899646759033203
Eval_MaxReturn : 312.8634033203125
Eval_MinReturn : 259.438720703125
Eval_AverageEpLen : 145.66666666666666
Train_AverageReturn : 238.19940185546875
Train_StdReturn : 85.58453369140625
Train_MaxReturn : 358.74322509765625
Train_MinReturn : 29.33404541015625
Train_AverageEpLen : 134.46666666666667
Train_EnvstepsSoFar : 329139
TimeSinceStart : 131.654443025589
Training Loss : -0.008844669908285141
Baseline Loss : 0.706791341304779
Initial_DataCollection_AverageReturn : 9.580930709838867
Done logging...




********** Iteration 161 ************

Beginning logging procedure...

Collecting data for eval...
Eval_AverageReturn : 280.3666076660156
Eval_StdReturn : 23.479934692382812
Eval_MaxReturn : 305.3659973144531
Eval_MinReturn : 248.93984985351562
Eval_AverageEpLen : 151.33333333333334
Train_AverageReturn : 283.66680908203125
Train_StdReturn : 31.532041549682617
Train_MaxReturn : 339.12335205078125
Train_MinReturn : 228.09950256347656
Train_AverageEpLen : 152.71428571428572
Train_EnvstepsSoFar : 331277
TimeSinceStart : 132.60150408744812
Training Loss : -0.03562192991375923
Baseline Loss : 0.17696084082126617
Initial_DataCollection_AverageReturn : 9.580930709838867
Done logging...




********** Iteration 162 ************

Beginning logging procedure...

Collecting data for eval...
Eval_AverageReturn : 219.30223083496094
Eval_StdReturn : 99.43444061279297
Eval_MaxReturn : 293.06414794921875
Eval_MinReturn : 78.73810577392578
Eval_AverageEpLen : 141.0
Train_AverageReturn : 295.10662841796875
Train_StdReturn : 61.6450309753418
Train_MaxReturn : 403.79144287109375
Train_MinReturn : 211.74932861328125
Train_AverageEpLen : 163.76923076923077
Train_EnvstepsSoFar : 333406
TimeSinceStart : 133.55530524253845
Training Loss : -0.009584866464138031
Baseline Loss : 0.24244239926338196
Initial_DataCollection_AverageReturn : 9.580930709838867
Done logging...




********** Iteration 163 ************

Beginning logging procedure...

Collecting data for eval...
Eval_AverageReturn : 282.5425720214844
Eval_StdReturn : 33.02753448486328
Eval_MaxReturn : 318.7790222167969
Eval_MinReturn : 238.90147399902344
Eval_AverageEpLen : 160.0
Train_AverageReturn : 297.1971435546875
Train_StdReturn : 60.09078598022461
Train_MaxReturn : 413.50225830078125
Train_MinReturn : 230.65164184570312
Train_AverageEpLen : 171.66666666666666
Train_EnvstepsSoFar : 335466
TimeSinceStart : 134.43441796302795
Training Loss : -0.056290458887815475
Baseline Loss : 0.269307017326355
Initial_DataCollection_AverageReturn : 9.580930709838867
Done logging...




********** Iteration 164 ************

Beginning logging procedure...

Collecting data for eval...
Eval_AverageReturn : 283.5304260253906
Eval_StdReturn : 21.47770881652832
Eval_MaxReturn : 307.48974609375
Eval_MinReturn : 255.3828582763672
Eval_AverageEpLen : 148.66666666666666
Train_AverageReturn : 340.48822021484375
Train_StdReturn : 71.94842529296875
Train_MaxReturn : 466.9537048339844
Train_MinReturn : 246.48455810546875
Train_AverageEpLen : 202.9
Train_EnvstepsSoFar : 337495
TimeSinceStart : 135.27695298194885
Training Loss : 0.06496748328208923
Baseline Loss : 0.33590278029441833
Initial_DataCollection_AverageReturn : 9.580930709838867
Done logging...




********** Iteration 165 ************

Beginning logging procedure...

Collecting data for eval...
Eval_AverageReturn : 223.6873779296875
Eval_StdReturn : 136.8117218017578
Eval_MaxReturn : 343.24517822265625
Eval_MinReturn : 32.16774368286133
Eval_AverageEpLen : 139.66666666666666
Train_AverageReturn : 273.2353210449219
Train_StdReturn : 32.43655776977539
Train_MaxReturn : 333.79083251953125
Train_MinReturn : 231.94644165039062
Train_AverageEpLen : 143.57142857142858
Train_EnvstepsSoFar : 339505
TimeSinceStart : 136.10969185829163
Training Loss : -0.014476759359240532
Baseline Loss : 0.1839911937713623
Initial_DataCollection_AverageReturn : 9.580930709838867
Done logging...




********** Iteration 166 ************

Beginning logging procedure...

Collecting data for eval...
Eval_AverageReturn : 242.34718322753906
Eval_StdReturn : 124.62146759033203
Eval_MaxReturn : 363.2651062011719
Eval_MinReturn : 70.84810638427734
Eval_AverageEpLen : 154.66666666666666
Train_AverageReturn : 308.1617431640625
Train_StdReturn : 48.866031646728516
Train_MaxReturn : 397.155517578125
Train_MinReturn : 214.21731567382812
Train_AverageEpLen : 175.91666666666666
Train_EnvstepsSoFar : 341616
TimeSinceStart : 137.01471948623657
Training Loss : -0.04896169528365135
Baseline Loss : 0.3236905038356781
Initial_DataCollection_AverageReturn : 9.580930709838867
Done logging...




********** Iteration 167 ************

Beginning logging procedure...

Collecting data for eval...
Eval_AverageReturn : 409.81378173828125
Eval_StdReturn : 59.78387451171875
Eval_MaxReturn : 469.59765625
Eval_MinReturn : 350.0299072265625
Eval_AverageEpLen : 246.5
Train_AverageReturn : 281.4517517089844
Train_StdReturn : 79.63851165771484
Train_MaxReturn : 378.2373046875
Train_MinReturn : 88.63159942626953
Train_AverageEpLen : 166.83333333333334
Train_EnvstepsSoFar : 343618
TimeSinceStart : 137.89145159721375
Training Loss : 0.019734831526875496
Baseline Loss : 0.6371026039123535
Initial_DataCollection_AverageReturn : 9.580930709838867
Done logging...




********** Iteration 168 ************

Beginning logging procedure...

Collecting data for eval...
Eval_AverageReturn : 394.7000732421875
Eval_StdReturn : 96.53898620605469
Eval_MaxReturn : 491.2390441894531
Eval_MinReturn : 298.16107177734375
Eval_AverageEpLen : 243.5
Train_AverageReturn : 316.7741394042969
Train_StdReturn : 67.67710876464844
Train_MaxReturn : 434.764892578125
Train_MinReturn : 167.94009399414062
Train_AverageEpLen : 187.1818181818182
Train_EnvstepsSoFar : 345677
TimeSinceStart : 138.79979515075684
Training Loss : -0.008744905702769756
Baseline Loss : 0.4415421485900879
Initial_DataCollection_AverageReturn : 9.580930709838867
Done logging...




********** Iteration 169 ************

Beginning logging procedure...

Collecting data for eval...
Eval_AverageReturn : 153.36968994140625
Eval_StdReturn : 79.65155792236328
Eval_MaxReturn : 255.3925018310547
Eval_MinReturn : 61.005332946777344
Eval_AverageEpLen : 139.0
Train_AverageReturn : 275.0713195800781
Train_StdReturn : 103.94893646240234
Train_MaxReturn : 407.084716796875
Train_MinReturn : 59.8372802734375
Train_AverageEpLen : 170.41666666666666
Train_EnvstepsSoFar : 347722
TimeSinceStart : 139.66433763504028
Training Loss : -0.09032009541988373
Baseline Loss : 0.9393619298934937
Initial_DataCollection_AverageReturn : 9.580930709838867
Done logging...




********** Iteration 170 ************

Beginning logging procedure...

Collecting data for eval...
Eval_AverageReturn : 262.6115417480469
Eval_StdReturn : 160.447265625
Eval_MaxReturn : 434.04583740234375
Eval_MinReturn : 48.15939712524414
Eval_AverageEpLen : 175.33333333333334
Train_AverageReturn : 283.415283203125
Train_StdReturn : 95.96045684814453
Train_MaxReturn : 392.67938232421875
Train_MinReturn : 22.335189819335938
Train_AverageEpLen : 170.08333333333334
Train_EnvstepsSoFar : 349763
TimeSinceStart : 140.61716890335083
Training Loss : -0.01425828505307436
Baseline Loss : 0.7501697540283203
Initial_DataCollection_AverageReturn : 9.580930709838867
Done logging...




********** Iteration 171 ************

Beginning logging procedure...

Collecting data for eval...
Eval_AverageReturn : 449.9011535644531
Eval_StdReturn : 76.74423217773438
Eval_MaxReturn : 526.6453857421875
Eval_MinReturn : 373.15692138671875
Eval_AverageEpLen : 296.5
Train_AverageReturn : 327.2967529296875
Train_StdReturn : 42.902427673339844
Train_MaxReturn : 379.3895263671875
Train_MinReturn : 250.52456665039062
Train_AverageEpLen : 178.25
Train_EnvstepsSoFar : 351902
TimeSinceStart : 141.57955145835876
Training Loss : 0.019300788640975952
Baseline Loss : 0.2262047976255417
Initial_DataCollection_AverageReturn : 9.580930709838867
Done logging...




********** Iteration 172 ************

Beginning logging procedure...

Collecting data for eval...
Eval_AverageReturn : 251.48272705078125
Eval_StdReturn : 113.07058715820312
Eval_MaxReturn : 332.62615966796875
Eval_MinReturn : 91.58271789550781
Eval_AverageEpLen : 159.66666666666666
Train_AverageReturn : 258.5960998535156
Train_StdReturn : 134.23599243164062
Train_MaxReturn : 435.60614013671875
Train_MinReturn : 12.204151153564453
Train_AverageEpLen : 161.6153846153846
Train_EnvstepsSoFar : 354003
TimeSinceStart : 142.47583961486816
Training Loss : -0.01673305034637451
Baseline Loss : 0.8532214164733887
Initial_DataCollection_AverageReturn : 9.580930709838867
Done logging...




********** Iteration 173 ************

Beginning logging procedure...

Collecting data for eval...
Eval_AverageReturn : 338.55712890625
Eval_StdReturn : 16.766399383544922
Eval_MaxReturn : 358.49542236328125
Eval_MinReturn : 317.47418212890625
Eval_AverageEpLen : 185.66666666666666
Train_AverageReturn : 265.6159973144531
Train_StdReturn : 107.0796890258789
Train_MaxReturn : 428.74505615234375
Train_MinReturn : 72.7942886352539
Train_AverageEpLen : 158.28571428571428
Train_EnvstepsSoFar : 356219
TimeSinceStart : 143.4248023033142
Training Loss : 0.014443633146584034
Baseline Loss : 1.0366919040679932
Initial_DataCollection_AverageReturn : 9.580930709838867
Done logging...




********** Iteration 174 ************

Beginning logging procedure...

Collecting data for eval...
Eval_AverageReturn : 494.0193176269531
Eval_StdReturn : 76.21554565429688
Eval_MaxReturn : 570.23486328125
Eval_MinReturn : 417.80377197265625
Eval_AverageEpLen : 332.5
Train_AverageReturn : 259.02276611328125
Train_StdReturn : 119.31803131103516
Train_MaxReturn : 420.642333984375
Train_MinReturn : 25.859188079833984
Train_AverageEpLen : 170.5
Train_EnvstepsSoFar : 358265
TimeSinceStart : 144.26221704483032
Training Loss : 0.011209644377231598
Baseline Loss : 1.0919476747512817
Initial_DataCollection_AverageReturn : 9.580930709838867
Done logging...




********** Iteration 175 ************

Beginning logging procedure...

Collecting data for eval...
Eval_AverageReturn : 231.12353515625
Eval_StdReturn : 118.68558502197266
Eval_MaxReturn : 324.5091552734375
Eval_MinReturn : 63.6468391418457
Eval_AverageEpLen : 153.0
Train_AverageReturn : 311.9613952636719
Train_StdReturn : 143.8389892578125
Train_MaxReturn : 571.5203857421875
Train_MinReturn : 33.72206115722656
Train_AverageEpLen : 194.8181818181818
Train_EnvstepsSoFar : 360408
TimeSinceStart : 145.17270493507385
Training Loss : -0.040486350655555725
Baseline Loss : 0.762921154499054
Initial_DataCollection_AverageReturn : 9.580930709838867
Done logging...




********** Iteration 176 ************

Beginning logging procedure...

Collecting data for eval...
Eval_AverageReturn : 311.1368713378906
Eval_StdReturn : 44.21905517578125
Eval_MaxReturn : 364.32550048828125
Eval_MinReturn : 256.06072998046875
Eval_AverageEpLen : 166.0
Train_AverageReturn : 373.0086364746094
Train_StdReturn : 82.24329376220703
Train_MaxReturn : 530.69384765625
Train_MinReturn : 278.84234619140625
Train_AverageEpLen : 225.66666666666666
Train_EnvstepsSoFar : 362439
TimeSinceStart : 146.03703904151917
Training Loss : 0.022177157923579216
Baseline Loss : 0.39469775557518005
Initial_DataCollection_AverageReturn : 9.580930709838867
Done logging...




********** Iteration 177 ************

Beginning logging procedure...

Collecting data for eval...
Eval_AverageReturn : 351.6793212890625
Eval_StdReturn : 215.68780517578125
Eval_MaxReturn : 638.05224609375
Eval_MinReturn : 117.52716064453125
Eval_AverageEpLen : 252.0
Train_AverageReturn : 373.45294189453125
Train_StdReturn : 58.84674835205078
Train_MaxReturn : 488.8619079589844
Train_MinReturn : 261.79388427734375
Train_AverageEpLen : 225.0
Train_EnvstepsSoFar : 364464
TimeSinceStart : 146.9482126235962
Training Loss : 0.024944638833403587
Baseline Loss : 0.285280704498291
Initial_DataCollection_AverageReturn : 9.580930709838867
Done logging...




********** Iteration 178 ************

Beginning logging procedure...

Collecting data for eval...
Eval_AverageReturn : 408.1559143066406
Eval_StdReturn : 37.67578125
Eval_MaxReturn : 445.8316955566406
Eval_MinReturn : 370.4801330566406
Eval_AverageEpLen : 263.0
Train_AverageReturn : 296.2554016113281
Train_StdReturn : 134.74798583984375
Train_MaxReturn : 533.225830078125
Train_MinReturn : 18.472396850585938
Train_AverageEpLen : 183.9090909090909
Train_EnvstepsSoFar : 366487
TimeSinceStart : 147.74675369262695
Training Loss : 0.007164342794567347
Baseline Loss : 0.82027667760849
Initial_DataCollection_AverageReturn : 9.580930709838867
Done logging...




********** Iteration 179 ************

Beginning logging procedure...

Collecting data for eval...
Eval_AverageReturn : 186.4877471923828
Eval_StdReturn : 128.4712371826172
Eval_MaxReturn : 325.54290771484375
Eval_MinReturn : 15.693044662475586
Eval_AverageEpLen : 134.33333333333334
Train_AverageReturn : 337.4421691894531
Train_StdReturn : 144.89210510253906
Train_MaxReturn : 516.5374755859375
Train_MinReturn : 72.66340637207031
Train_AverageEpLen : 207.0
Train_EnvstepsSoFar : 368557
TimeSinceStart : 148.50684237480164
Training Loss : -0.05342233180999756
Baseline Loss : 0.8243881464004517
Initial_DataCollection_AverageReturn : 9.580930709838867
Done logging...




********** Iteration 180 ************

Beginning logging procedure...

Collecting data for eval...
Eval_AverageReturn : 425.8277282714844
Eval_StdReturn : 78.2247314453125
Eval_MaxReturn : 504.0524597167969
Eval_MinReturn : 347.6029968261719
Eval_AverageEpLen : 254.0
Train_AverageReturn : 387.35992431640625
Train_StdReturn : 148.96055603027344
Train_MaxReturn : 648.927490234375
Train_MinReturn : 76.69937133789062
Train_AverageEpLen : 251.5
Train_EnvstepsSoFar : 370569
TimeSinceStart : 149.23652338981628
Training Loss : 0.019132446497678757
Baseline Loss : 0.7567082047462463
Initial_DataCollection_AverageReturn : 9.580930709838867
Done logging...




********** Iteration 181 ************

Beginning logging procedure...

Collecting data for eval...
Eval_AverageReturn : 397.3208923339844
Eval_StdReturn : 58.69850158691406
Eval_MaxReturn : 480.246826171875
Eval_MinReturn : 352.5813903808594
Eval_AverageEpLen : 217.0
Train_AverageReturn : 295.5142822265625
Train_StdReturn : 137.77392578125
Train_MaxReturn : 453.74981689453125
Train_MinReturn : 62.00198745727539
Train_AverageEpLen : 192.72727272727272
Train_EnvstepsSoFar : 372689
TimeSinceStart : 150.13617515563965
Training Loss : 0.015635421499609947
Baseline Loss : 1.0087332725524902
Initial_DataCollection_AverageReturn : 9.580930709838867
Done logging...




********** Iteration 182 ************

Beginning logging procedure...

Collecting data for eval...
Eval_AverageReturn : 335.2799377441406
Eval_StdReturn : 17.34613037109375
Eval_MaxReturn : 354.55084228515625
Eval_MinReturn : 312.4989013671875
Eval_AverageEpLen : 173.66666666666666
Train_AverageReturn : 322.68280029296875
Train_StdReturn : 155.44732666015625
Train_MaxReturn : 563.9218139648438
Train_MinReturn : 33.629608154296875
Train_AverageEpLen : 210.5
Train_EnvstepsSoFar : 374794
TimeSinceStart : 150.97395849227905
Training Loss : 0.007516032084822655
Baseline Loss : 0.8288640975952148
Initial_DataCollection_AverageReturn : 9.580930709838867
Done logging...




********** Iteration 183 ************

Beginning logging procedure...

Collecting data for eval...
Eval_AverageReturn : 300.95391845703125
Eval_StdReturn : 35.6135139465332
Eval_MaxReturn : 331.0684814453125
Eval_MinReturn : 250.93496704101562
Eval_AverageEpLen : 188.0
Train_AverageReturn : 292.98358154296875
Train_StdReturn : 134.04098510742188
Train_MaxReturn : 447.14654541015625
Train_MinReturn : 20.989643096923828
Train_AverageEpLen : 196.72727272727272
Train_EnvstepsSoFar : 376958
TimeSinceStart : 151.85848712921143
Training Loss : 0.006696992088109255
Baseline Loss : 0.9621028304100037
Initial_DataCollection_AverageReturn : 9.580930709838867
Done logging...




********** Iteration 184 ************

Beginning logging procedure...

Collecting data for eval...
Eval_AverageReturn : 367.46051025390625
Eval_StdReturn : 7.1371917724609375
Eval_MaxReturn : 374.59771728515625
Eval_MinReturn : 360.3233337402344
Eval_AverageEpLen : 202.0
Train_AverageReturn : 349.60479736328125
Train_StdReturn : 143.94778442382812
Train_MaxReturn : 527.7132568359375
Train_MinReturn : 34.65666961669922
Train_AverageEpLen : 216.5
Train_EnvstepsSoFar : 379123
TimeSinceStart : 152.65866541862488
Training Loss : -0.03535058721899986
Baseline Loss : 0.7533800601959229
Initial_DataCollection_AverageReturn : 9.580930709838867
Done logging...




********** Iteration 185 ************

Beginning logging procedure...

Collecting data for eval...
Eval_AverageReturn : 324.83282470703125
Eval_StdReturn : 250.92129516601562
Eval_MaxReturn : 634.1401977539062
Eval_MinReturn : 19.550601959228516
Eval_AverageEpLen : 224.66666666666666
Train_AverageReturn : 349.94488525390625
Train_StdReturn : 108.0220947265625
Train_MaxReturn : 506.96435546875
Train_MinReturn : 97.3535385131836
Train_AverageEpLen : 221.3
Train_EnvstepsSoFar : 381336
TimeSinceStart : 153.5389015674591
Training Loss : 0.00925276055932045
Baseline Loss : 0.6988872289657593
Initial_DataCollection_AverageReturn : 9.580930709838867
Done logging...




********** Iteration 186 ************

Beginning logging procedure...

Collecting data for eval...
Eval_AverageReturn : 266.2952880859375
Eval_StdReturn : 124.15348815917969
Eval_MaxReturn : 390.44879150390625
Eval_MinReturn : 142.14181518554688
Eval_AverageEpLen : 200.0
Train_AverageReturn : 349.54107666015625
Train_StdReturn : 101.03128051757812
Train_MaxReturn : 469.6363525390625
Train_MinReturn : 122.85981750488281
Train_AverageEpLen : 221.8
Train_EnvstepsSoFar : 383554
TimeSinceStart : 154.34302949905396
Training Loss : -0.01663113571703434
Baseline Loss : 0.7043216228485107
Initial_DataCollection_AverageReturn : 9.580930709838867
Done logging...




********** Iteration 187 ************

Beginning logging procedure...

Collecting data for eval...
Eval_AverageReturn : 432.5340576171875
Eval_StdReturn : 18.121200561523438
Eval_MaxReturn : 450.6552734375
Eval_MinReturn : 414.4128723144531
Eval_AverageEpLen : 280.0
Train_AverageReturn : 380.5354919433594
Train_StdReturn : 97.03912353515625
Train_MaxReturn : 604.1326904296875
Train_MinReturn : 254.53909301757812
Train_AverageEpLen : 241.44444444444446
Train_EnvstepsSoFar : 385727
TimeSinceStart : 155.1749405860901
Training Loss : 0.028926197439432144
Baseline Loss : 0.6323442459106445
Initial_DataCollection_AverageReturn : 9.580930709838867
Done logging...




********** Iteration 188 ************

Beginning logging procedure...

Collecting data for eval...
Eval_AverageReturn : 227.49623107910156
Eval_StdReturn : 143.44720458984375
Eval_MaxReturn : 402.17938232421875
Eval_MinReturn : 50.82380676269531
Eval_AverageEpLen : 157.33333333333334
Train_AverageReturn : 309.93328857421875
Train_StdReturn : 88.95816802978516
Train_MaxReturn : 395.74456787109375
Train_MinReturn : 156.3492889404297
Train_AverageEpLen : 192.72727272727272
Train_EnvstepsSoFar : 387847
TimeSinceStart : 155.9748055934906
Training Loss : -0.04758251830935478
Baseline Loss : 0.8096142411231995
Initial_DataCollection_AverageReturn : 9.580930709838867
Done logging...




********** Iteration 189 ************

Beginning logging procedure...

Collecting data for eval...
Eval_AverageReturn : 356.29278564453125
Eval_StdReturn : 48.39366149902344
Eval_MaxReturn : 404.6864318847656
Eval_MinReturn : 307.89910888671875
Eval_AverageEpLen : 208.5
Train_AverageReturn : 334.37548828125
Train_StdReturn : 161.87403869628906
Train_MaxReturn : 606.4705810546875
Train_MinReturn : 73.07811737060547
Train_AverageEpLen : 225.8
Train_EnvstepsSoFar : 390105
TimeSinceStart : 156.87467765808105
Training Loss : -0.031441669911146164
Baseline Loss : 0.7513768672943115
Initial_DataCollection_AverageReturn : 9.580930709838867
Done logging...




********** Iteration 190 ************

Beginning logging procedure...

Collecting data for eval...
Eval_AverageReturn : 364.2038269042969
Eval_StdReturn : 26.38543701171875
Eval_MaxReturn : 390.5892639160156
Eval_MinReturn : 337.8183898925781
Eval_AverageEpLen : 216.5
Train_AverageReturn : 309.90924072265625
Train_StdReturn : 117.65730285644531
Train_MaxReturn : 442.9231262207031
Train_MinReturn : 115.81936645507812
Train_AverageEpLen : 204.4
Train_EnvstepsSoFar : 392149
TimeSinceStart : 157.6486692428589
Training Loss : -0.029746131971478462
Baseline Loss : 0.9598469734191895
Initial_DataCollection_AverageReturn : 9.580930709838867
Done logging...




********** Iteration 191 ************

Beginning logging procedure...

Collecting data for eval...
Eval_AverageReturn : 317.5586242675781
Eval_StdReturn : 232.20114135742188
Eval_MaxReturn : 549.759765625
Eval_MinReturn : 85.35749053955078
Eval_AverageEpLen : 241.5
Train_AverageReturn : 361.5843505859375
Train_StdReturn : 110.96343994140625
Train_MaxReturn : 490.7864074707031
Train_MinReturn : 70.09142303466797
Train_AverageEpLen : 211.2
Train_EnvstepsSoFar : 394261
TimeSinceStart : 158.4619505405426
Training Loss : -0.04122348874807358
Baseline Loss : 0.6518775224685669
Initial_DataCollection_AverageReturn : 9.580930709838867
Done logging...




********** Iteration 192 ************

Beginning logging procedure...

Collecting data for eval...
Eval_AverageReturn : 283.4017028808594
Eval_StdReturn : 148.3358154296875
Eval_MaxReturn : 405.4443359375
Eval_MinReturn : 74.61544799804688
Eval_AverageEpLen : 165.33333333333334
Train_AverageReturn : 425.88372802734375
Train_StdReturn : 132.874267578125
Train_MaxReturn : 616.02978515625
Train_MinReturn : 151.80477905273438
Train_AverageEpLen : 293.0
Train_EnvstepsSoFar : 396312
TimeSinceStart : 159.26960039138794
Training Loss : -0.022824924439191818
Baseline Loss : 0.7608850598335266
Initial_DataCollection_AverageReturn : 9.580930709838867
Done logging...




********** Iteration 193 ************

Beginning logging procedure...

Collecting data for eval...
Eval_AverageReturn : 285.7781066894531
Eval_StdReturn : 71.63941192626953
Eval_MaxReturn : 352.5002136230469
Eval_MinReturn : 186.39108276367188
Eval_AverageEpLen : 195.66666666666666
Train_AverageReturn : 339.7422180175781
Train_StdReturn : 49.03309631347656
Train_MaxReturn : 409.9045715332031
Train_MinReturn : 224.87969970703125
Train_AverageEpLen : 184.54545454545453
Train_EnvstepsSoFar : 398342
TimeSinceStart : 160.08086705207825
Training Loss : 0.03268909826874733
Baseline Loss : 0.47681915760040283
Initial_DataCollection_AverageReturn : 9.580930709838867
Done logging...




********** Iteration 194 ************

Beginning logging procedure...

Collecting data for eval...
Eval_AverageReturn : 328.8349914550781
Eval_StdReturn : 57.56593322753906
Eval_MaxReturn : 405.4004211425781
Eval_MinReturn : 266.5928039550781
Eval_AverageEpLen : 193.0
Train_AverageReturn : 418.1160888671875
Train_StdReturn : 113.9843978881836
Train_MaxReturn : 671.4761962890625
Train_MinReturn : 305.4871826171875
Train_AverageEpLen : 271.75
Train_EnvstepsSoFar : 400516
TimeSinceStart : 161.00687193870544
Training Loss : 0.022591322660446167
Baseline Loss : 0.6012493371963501
Initial_DataCollection_AverageReturn : 9.580930709838867
Done logging...




********** Iteration 195 ************

Beginning logging procedure...

Collecting data for eval...
Eval_AverageReturn : 346.9080810546875
Eval_StdReturn : 79.677734375
Eval_MaxReturn : 426.5858154296875
Eval_MinReturn : 267.2303466796875
Eval_AverageEpLen : 244.0
Train_AverageReturn : 347.21209716796875
Train_StdReturn : 69.85327911376953
Train_MaxReturn : 431.2175598144531
Train_MinReturn : 221.3469696044922
Train_AverageEpLen : 206.1
Train_EnvstepsSoFar : 402577
TimeSinceStart : 161.78014206886292
Training Loss : -0.02878490276634693
Baseline Loss : 0.6203035712242126
Initial_DataCollection_AverageReturn : 9.580930709838867
Done logging...




********** Iteration 196 ************

Beginning logging procedure...

Collecting data for eval...
Eval_AverageReturn : 278.7596130371094
Eval_StdReturn : 102.54820251464844
Eval_MaxReturn : 364.9897766113281
Eval_MinReturn : 134.6619873046875
Eval_AverageEpLen : 165.33333333333334
Train_AverageReturn : 391.6138000488281
Train_StdReturn : 82.64998626708984
Train_MaxReturn : 590.5980834960938
Train_MinReturn : 297.67724609375
Train_AverageEpLen : 227.44444444444446
Train_EnvstepsSoFar : 404624
TimeSinceStart : 162.6039502620697
Training Loss : -0.05838616192340851
Baseline Loss : 0.48965999484062195
Initial_DataCollection_AverageReturn : 9.580930709838867
Done logging...




********** Iteration 197 ************

Beginning logging procedure...

Collecting data for eval...
Eval_AverageReturn : 375.243408203125
Eval_StdReturn : 16.193466186523438
Eval_MaxReturn : 391.4368896484375
Eval_MinReturn : 359.0499572753906
Eval_AverageEpLen : 219.0
Train_AverageReturn : 306.438720703125
Train_StdReturn : 67.22447204589844
Train_MaxReturn : 389.16998291015625
Train_MinReturn : 202.42910766601562
Train_AverageEpLen : 194.54545454545453
Train_EnvstepsSoFar : 406764
TimeSinceStart : 163.33173322677612
Training Loss : -0.018444575369358063
Baseline Loss : 0.7503462433815002
Initial_DataCollection_AverageReturn : 9.580930709838867
Done logging...




********** Iteration 198 ************

Beginning logging procedure...

Collecting data for eval...
Eval_AverageReturn : 367.4202880859375
Eval_StdReturn : 39.05944061279297
Eval_MaxReturn : 422.5335388183594
Eval_MinReturn : 336.6456604003906
Eval_AverageEpLen : 200.33333333333334
Train_AverageReturn : 334.3328552246094
Train_StdReturn : 83.41893005371094
Train_MaxReturn : 424.315673828125
Train_MinReturn : 152.6097869873047
Train_AverageEpLen : 186.45454545454547
Train_EnvstepsSoFar : 408815
TimeSinceStart : 164.1231188774109
Training Loss : -0.03655293583869934
Baseline Loss : 0.5748232007026672
Initial_DataCollection_AverageReturn : 9.580930709838867
Done logging...




********** Iteration 199 ************

Beginning logging procedure...

Collecting data for eval...
Eval_AverageReturn : 403.30615234375
Eval_StdReturn : 92.2095947265625
Eval_MaxReturn : 495.5157470703125
Eval_MinReturn : 311.0965576171875
Eval_AverageEpLen : 234.0
Train_AverageReturn : 295.7417907714844
Train_StdReturn : 116.4854965209961
Train_MaxReturn : 410.2936706542969
Train_MinReturn : 78.77362060546875
Train_AverageEpLen : 178.33333333333334
Train_EnvstepsSoFar : 410955
TimeSinceStart : 165.0333137512207
Training Loss : -0.030790330842137337
Baseline Loss : 0.6934749484062195
Initial_DataCollection_AverageReturn : 9.580930709838867
Done logging...




********** Iteration 200 ************

Beginning logging procedure...

Collecting data for eval...
Eval_AverageReturn : 325.5601501464844
Eval_StdReturn : 18.089757919311523
Eval_MaxReturn : 347.06402587890625
Eval_MinReturn : 302.8062744140625
Eval_AverageEpLen : 187.0
Train_AverageReturn : 353.76776123046875
Train_StdReturn : 55.15545654296875
Train_MaxReturn : 416.24981689453125
Train_MinReturn : 200.22271728515625
Train_AverageEpLen : 196.9090909090909
Train_EnvstepsSoFar : 413121
TimeSinceStart : 165.8898527622223
Training Loss : -0.031322356313467026
Baseline Loss : 0.4279731214046478
Initial_DataCollection_AverageReturn : 9.580930709838867
Done logging...




********** Iteration 201 ************

Beginning logging procedure...

Collecting data for eval...
Eval_AverageReturn : 373.6609802246094
Eval_StdReturn : 61.215126037597656
Eval_MaxReturn : 419.5021057128906
Eval_MinReturn : 287.1410217285156
Eval_AverageEpLen : 215.33333333333334
Train_AverageReturn : 322.3499450683594
Train_StdReturn : 60.747100830078125
Train_MaxReturn : 392.8865051269531
Train_MinReturn : 205.57046508789062
Train_AverageEpLen : 173.33333333333334
Train_EnvstepsSoFar : 415201
TimeSinceStart : 166.67308044433594
Training Loss : -0.0005607788334600627
Baseline Loss : 0.5201531648635864
Initial_DataCollection_AverageReturn : 9.580930709838867
Done logging...




********** Iteration 202 ************

Beginning logging procedure...

Collecting data for eval...
Eval_AverageReturn : 357.1422119140625
Eval_StdReturn : 18.842361450195312
Eval_MaxReturn : 375.98455810546875
Eval_MinReturn : 338.2998352050781
Eval_AverageEpLen : 202.0
Train_AverageReturn : 331.13677978515625
Train_StdReturn : 58.101951599121094
Train_MaxReturn : 436.3237609863281
Train_MinReturn : 193.14041137695312
Train_AverageEpLen : 185.54545454545453
Train_EnvstepsSoFar : 417242
TimeSinceStart : 167.4079327583313
Training Loss : 0.019977735355496407
Baseline Loss : 0.5106903910636902
Initial_DataCollection_AverageReturn : 9.580930709838867
Done logging...




********** Iteration 203 ************

Beginning logging procedure...

Collecting data for eval...
Eval_AverageReturn : 353.748291015625
Eval_StdReturn : 23.305755615234375
Eval_MaxReturn : 382.86737060546875
Eval_MinReturn : 325.8172607421875
Eval_AverageEpLen : 166.33333333333334
Train_AverageReturn : 348.4945373535156
Train_StdReturn : 65.1099853515625
Train_MaxReturn : 441.33270263671875
Train_MinReturn : 173.91290283203125
Train_AverageEpLen : 206.7
Train_EnvstepsSoFar : 419309
TimeSinceStart : 168.1655740737915
Training Loss : -0.024116426706314087
Baseline Loss : 0.45891475677490234
Initial_DataCollection_AverageReturn : 9.580930709838867
Done logging...




********** Iteration 204 ************

Beginning logging procedure...

Collecting data for eval...
Eval_AverageReturn : 386.6761169433594
Eval_StdReturn : 59.852813720703125
Eval_MaxReturn : 446.5289306640625
Eval_MinReturn : 326.82330322265625
Eval_AverageEpLen : 232.5
Train_AverageReturn : 358.5440979003906
Train_StdReturn : 56.51110076904297
Train_MaxReturn : 448.44427490234375
Train_MinReturn : 221.29576110839844
Train_AverageEpLen : 203.7
Train_EnvstepsSoFar : 421346
TimeSinceStart : 168.89628553390503
Training Loss : -0.01101076789200306
Baseline Loss : 0.45379260182380676
Initial_DataCollection_AverageReturn : 9.580930709838867
Done logging...




********** Iteration 205 ************

Beginning logging procedure...

Collecting data for eval...
Eval_AverageReturn : 295.8916931152344
Eval_StdReturn : 54.4432258605957
Eval_MaxReturn : 365.70404052734375
Eval_MinReturn : 232.86480712890625
Eval_AverageEpLen : 155.0
Train_AverageReturn : 315.4076232910156
Train_StdReturn : 69.32889556884766
Train_MaxReturn : 461.39324951171875
Train_MinReturn : 183.27137756347656
Train_AverageEpLen : 174.5
Train_EnvstepsSoFar : 423440
TimeSinceStart : 169.59686493873596
Training Loss : -0.06952187418937683
Baseline Loss : 0.5101048946380615
Initial_DataCollection_AverageReturn : 9.580930709838867
Done logging...




********** Iteration 206 ************

Beginning logging procedure...

Collecting data for eval...
Eval_AverageReturn : 355.06378173828125
Eval_StdReturn : 12.26983642578125
Eval_MaxReturn : 367.3336181640625
Eval_MinReturn : 342.7939453125
Eval_AverageEpLen : 223.5
Train_AverageReturn : 354.9771423339844
Train_StdReturn : 56.21027755737305
Train_MaxReturn : 475.826171875
Train_MinReturn : 267.9707336425781
Train_AverageEpLen : 194.0909090909091
Train_EnvstepsSoFar : 425575
TimeSinceStart : 170.4419412612915
Training Loss : -0.016242697834968567
Baseline Loss : 0.44544631242752075
Initial_DataCollection_AverageReturn : 9.580930709838867
Done logging...




********** Iteration 207 ************

Beginning logging procedure...

Collecting data for eval...
Eval_AverageReturn : 327.3356628417969
Eval_StdReturn : 39.362945556640625
Eval_MaxReturn : 366.6986083984375
Eval_MinReturn : 287.97271728515625
Eval_AverageEpLen : 201.5
Train_AverageReturn : 380.0615234375
Train_StdReturn : 60.94255447387695
Train_MaxReturn : 513.5146484375
Train_MinReturn : 294.046142578125
Train_AverageEpLen : 200.7
Train_EnvstepsSoFar : 427582
TimeSinceStart : 171.15549778938293
Training Loss : -0.0060419864021241665
Baseline Loss : 0.295929491519928
Initial_DataCollection_AverageReturn : 9.580930709838867
Done logging...




********** Iteration 208 ************

Beginning logging procedure...

Collecting data for eval...
Eval_AverageReturn : 324.236328125
Eval_StdReturn : 44.27749252319336
Eval_MaxReturn : 386.353271484375
Eval_MinReturn : 286.33251953125
Eval_AverageEpLen : 161.33333333333334
Train_AverageReturn : 322.3528137207031
Train_StdReturn : 47.745819091796875
Train_MaxReturn : 382.2080078125
Train_MinReturn : 228.21484375
Train_AverageEpLen : 178.91666666666666
Train_EnvstepsSoFar : 429729
TimeSinceStart : 172.0197970867157
Training Loss : -0.060987647622823715
Baseline Loss : 0.4945189952850342
Initial_DataCollection_AverageReturn : 9.580930709838867
Done logging...




********** Iteration 209 ************

Beginning logging procedure...

Collecting data for eval...
Eval_AverageReturn : 323.0167541503906
Eval_StdReturn : 15.357857704162598
Eval_MaxReturn : 342.5966796875
Eval_MinReturn : 305.08642578125
Eval_AverageEpLen : 176.33333333333334
Train_AverageReturn : 344.4320373535156
Train_StdReturn : 30.431869506835938
Train_MaxReturn : 401.16339111328125
Train_MinReturn : 305.7952880859375
Train_AverageEpLen : 174.16666666666666
Train_EnvstepsSoFar : 431819
TimeSinceStart : 172.96683931350708
Training Loss : -0.01748654805123806
Baseline Loss : 0.20737211406230927
Initial_DataCollection_AverageReturn : 9.580930709838867
Done logging...




********** Iteration 210 ************

Beginning logging procedure...

Collecting data for eval...
Eval_AverageReturn : 330.7550964355469
Eval_StdReturn : 30.38255500793457
Eval_MaxReturn : 358.3271484375
Eval_MinReturn : 288.42987060546875
Eval_AverageEpLen : 200.66666666666666
Train_AverageReturn : 355.6903076171875
Train_StdReturn : 36.95600891113281
Train_MaxReturn : 400.2586669921875
Train_MinReturn : 293.34625244140625
Train_AverageEpLen : 186.27272727272728
Train_EnvstepsSoFar : 433868
TimeSinceStart : 173.81333136558533
Training Loss : 0.002158988267183304
Baseline Loss : 0.22687451541423798
Initial_DataCollection_AverageReturn : 9.580930709838867
Done logging...




********** Iteration 211 ************

Beginning logging procedure...

Collecting data for eval...
Eval_AverageReturn : 331.3698425292969
Eval_StdReturn : 14.950539588928223
Eval_MaxReturn : 347.60723876953125
Eval_MinReturn : 311.5234680175781
Eval_AverageEpLen : 173.0
Train_AverageReturn : 319.87164306640625
Train_StdReturn : 33.2049446105957
Train_MaxReturn : 401.86456298828125
Train_MinReturn : 281.43560791015625
Train_AverageEpLen : 156.69230769230768
Train_EnvstepsSoFar : 435905
TimeSinceStart : 174.5601041316986
Training Loss : -0.00119711272418499
Baseline Loss : 0.18946990370750427
Initial_DataCollection_AverageReturn : 9.580930709838867
Done logging...




********** Iteration 212 ************

Beginning logging procedure...

Collecting data for eval...
Eval_AverageReturn : 327.0945739746094
Eval_StdReturn : 38.686798095703125
Eval_MaxReturn : 354.52520751953125
Eval_MinReturn : 272.3832702636719
Eval_AverageEpLen : 163.33333333333334
Train_AverageReturn : 331.9723205566406
Train_StdReturn : 74.56444549560547
Train_MaxReturn : 437.75201416015625
Train_MinReturn : 152.7194366455078
Train_AverageEpLen : 168.08333333333334
Train_EnvstepsSoFar : 437922
TimeSinceStart : 175.44349074363708
Training Loss : 0.011690073646605015
Baseline Loss : 0.33464479446411133
Initial_DataCollection_AverageReturn : 9.580930709838867
Done logging...




********** Iteration 213 ************

Beginning logging procedure...

Collecting data for eval...
Eval_AverageReturn : 310.282958984375
Eval_StdReturn : 29.668048858642578
Eval_MaxReturn : 338.0486145019531
Eval_MinReturn : 269.1587829589844
Eval_AverageEpLen : 145.0
Train_AverageReturn : 306.7485046386719
Train_StdReturn : 64.28399658203125
Train_MaxReturn : 378.86492919921875
Train_MinReturn : 123.19324493408203
Train_AverageEpLen : 158.84615384615384
Train_EnvstepsSoFar : 439987
TimeSinceStart : 176.23738741874695
Training Loss : -0.04117715731263161
Baseline Loss : 0.4706440269947052
Initial_DataCollection_AverageReturn : 9.580930709838867
Done logging...




********** Iteration 214 ************

Beginning logging procedure...

Collecting data for eval...
Eval_AverageReturn : 328.0525207519531
Eval_StdReturn : 16.246191024780273
Eval_MaxReturn : 346.4296875
Eval_MinReturn : 306.9216613769531
Eval_AverageEpLen : 158.0
Train_AverageReturn : 316.0441589355469
Train_StdReturn : 45.898651123046875
Train_MaxReturn : 394.48260498046875
Train_MinReturn : 220.8609619140625
Train_AverageEpLen : 160.46153846153845
Train_EnvstepsSoFar : 442073
TimeSinceStart : 177.01461267471313
Training Loss : -0.002732173539698124
Baseline Loss : 0.2505573034286499
Initial_DataCollection_AverageReturn : 9.580930709838867
Done logging...




********** Iteration 215 ************

Beginning logging procedure...

Collecting data for eval...
Eval_AverageReturn : 280.9280700683594
Eval_StdReturn : 24.068147659301758
Eval_MaxReturn : 316.7577819824219
Eval_MinReturn : 252.9080047607422
Eval_AverageEpLen : 133.5
Train_AverageReturn : 287.1365966796875
Train_StdReturn : 29.681612014770508
Train_MaxReturn : 331.05950927734375
Train_MinReturn : 224.73648071289062
Train_AverageEpLen : 145.14285714285714
Train_EnvstepsSoFar : 444105
TimeSinceStart : 177.89857697486877
Training Loss : 0.0028363054152578115
Baseline Loss : 0.3476990759372711
Initial_DataCollection_AverageReturn : 9.580930709838867
Done logging...




********** Iteration 216 ************

Beginning logging procedure...

Collecting data for eval...
Eval_AverageReturn : 325.8065490722656
Eval_StdReturn : 19.83871078491211
Eval_MaxReturn : 349.5472412109375
Eval_MinReturn : 300.9883728027344
Eval_AverageEpLen : 157.33333333333334
Train_AverageReturn : 331.8661804199219
Train_StdReturn : 39.551971435546875
Train_MaxReturn : 385.5041198730469
Train_MinReturn : 272.17864990234375
Train_AverageEpLen : 167.66666666666666
Train_EnvstepsSoFar : 446117
TimeSinceStart : 178.82651615142822
Training Loss : 0.010402511805295944
Baseline Loss : 0.21790769696235657
Initial_DataCollection_AverageReturn : 9.580930709838867
Done logging...




********** Iteration 217 ************

Beginning logging procedure...

Collecting data for eval...
Eval_AverageReturn : 373.175537109375
Eval_StdReturn : 24.86260986328125
Eval_MaxReturn : 398.03814697265625
Eval_MinReturn : 348.31292724609375
Eval_AverageEpLen : 200.0
Train_AverageReturn : 300.32879638671875
Train_StdReturn : 49.536930084228516
Train_MaxReturn : 440.67291259765625
Train_MinReturn : 236.0558624267578
Train_AverageEpLen : 149.35714285714286
Train_EnvstepsSoFar : 448208
TimeSinceStart : 179.76262044906616
Training Loss : -0.030680885538458824
Baseline Loss : 0.21347548067569733
Initial_DataCollection_AverageReturn : 9.580930709838867
Done logging...




********** Iteration 218 ************

Beginning logging procedure...

Collecting data for eval...
Eval_AverageReturn : 293.5162048339844
Eval_StdReturn : 12.90356159210205
Eval_MaxReturn : 311.735595703125
Eval_MinReturn : 283.5160217285156
Eval_AverageEpLen : 139.66666666666666
Train_AverageReturn : 305.4096374511719
Train_StdReturn : 35.67947006225586
Train_MaxReturn : 359.59661865234375
Train_MinReturn : 245.8094024658203
Train_AverageEpLen : 148.21428571428572
Train_EnvstepsSoFar : 450283
TimeSinceStart : 180.62106490135193
Training Loss : -0.025067230686545372
Baseline Loss : 0.21372056007385254
Initial_DataCollection_AverageReturn : 9.580930709838867
Done logging...




********** Iteration 219 ************

Beginning logging procedure...

Collecting data for eval...
Eval_AverageReturn : 345.8125915527344
Eval_StdReturn : 30.760482788085938
Eval_MaxReturn : 385.1033935546875
Eval_MinReturn : 309.9966735839844
Eval_AverageEpLen : 161.0
Train_AverageReturn : 351.0071105957031
Train_StdReturn : 46.3486213684082
Train_MaxReturn : 459.16082763671875
Train_MinReturn : 282.0057373046875
Train_AverageEpLen : 184.0909090909091
Train_EnvstepsSoFar : 452308
TimeSinceStart : 181.53073120117188
Training Loss : -0.041377726942300797
Baseline Loss : 0.24035361409187317
Initial_DataCollection_AverageReturn : 9.580930709838867
Done logging...




********** Iteration 220 ************

Beginning logging procedure...

Collecting data for eval...
Eval_AverageReturn : 296.0965576171875
Eval_StdReturn : 79.43433380126953
Eval_MaxReturn : 408.3616638183594
Eval_MinReturn : 236.48158264160156
Eval_AverageEpLen : 162.33333333333334
Train_AverageReturn : 325.3822937011719
Train_StdReturn : 38.31126403808594
Train_MaxReturn : 389.01513671875
Train_MinReturn : 257.4707336425781
Train_AverageEpLen : 166.75
Train_EnvstepsSoFar : 454309
TimeSinceStart : 182.44330286979675
Training Loss : 0.039795514196157455
Baseline Loss : 0.24831807613372803
Initial_DataCollection_AverageReturn : 9.580930709838867
Done logging...




********** Iteration 221 ************

Beginning logging procedure...

Collecting data for eval...
Eval_AverageReturn : 335.4845886230469
Eval_StdReturn : 24.403644561767578
Eval_MaxReturn : 367.5780334472656
Eval_MinReturn : 308.4462890625
Eval_AverageEpLen : 160.66666666666666
Train_AverageReturn : 319.2798156738281
Train_StdReturn : 27.91927719116211
Train_MaxReturn : 387.2076416015625
Train_MinReturn : 279.6924133300781
Train_AverageEpLen : 162.46153846153845
Train_EnvstepsSoFar : 456421
TimeSinceStart : 183.3327775001526
Training Loss : -0.048899367451667786
Baseline Loss : 0.2962906062602997
Initial_DataCollection_AverageReturn : 9.580930709838867
Done logging...




********** Iteration 222 ************

Beginning logging procedure...

Collecting data for eval...
Eval_AverageReturn : 292.4876708984375
Eval_StdReturn : 82.45207214355469
Eval_MaxReturn : 394.70916748046875
Eval_MinReturn : 192.791015625
Eval_AverageEpLen : 152.0
Train_AverageReturn : 318.03387451171875
Train_StdReturn : 67.88397216796875
Train_MaxReturn : 430.27593994140625
Train_MinReturn : 159.47320556640625
Train_AverageEpLen : 156.69230769230768
Train_EnvstepsSoFar : 458458
TimeSinceStart : 184.21115064620972
Training Loss : -0.015370329841971397
Baseline Loss : 0.311242938041687
Initial_DataCollection_AverageReturn : 9.580930709838867
Done logging...




********** Iteration 223 ************

Beginning logging procedure...

Collecting data for eval...
Eval_AverageReturn : 326.1058044433594
Eval_StdReturn : 60.879974365234375
Eval_MaxReturn : 402.81591796875
Eval_MinReturn : 253.89479064941406
Eval_AverageEpLen : 163.0
Train_AverageReturn : 326.0252380371094
Train_StdReturn : 44.51339340209961
Train_MaxReturn : 395.6615295410156
Train_MinReturn : 251.73171997070312
Train_AverageEpLen : 161.3846153846154
Train_EnvstepsSoFar : 460556
TimeSinceStart : 185.15008640289307
Training Loss : -0.011914661154150963
Baseline Loss : 0.19073070585727692
Initial_DataCollection_AverageReturn : 9.580930709838867
Done logging...




********** Iteration 224 ************

Beginning logging procedure...

Collecting data for eval...
Eval_AverageReturn : 284.9711608886719
Eval_StdReturn : 41.490150451660156
Eval_MaxReturn : 318.32659912109375
Eval_MinReturn : 226.48782348632812
Eval_AverageEpLen : 141.0
Train_AverageReturn : 321.42254638671875
Train_StdReturn : 58.47288513183594
Train_MaxReturn : 435.8919982910156
Train_MinReturn : 206.86141967773438
Train_AverageEpLen : 156.76923076923077
Train_EnvstepsSoFar : 462594
TimeSinceStart : 185.9714994430542
Training Loss : -0.04974968358874321
Baseline Loss : 0.3173811137676239
Initial_DataCollection_AverageReturn : 9.580930709838867
Done logging...




********** Iteration 225 ************

Beginning logging procedure...

Collecting data for eval...
Eval_AverageReturn : 309.43603515625
Eval_StdReturn : 56.22224807739258
Eval_MaxReturn : 386.43182373046875
Eval_MinReturn : 253.75827026367188
Eval_AverageEpLen : 154.66666666666666
Train_AverageReturn : 334.7533264160156
Train_StdReturn : 55.75192642211914
Train_MaxReturn : 448.70599365234375
Train_MinReturn : 235.16709899902344
Train_AverageEpLen : 167.58333333333334
Train_EnvstepsSoFar : 464605
TimeSinceStart : 186.77096033096313
Training Loss : 0.01567773148417473
Baseline Loss : 0.36024728417396545
Initial_DataCollection_AverageReturn : 9.580930709838867
Done logging...




********** Iteration 226 ************

Beginning logging procedure...

Collecting data for eval...
Eval_AverageReturn : 303.87158203125
Eval_StdReturn : 3.037745237350464
Eval_MaxReturn : 307.5442199707031
Eval_MinReturn : 300.1050720214844
Eval_AverageEpLen : 142.0
Train_AverageReturn : 341.52508544921875
Train_StdReturn : 42.389862060546875
Train_MaxReturn : 438.3625183105469
Train_MinReturn : 272.4207763671875
Train_AverageEpLen : 161.15384615384616
Train_EnvstepsSoFar : 466700
TimeSinceStart : 187.68596076965332
Training Loss : 0.05929824337363243
Baseline Loss : 0.20497867465019226
Initial_DataCollection_AverageReturn : 9.580930709838867
Done logging...




********** Iteration 227 ************

Beginning logging procedure...

Collecting data for eval...
Eval_AverageReturn : 350.4947814941406
Eval_StdReturn : 26.2730655670166
Eval_MaxReturn : 387.301513671875
Eval_MinReturn : 327.69134521484375
Eval_AverageEpLen : 172.0
Train_AverageReturn : 319.41943359375
Train_StdReturn : 36.59260177612305
Train_MaxReturn : 395.6834411621094
Train_MinReturn : 244.2779998779297
Train_AverageEpLen : 161.30769230769232
Train_EnvstepsSoFar : 468797
TimeSinceStart : 188.61056876182556
Training Loss : -0.019174611195921898
Baseline Loss : 0.1982906460762024
Initial_DataCollection_AverageReturn : 9.580930709838867
Done logging...




********** Iteration 228 ************

Beginning logging procedure...

Collecting data for eval...
Eval_AverageReturn : 377.4892272949219
Eval_StdReturn : 30.678050994873047
Eval_MaxReturn : 417.7399597167969
Eval_MinReturn : 343.3416442871094
Eval_AverageEpLen : 182.66666666666666
Train_AverageReturn : 329.1789855957031
Train_StdReturn : 44.733726501464844
Train_MaxReturn : 394.2642517089844
Train_MinReturn : 212.0081329345703
Train_AverageEpLen : 163.30769230769232
Train_EnvstepsSoFar : 470920
TimeSinceStart : 189.55530786514282
Training Loss : 0.013489468954503536
Baseline Loss : 0.24546827375888824
Initial_DataCollection_AverageReturn : 9.580930709838867
Done logging...




********** Iteration 229 ************

Beginning logging procedure...

Collecting data for eval...
Eval_AverageReturn : 389.82501220703125
Eval_StdReturn : 15.963134765625
Eval_MaxReturn : 405.78814697265625
Eval_MinReturn : 373.86187744140625
Eval_AverageEpLen : 209.5
Train_AverageReturn : 362.3013916015625
Train_StdReturn : 65.10587310791016
Train_MaxReturn : 525.1566162109375
Train_MinReturn : 285.8022155761719
Train_AverageEpLen : 188.0
Train_EnvstepsSoFar : 472988
TimeSinceStart : 190.41007685661316
Training Loss : -0.018425049260258675
Baseline Loss : 0.3693047761917114
Initial_DataCollection_AverageReturn : 9.580930709838867
Done logging...




********** Iteration 230 ************

Beginning logging procedure...

Collecting data for eval...
Eval_AverageReturn : 331.1256408691406
Eval_StdReturn : 28.078411102294922
Eval_MaxReturn : 367.1014099121094
Eval_MinReturn : 298.5808410644531
Eval_AverageEpLen : 176.33333333333334
Train_AverageReturn : 326.78118896484375
Train_StdReturn : 53.40171432495117
Train_MaxReturn : 447.9538879394531
Train_MinReturn : 262.73529052734375
Train_AverageEpLen : 162.84615384615384
Train_EnvstepsSoFar : 475105
TimeSinceStart : 191.30945301055908
Training Loss : 0.00750788114964962
Baseline Loss : 0.38551610708236694
Initial_DataCollection_AverageReturn : 9.580930709838867
Done logging...




********** Iteration 231 ************

Beginning logging procedure...

Collecting data for eval...
Eval_AverageReturn : 327.8029479980469
Eval_StdReturn : 32.94805145263672
Eval_MaxReturn : 374.3936767578125
Eval_MinReturn : 303.92486572265625
Eval_AverageEpLen : 173.0
Train_AverageReturn : 360.984619140625
Train_StdReturn : 80.52352905273438
Train_MaxReturn : 491.01409912109375
Train_MinReturn : 226.43661499023438
Train_AverageEpLen : 174.25
Train_EnvstepsSoFar : 477196
TimeSinceStart : 192.13572764396667
Training Loss : -0.010730184614658356
Baseline Loss : 0.42166346311569214
Initial_DataCollection_AverageReturn : 9.580930709838867
Done logging...




********** Iteration 232 ************

Beginning logging procedure...

Collecting data for eval...
Eval_AverageReturn : 386.8619079589844
Eval_StdReturn : 17.274261474609375
Eval_MaxReturn : 404.13616943359375
Eval_MinReturn : 369.587646484375
Eval_AverageEpLen : 205.5
Train_AverageReturn : 314.13238525390625
Train_StdReturn : 64.71276092529297
Train_MaxReturn : 427.10986328125
Train_MinReturn : 120.41946411132812
Train_AverageEpLen : 153.64285714285714
Train_EnvstepsSoFar : 479347
TimeSinceStart : 192.8931803703308
Training Loss : -0.01296183094382286
Baseline Loss : 0.3506666421890259
Initial_DataCollection_AverageReturn : 9.580930709838867
Done logging...




********** Iteration 233 ************

Beginning logging procedure...

Collecting data for eval...
Eval_AverageReturn : 312.3737487792969
Eval_StdReturn : 33.278446197509766
Eval_MaxReturn : 340.0981140136719
Eval_MinReturn : 265.57672119140625
Eval_AverageEpLen : 149.66666666666666
Train_AverageReturn : 433.3546447753906
Train_StdReturn : 93.02960205078125
Train_MaxReturn : 611.81884765625
Train_MinReturn : 319.0685729980469
Train_AverageEpLen : 228.33333333333334
Train_EnvstepsSoFar : 481402
TimeSinceStart : 193.73328590393066
Training Loss : 0.02789614535868168
Baseline Loss : 0.4595908522605896
Initial_DataCollection_AverageReturn : 9.580930709838867
Done logging...




********** Iteration 234 ************

Beginning logging procedure...

Collecting data for eval...
Eval_AverageReturn : 299.80792236328125
Eval_StdReturn : 105.7261734008789
Eval_MaxReturn : 400.3616027832031
Eval_MinReturn : 153.69918823242188
Eval_AverageEpLen : 156.0
Train_AverageReturn : 379.6117248535156
Train_StdReturn : 128.8700714111328
Train_MaxReturn : 645.6817626953125
Train_MinReturn : 148.33738708496094
Train_AverageEpLen : 183.72727272727272
Train_EnvstepsSoFar : 483423
TimeSinceStart : 194.51432394981384
Training Loss : 0.03766766935586929
Baseline Loss : 0.5996426939964294
Initial_DataCollection_AverageReturn : 9.580930709838867
Done logging...




********** Iteration 235 ************

Beginning logging procedure...

Collecting data for eval...
Eval_AverageReturn : 300.3185119628906
Eval_StdReturn : 113.26760864257812
Eval_MaxReturn : 385.574951171875
Eval_MinReturn : 140.2473907470703
Eval_AverageEpLen : 156.66666666666666
Train_AverageReturn : 372.3026428222656
Train_StdReturn : 97.74390411376953
Train_MaxReturn : 521.4014892578125
Train_MinReturn : 139.73277282714844
Train_AverageEpLen : 198.63636363636363
Train_EnvstepsSoFar : 485608
TimeSinceStart : 195.3071780204773
Training Loss : -0.015123012475669384
Baseline Loss : 0.7819768190383911
Initial_DataCollection_AverageReturn : 9.580930709838867
Done logging...




********** Iteration 236 ************

Beginning logging procedure...

Collecting data for eval...
Eval_AverageReturn : 312.13079833984375
Eval_StdReturn : 140.4996795654297
Eval_MaxReturn : 479.1074523925781
Eval_MinReturn : 135.3722381591797
Eval_AverageEpLen : 152.66666666666666
Train_AverageReturn : 379.6864013671875
Train_StdReturn : 111.90361022949219
Train_MaxReturn : 538.9953002929688
Train_MinReturn : 162.39962768554688
Train_AverageEpLen : 193.36363636363637
Train_EnvstepsSoFar : 487735
TimeSinceStart : 196.1030831336975
Training Loss : -0.045727651566267014
Baseline Loss : 0.7018530368804932
Initial_DataCollection_AverageReturn : 9.580930709838867
Done logging...




********** Iteration 237 ************

Beginning logging procedure...

Collecting data for eval...
Eval_AverageReturn : 616.6945190429688
Eval_StdReturn : 0.0
Eval_MaxReturn : 616.6945190429688
Eval_MinReturn : 616.6945190429688
Eval_AverageEpLen : 400.0
Train_AverageReturn : 354.62786865234375
Train_StdReturn : 126.11985778808594
Train_MaxReturn : 567.3866577148438
Train_MinReturn : 153.53067016601562
Train_AverageEpLen : 194.1818181818182
Train_EnvstepsSoFar : 489871
TimeSinceStart : 196.8584008216858
Training Loss : -0.05770730972290039
Baseline Loss : 0.8720224499702454
Initial_DataCollection_AverageReturn : 9.580930709838867
Done logging...




********** Iteration 238 ************

Beginning logging procedure...

Collecting data for eval...
Eval_AverageReturn : 307.96429443359375
Eval_StdReturn : 125.63336181640625
Eval_MaxReturn : 454.98114013671875
Eval_MinReturn : 148.05479431152344
Eval_AverageEpLen : 150.0
Train_AverageReturn : 439.5816955566406
Train_StdReturn : 147.1815643310547
Train_MaxReturn : 808.845458984375
Train_MinReturn : 287.0578918457031
Train_AverageEpLen : 210.1
Train_EnvstepsSoFar : 491972
TimeSinceStart : 197.5669550895691
Training Loss : 0.002118918113410473
Baseline Loss : 0.5613027215003967
Initial_DataCollection_AverageReturn : 9.580930709838867
Done logging...




********** Iteration 239 ************

Beginning logging procedure...

Collecting data for eval...
Eval_AverageReturn : 418.3184814453125
Eval_StdReturn : 120.22621154785156
Eval_MaxReturn : 538.544677734375
Eval_MinReturn : 298.0922546386719
Eval_AverageEpLen : 216.0
Train_AverageReturn : 419.52069091796875
Train_StdReturn : 148.8052215576172
Train_MaxReturn : 717.1851196289062
Train_MinReturn : 180.13507080078125
Train_AverageEpLen : 205.0
Train_EnvstepsSoFar : 494227
TimeSinceStart : 198.3651840686798
Training Loss : 0.026006411761045456
Baseline Loss : 0.6235249638557434
Initial_DataCollection_AverageReturn : 9.580930709838867
Done logging...




********** Iteration 240 ************

Beginning logging procedure...

Collecting data for eval...
Eval_AverageReturn : 361.257080078125
Eval_StdReturn : 20.281702041625977
Eval_MaxReturn : 387.5004577636719
Eval_MinReturn : 338.1111755371094
Eval_AverageEpLen : 184.0
Train_AverageReturn : 509.5594177246094
Train_StdReturn : 154.73306274414062
Train_MaxReturn : 859.7977905273438
Train_MinReturn : 283.43896484375
Train_AverageEpLen : 234.11111111111111
Train_EnvstepsSoFar : 496334
TimeSinceStart : 199.14908695220947
Training Loss : -0.0061304159462451935
Baseline Loss : 0.41988781094551086
Initial_DataCollection_AverageReturn : 9.580930709838867
Done logging...




********** Iteration 241 ************

Beginning logging procedure...

Collecting data for eval...
Eval_AverageReturn : 294.08197021484375
Eval_StdReturn : 125.69252014160156
Eval_MaxReturn : 445.821533203125
Eval_MinReturn : 138.0296173095703
Eval_AverageEpLen : 167.66666666666666
Train_AverageReturn : 372.7826843261719
Train_StdReturn : 77.5255355834961
Train_MaxReturn : 526.560302734375
Train_MinReturn : 200.55914306640625
Train_AverageEpLen : 174.75
Train_EnvstepsSoFar : 498431
TimeSinceStart : 199.9664523601532
Training Loss : 0.02161397971212864
Baseline Loss : 0.5124146342277527
Initial_DataCollection_AverageReturn : 9.580930709838867
Done logging...




********** Iteration 242 ************

Beginning logging procedure...

Collecting data for eval...
Eval_AverageReturn : 511.2276611328125
Eval_StdReturn : 79.7652587890625
Eval_MaxReturn : 590.992919921875
Eval_MinReturn : 431.46240234375
Eval_AverageEpLen : 220.5
Train_AverageReturn : 417.72271728515625
Train_StdReturn : 162.0992889404297
Train_MaxReturn : 657.5369873046875
Train_MinReturn : 178.50868225097656
Train_AverageEpLen : 209.5
Train_EnvstepsSoFar : 500526
TimeSinceStart : 200.70344972610474
Training Loss : -0.022349370643496513
Baseline Loss : 0.6217581629753113
Initial_DataCollection_AverageReturn : 9.580930709838867
Done logging...




********** Iteration 243 ************

Beginning logging procedure...

Collecting data for eval...
Eval_AverageReturn : 419.62432861328125
Eval_StdReturn : 190.3265838623047
Eval_MaxReturn : 609.950927734375
Eval_MinReturn : 229.29776000976562
Eval_AverageEpLen : 296.5
Train_AverageReturn : 382.9124755859375
Train_StdReturn : 191.6556396484375
Train_MaxReturn : 902.6552124023438
Train_MinReturn : 124.63169860839844
Train_AverageEpLen : 178.5
Train_EnvstepsSoFar : 502668
TimeSinceStart : 201.4970703125
Training Loss : -0.04624028503894806
Baseline Loss : 0.8274080157279968
Initial_DataCollection_AverageReturn : 9.580930709838867
Done logging...




********** Iteration 244 ************

Beginning logging procedure...

Collecting data for eval...
Eval_AverageReturn : 438.7303466796875
Eval_StdReturn : 76.66111755371094
Eval_MaxReturn : 515.3914794921875
Eval_MinReturn : 362.0692443847656
Eval_AverageEpLen : 235.5
Train_AverageReturn : 365.7259521484375
Train_StdReturn : 133.86062622070312
Train_MaxReturn : 558.5218505859375
Train_MinReturn : 145.63706970214844
Train_AverageEpLen : 173.58333333333334
Train_EnvstepsSoFar : 504751
TimeSinceStart : 202.31314277648926
Training Loss : -0.03697607293725014
Baseline Loss : 0.5539101958274841
Initial_DataCollection_AverageReturn : 9.580930709838867
Done logging...




********** Iteration 245 ************

Beginning logging procedure...

Collecting data for eval...
Eval_AverageReturn : 230.4822235107422
Eval_StdReturn : 123.17903137207031
Eval_MaxReturn : 375.76104736328125
Eval_MinReturn : 92.65064239501953
Eval_AverageEpLen : 113.0
Train_AverageReturn : 356.2789306640625
Train_StdReturn : 215.2029571533203
Train_MaxReturn : 782.5709838867188
Train_MinReturn : 106.14945983886719
Train_AverageEpLen : 192.8181818181818
Train_EnvstepsSoFar : 506872
TimeSinceStart : 203.13615250587463
Training Loss : 0.0071045467630028725
Baseline Loss : 1.0232937335968018
Initial_DataCollection_AverageReturn : 9.580930709838867
Done logging...




********** Iteration 246 ************

Beginning logging procedure...

Collecting data for eval...
Eval_AverageReturn : 795.721923828125
Eval_StdReturn : 0.0
Eval_MaxReturn : 795.721923828125
Eval_MinReturn : 795.721923828125
Eval_AverageEpLen : 435.0
Train_AverageReturn : 399.792724609375
Train_StdReturn : 82.29248809814453
Train_MaxReturn : 528.7950439453125
Train_MinReturn : 270.076171875
Train_AverageEpLen : 203.6
Train_EnvstepsSoFar : 508908
TimeSinceStart : 203.87878561019897
Training Loss : -0.037039171904325485
Baseline Loss : 0.6883470416069031
Initial_DataCollection_AverageReturn : 9.580930709838867
Done logging...




********** Iteration 247 ************

Beginning logging procedure...

Collecting data for eval...
Eval_AverageReturn : 307.8419189453125
Eval_StdReturn : 125.24626922607422
Eval_MaxReturn : 429.93292236328125
Eval_MinReturn : 135.6645965576172
Eval_AverageEpLen : 168.33333333333334
Train_AverageReturn : 449.8642272949219
Train_StdReturn : 280.179443359375
Train_MaxReturn : 1005.556396484375
Train_MinReturn : 82.205322265625
Train_AverageEpLen : 253.875
Train_EnvstepsSoFar : 510939
TimeSinceStart : 204.61729860305786
Training Loss : -0.007949566468596458
Baseline Loss : 0.8458089232444763
Initial_DataCollection_AverageReturn : 9.580930709838867
Done logging...




********** Iteration 248 ************

Beginning logging procedure...

Collecting data for eval...
Eval_AverageReturn : 262.0960998535156
Eval_StdReturn : 142.89443969726562
Eval_MaxReturn : 446.6222229003906
Eval_MinReturn : 98.48310089111328
Eval_AverageEpLen : 164.0
Train_AverageReturn : 533.2305908203125
Train_StdReturn : 226.58016967773438
Train_MaxReturn : 862.9052734375
Train_MinReturn : 230.9418182373047
Train_AverageEpLen : 263.875
Train_EnvstepsSoFar : 513050
TimeSinceStart : 205.43103623390198
Training Loss : -0.006865428760647774
Baseline Loss : 0.6548959016799927
Initial_DataCollection_AverageReturn : 9.580930709838867
Done logging...




********** Iteration 249 ************

Beginning logging procedure...

Collecting data for eval...
Eval_AverageReturn : 417.2604064941406
Eval_StdReturn : 119.04464721679688
Eval_MaxReturn : 536.3050537109375
Eval_MinReturn : 298.21575927734375
Eval_AverageEpLen : 214.0
Train_AverageReturn : 338.0270080566406
Train_StdReturn : 197.73500061035156
Train_MaxReturn : 866.9024658203125
Train_MinReturn : 79.42608642578125
Train_AverageEpLen : 178.6153846153846
Train_EnvstepsSoFar : 515372
TimeSinceStart : 206.32565832138062
Training Loss : -0.01749091036617756
Baseline Loss : 0.8560158610343933
Initial_DataCollection_AverageReturn : 9.580930709838867
Done logging...




********** Iteration 250 ************

Beginning logging procedure...

Collecting data for eval...
Eval_AverageReturn : 583.0548706054688
Eval_StdReturn : 108.82071685791016
Eval_MaxReturn : 691.8756103515625
Eval_MinReturn : 474.2341613769531
Eval_AverageEpLen : 294.5
Train_AverageReturn : 310.47021484375
Train_StdReturn : 161.34483337402344
Train_MaxReturn : 566.7722778320312
Train_MinReturn : 81.08670806884766
Train_AverageEpLen : 167.07692307692307
Train_EnvstepsSoFar : 517544
TimeSinceStart : 207.14122462272644
Training Loss : -0.03905089572072029
Baseline Loss : 1.0513514280319214
Initial_DataCollection_AverageReturn : 9.580930709838867
Done logging...




********** Iteration 251 ************

Beginning logging procedure...

Collecting data for eval...
Eval_AverageReturn : 321.6490783691406
Eval_StdReturn : 76.09906768798828
Eval_MaxReturn : 400.9742126464844
Eval_MinReturn : 219.00042724609375
Eval_AverageEpLen : 163.66666666666666
Train_AverageReturn : 375.2554626464844
Train_StdReturn : 110.50750732421875
Train_MaxReturn : 613.35009765625
Train_MinReturn : 232.8746795654297
Train_AverageEpLen : 198.72727272727272
Train_EnvstepsSoFar : 519730
TimeSinceStart : 207.98199343681335
Training Loss : -0.08115830272436142
Baseline Loss : 0.46287843585014343
Initial_DataCollection_AverageReturn : 9.580930709838867
Done logging...




********** Iteration 252 ************

Beginning logging procedure...

Collecting data for eval...
Eval_AverageReturn : 307.0173645019531
Eval_StdReturn : 153.45989990234375
Eval_MaxReturn : 422.41815185546875
Eval_MinReturn : 90.14127349853516
Eval_AverageEpLen : 150.33333333333334
Train_AverageReturn : 371.1509094238281
Train_StdReturn : 149.52102661132812
Train_MaxReturn : 710.653076171875
Train_MinReturn : 130.2685546875
Train_AverageEpLen : 207.8181818181818
Train_EnvstepsSoFar : 522016
TimeSinceStart : 208.82951164245605
Training Loss : -0.04308152571320534
Baseline Loss : 0.9082720279693604
Initial_DataCollection_AverageReturn : 9.580930709838867
Done logging...




********** Iteration 253 ************

Beginning logging procedure...

Collecting data for eval...
Eval_AverageReturn : 422.1290283203125
Eval_StdReturn : 53.82061767578125
Eval_MaxReturn : 475.94964599609375
Eval_MinReturn : 368.30841064453125
Eval_AverageEpLen : 211.0
Train_AverageReturn : 317.3722229003906
Train_StdReturn : 137.0584259033203
Train_MaxReturn : 505.4707336425781
Train_MinReturn : 69.47122192382812
Train_AverageEpLen : 153.42857142857142
Train_EnvstepsSoFar : 524164
TimeSinceStart : 209.5822675228119
Training Loss : -0.01413380540907383
Baseline Loss : 0.690287172794342
Initial_DataCollection_AverageReturn : 9.580930709838867
Done logging...




********** Iteration 254 ************

Beginning logging procedure...

Collecting data for eval...
Eval_AverageReturn : 212.2818603515625
Eval_StdReturn : 116.8279037475586
Eval_MaxReturn : 332.9715881347656
Eval_MinReturn : 90.69384002685547
Eval_AverageEpLen : 105.5
Train_AverageReturn : 307.8526611328125
Train_StdReturn : 161.91818237304688
Train_MaxReturn : 640.06005859375
Train_MinReturn : 90.42596435546875
Train_AverageEpLen : 155.30769230769232
Train_EnvstepsSoFar : 526183
TimeSinceStart : 210.272155046463
Training Loss : 0.02062845788896084
Baseline Loss : 0.7848126888275146
Initial_DataCollection_AverageReturn : 9.580930709838867
Done logging...




********** Iteration 255 ************

Beginning logging procedure...

Collecting data for eval...
Eval_AverageReturn : 352.9095153808594
Eval_StdReturn : 142.6365203857422
Eval_MaxReturn : 491.3248291015625
Eval_MinReturn : 156.62445068359375
Eval_AverageEpLen : 161.0
Train_AverageReturn : 385.0462646484375
Train_StdReturn : 163.7396240234375
Train_MaxReturn : 635.9962158203125
Train_MinReturn : 92.68533325195312
Train_AverageEpLen : 183.72727272727272
Train_EnvstepsSoFar : 528204
TimeSinceStart : 210.95297765731812
Training Loss : -0.04268823191523552
Baseline Loss : 0.6239283680915833
Initial_DataCollection_AverageReturn : 9.580930709838867
Done logging...




********** Iteration 256 ************

Beginning logging procedure...

Collecting data for eval...
Eval_AverageReturn : 339.20880126953125
Eval_StdReturn : 38.56678771972656
Eval_MaxReturn : 377.77557373046875
Eval_MinReturn : 300.6419982910156
Eval_AverageEpLen : 203.5
Train_AverageReturn : 455.8141784667969
Train_StdReturn : 176.16664123535156
Train_MaxReturn : 761.6461791992188
Train_MinReturn : 131.49191284179688
Train_AverageEpLen : 226.55555555555554
Train_EnvstepsSoFar : 530243
TimeSinceStart : 211.7051248550415
Training Loss : 0.008409818634390831
Baseline Loss : 0.7780041694641113
Initial_DataCollection_AverageReturn : 9.580930709838867
Done logging...




********** Iteration 257 ************

Beginning logging procedure...

Collecting data for eval...
Eval_AverageReturn : 502.32177734375
Eval_StdReturn : 169.64955139160156
Eval_MaxReturn : 671.9713134765625
Eval_MinReturn : 332.6722106933594
Eval_AverageEpLen : 230.5
Train_AverageReturn : 323.4926452636719
Train_StdReturn : 95.72993469238281
Train_MaxReturn : 407.9219665527344
Train_MinReturn : 90.73957061767578
Train_AverageEpLen : 159.92307692307693
Train_EnvstepsSoFar : 532322
TimeSinceStart : 212.43041920661926
Training Loss : -0.024914024397730827
Baseline Loss : 0.6066773533821106
Initial_DataCollection_AverageReturn : 9.580930709838867
Done logging...




********** Iteration 258 ************

Beginning logging procedure...

Collecting data for eval...
Eval_AverageReturn : 564.0223999023438
Eval_StdReturn : 51.67572021484375
Eval_MaxReturn : 615.6981201171875
Eval_MinReturn : 512.3466796875
Eval_AverageEpLen : 270.5
Train_AverageReturn : 334.4220886230469
Train_StdReturn : 157.19358825683594
Train_MaxReturn : 588.9072875976562
Train_MinReturn : 91.15629577636719
Train_AverageEpLen : 173.66666666666666
Train_EnvstepsSoFar : 534406
TimeSinceStart : 213.1721065044403
Training Loss : -0.019440462812781334
Baseline Loss : 0.7331354022026062
Initial_DataCollection_AverageReturn : 9.580930709838867
Done logging...




********** Iteration 259 ************

Beginning logging procedure...

Collecting data for eval...
Eval_AverageReturn : 580.161376953125
Eval_StdReturn : 88.52635192871094
Eval_MaxReturn : 668.687744140625
Eval_MinReturn : 491.6350402832031
Eval_AverageEpLen : 242.5
Train_AverageReturn : 331.73876953125
Train_StdReturn : 156.6261749267578
Train_MaxReturn : 578.7772827148438
Train_MinReturn : 110.56798553466797
Train_AverageEpLen : 160.3846153846154
Train_EnvstepsSoFar : 536491
TimeSinceStart : 214.09977674484253
Training Loss : 0.018278973177075386
Baseline Loss : 0.7117161750793457
Initial_DataCollection_AverageReturn : 9.580930709838867
Done logging...




********** Iteration 260 ************

Beginning logging procedure...

Collecting data for eval...
Eval_AverageReturn : 311.9942626953125
Eval_StdReturn : 111.37504577636719
Eval_MaxReturn : 401.75494384765625
Eval_MinReturn : 155.02528381347656
Eval_AverageEpLen : 154.0
Train_AverageReturn : 412.0633850097656
Train_StdReturn : 135.06719970703125
Train_MaxReturn : 582.0345458984375
Train_MinReturn : 158.28591918945312
Train_AverageEpLen : 188.0
Train_EnvstepsSoFar : 538559
TimeSinceStart : 214.8800790309906
Training Loss : -0.004065332934260368
Baseline Loss : 0.619773805141449
Initial_DataCollection_AverageReturn : 9.580930709838867
Done logging...




********** Iteration 261 ************

Beginning logging procedure...

Collecting data for eval...
Eval_AverageReturn : 392.3724365234375
Eval_StdReturn : 178.7134552001953
Eval_MaxReturn : 593.7459716796875
Eval_MinReturn : 159.4197540283203
Eval_AverageEpLen : 187.33333333333334
Train_AverageReturn : 360.55517578125
Train_StdReturn : 95.32106018066406
Train_MaxReturn : 527.78271484375
Train_MinReturn : 179.66087341308594
Train_AverageEpLen : 165.15384615384616
Train_EnvstepsSoFar : 540706
TimeSinceStart : 215.7120349407196
Training Loss : 0.003432890400290489
Baseline Loss : 0.4275447726249695
Initial_DataCollection_AverageReturn : 9.580930709838867
Done logging...




********** Iteration 262 ************

Beginning logging procedure...

Collecting data for eval...
Eval_AverageReturn : 355.115966796875
Eval_StdReturn : 179.00514221191406
Eval_MaxReturn : 521.749267578125
Eval_MinReturn : 70.02891540527344
Eval_AverageEpLen : 148.5
Train_AverageReturn : 481.3722229003906
Train_StdReturn : 143.7355194091797
Train_MaxReturn : 694.574462890625
Train_MinReturn : 255.19993591308594
Train_AverageEpLen : 239.77777777777777
Train_EnvstepsSoFar : 542864
TimeSinceStart : 216.53909993171692
Training Loss : 0.035257309675216675
Baseline Loss : 0.8077110648155212
Initial_DataCollection_AverageReturn : 9.580930709838867
Done logging...




********** Iteration 263 ************

Beginning logging procedure...

Collecting data for eval...
Eval_AverageReturn : 536.8767700195312
Eval_StdReturn : 51.01127624511719
Eval_MaxReturn : 587.8880615234375
Eval_MinReturn : 485.8655090332031
Eval_AverageEpLen : 215.5
Train_AverageReturn : 420.590576171875
Train_StdReturn : 132.96054077148438
Train_MaxReturn : 664.0745239257812
Train_MinReturn : 146.6500244140625
Train_AverageEpLen : 214.0
Train_EnvstepsSoFar : 545004
TimeSinceStart : 217.2695336341858
Training Loss : 0.029700545594096184
Baseline Loss : 0.5694451332092285
Initial_DataCollection_AverageReturn : 9.580930709838867
Done logging...




********** Iteration 264 ************

Beginning logging procedure...

Collecting data for eval...
Eval_AverageReturn : 350.9466247558594
Eval_StdReturn : 23.93466567993164
Eval_MaxReturn : 383.8672790527344
Eval_MinReturn : 327.6690673828125
Eval_AverageEpLen : 149.33333333333334
Train_AverageReturn : 383.3321533203125
Train_StdReturn : 94.03128814697266
Train_MaxReturn : 594.4789428710938
Train_MinReturn : 187.24278259277344
Train_AverageEpLen : 193.54545454545453
Train_EnvstepsSoFar : 547133
TimeSinceStart : 218.06652522087097
Training Loss : -0.0032437609042972326
Baseline Loss : 0.7894572615623474
Initial_DataCollection_AverageReturn : 9.580930709838867
Done logging...




********** Iteration 265 ************

Beginning logging procedure...

Collecting data for eval...
Eval_AverageReturn : 262.58905029296875
Eval_StdReturn : 87.0473403930664
Eval_MaxReturn : 362.62530517578125
Eval_MinReturn : 124.26268005371094
Eval_AverageEpLen : 120.75
Train_AverageReturn : 418.0569763183594
Train_StdReturn : 152.54820251464844
Train_MaxReturn : 736.3259887695312
Train_MinReturn : 217.92092895507812
Train_AverageEpLen : 204.9
Train_EnvstepsSoFar : 549182
TimeSinceStart : 218.8190245628357
Training Loss : -0.03955169767141342
Baseline Loss : 0.5859173536300659
Initial_DataCollection_AverageReturn : 9.580930709838867
Done logging...




********** Iteration 266 ************

Beginning logging procedure...

Collecting data for eval...
Eval_AverageReturn : 264.0274963378906
Eval_StdReturn : 173.57421875
Eval_MaxReturn : 508.8446044921875
Eval_MinReturn : 126.11233520507812
Eval_AverageEpLen : 137.33333333333334
Train_AverageReturn : 379.1436462402344
Train_StdReturn : 125.90168762207031
Train_MaxReturn : 563.119873046875
Train_MinReturn : 129.1051788330078
Train_AverageEpLen : 195.27272727272728
Train_EnvstepsSoFar : 551330
TimeSinceStart : 219.51781558990479
Training Loss : -0.015272106975317001
Baseline Loss : 0.785650908946991
Initial_DataCollection_AverageReturn : 9.580930709838867
Done logging...




********** Iteration 267 ************

Beginning logging procedure...

Collecting data for eval...
Eval_AverageReturn : 330.0926818847656
Eval_StdReturn : 128.48007202148438
Eval_MaxReturn : 483.0412292480469
Eval_MinReturn : 168.6728515625
Eval_AverageEpLen : 164.0
Train_AverageReturn : 339.5395812988281
Train_StdReturn : 128.2690887451172
Train_MaxReturn : 612.6443481445312
Train_MinReturn : 148.0538787841797
Train_AverageEpLen : 170.0
Train_EnvstepsSoFar : 553370
TimeSinceStart : 220.30113196372986
Training Loss : -0.0313822366297245
Baseline Loss : 0.8235891461372375
Initial_DataCollection_AverageReturn : 9.580930709838867
Done logging...




********** Iteration 268 ************

Beginning logging procedure...

Collecting data for eval...
Eval_AverageReturn : 395.23687744140625
Eval_StdReturn : 49.92987060546875
Eval_MaxReturn : 445.166748046875
Eval_MinReturn : 345.3070068359375
Eval_AverageEpLen : 206.0
Train_AverageReturn : 366.5216979980469
Train_StdReturn : 166.39825439453125
Train_MaxReturn : 679.4598388671875
Train_MinReturn : 136.10755920410156
Train_AverageEpLen : 178.5
Train_EnvstepsSoFar : 555512
TimeSinceStart : 221.1090292930603
Training Loss : -0.03240388631820679
Baseline Loss : 0.7288002371788025
Initial_DataCollection_AverageReturn : 9.580930709838867
Done logging...




********** Iteration 269 ************

Beginning logging procedure...

Collecting data for eval...
Eval_AverageReturn : 277.9431457519531
Eval_StdReturn : 86.4781723022461
Eval_MaxReturn : 393.9903869628906
Eval_MinReturn : 152.84451293945312
Eval_AverageEpLen : 134.75
Train_AverageReturn : 432.8858337402344
Train_StdReturn : 149.48202514648438
Train_MaxReturn : 691.4996337890625
Train_MinReturn : 213.80862426757812
Train_AverageEpLen : 213.3
Train_EnvstepsSoFar : 557645
TimeSinceStart : 221.87407279014587
Training Loss : 0.00610452052205801
Baseline Loss : 0.8207709193229675
Initial_DataCollection_AverageReturn : 9.580930709838867
Done logging...




********** Iteration 270 ************

Beginning logging procedure...

Collecting data for eval...
Eval_AverageReturn : 199.62457275390625
Eval_StdReturn : 98.4145278930664
Eval_MaxReturn : 332.20751953125
Eval_MinReturn : 100.65631866455078
Eval_AverageEpLen : 109.75
Train_AverageReturn : 388.21514892578125
Train_StdReturn : 142.6466827392578
Train_MaxReturn : 638.8974609375
Train_MinReturn : 175.3339385986328
Train_AverageEpLen : 208.1
Train_EnvstepsSoFar : 559726
TimeSinceStart : 222.6662187576294
Training Loss : -0.006106534972786903
Baseline Loss : 0.867743968963623
Initial_DataCollection_AverageReturn : 9.580930709838867
Done logging...




********** Iteration 271 ************

Beginning logging procedure...

Collecting data for eval...
Eval_AverageReturn : 428.0189514160156
Eval_StdReturn : 124.65000915527344
Eval_MaxReturn : 604.2876586914062
Eval_MinReturn : 338.0261535644531
Eval_AverageEpLen : 204.33333333333334
Train_AverageReturn : 376.52301025390625
Train_StdReturn : 117.12205505371094
Train_MaxReturn : 610.4638671875
Train_MinReturn : 242.56141662597656
Train_AverageEpLen : 169.92307692307693
Train_EnvstepsSoFar : 561935
TimeSinceStart : 223.5424268245697
Training Loss : 0.006214929278939962
Baseline Loss : 0.703986644744873
Initial_DataCollection_AverageReturn : 9.580930709838867
Done logging...




********** Iteration 272 ************

Beginning logging procedure...

Collecting data for eval...
Eval_AverageReturn : 227.71458435058594
Eval_StdReturn : 55.17255783081055
Eval_MaxReturn : 299.0792236328125
Eval_MinReturn : 164.7131805419922
Eval_AverageEpLen : 133.33333333333334
Train_AverageReturn : 400.90118408203125
Train_StdReturn : 160.06353759765625
Train_MaxReturn : 631.3490600585938
Train_MinReturn : 149.29745483398438
Train_AverageEpLen : 190.54545454545453
Train_EnvstepsSoFar : 564031
TimeSinceStart : 224.2648696899414
Training Loss : 0.004362600389868021
Baseline Loss : 0.6020366549491882
Initial_DataCollection_AverageReturn : 9.580930709838867
Done logging...




********** Iteration 273 ************

Beginning logging procedure...

Collecting data for eval...
Eval_AverageReturn : 409.4143981933594
Eval_StdReturn : 35.183502197265625
Eval_MaxReturn : 444.597900390625
Eval_MinReturn : 374.23089599609375
Eval_AverageEpLen : 216.5
Train_AverageReturn : 282.61114501953125
Train_StdReturn : 77.15309143066406
Train_MaxReturn : 417.863037109375
Train_MinReturn : 142.82994079589844
Train_AverageEpLen : 150.07142857142858
Train_EnvstepsSoFar : 566132
TimeSinceStart : 225.0208511352539
Training Loss : -0.004204203840345144
Baseline Loss : 0.8354210257530212
Initial_DataCollection_AverageReturn : 9.580930709838867
Done logging...




********** Iteration 274 ************

Beginning logging procedure...

Collecting data for eval...
Eval_AverageReturn : 384.2801208496094
Eval_StdReturn : 36.656944274902344
Eval_MaxReturn : 434.5223083496094
Eval_MinReturn : 348.0960388183594
Eval_AverageEpLen : 157.66666666666666
Train_AverageReturn : 403.86279296875
Train_StdReturn : 202.5283203125
Train_MaxReturn : 780.51416015625
Train_MinReturn : 84.39830017089844
Train_AverageEpLen : 210.4
Train_EnvstepsSoFar : 568236
TimeSinceStart : 225.92901587486267
Training Loss : -0.01692705787718296
Baseline Loss : 0.8094563484191895
Initial_DataCollection_AverageReturn : 9.580930709838867
Done logging...




********** Iteration 275 ************

Beginning logging procedure...

Collecting data for eval...
Eval_AverageReturn : 478.1763610839844
Eval_StdReturn : 141.30911254882812
Eval_MaxReturn : 619.4854736328125
Eval_MinReturn : 336.86724853515625
Eval_AverageEpLen : 202.5
Train_AverageReturn : 382.5714111328125
Train_StdReturn : 149.23526000976562
Train_MaxReturn : 555.9113159179688
Train_MinReturn : 107.76950073242188
Train_AverageEpLen : 185.1818181818182
Train_EnvstepsSoFar : 570273
TimeSinceStart : 226.70465326309204
Training Loss : -0.06128726899623871
Baseline Loss : 0.7258443832397461
Initial_DataCollection_AverageReturn : 9.580930709838867
Done logging...




********** Iteration 276 ************

Beginning logging procedure...

Collecting data for eval...
Eval_AverageReturn : 677.1735229492188
Eval_StdReturn : 57.83416748046875
Eval_MaxReturn : 735.0076904296875
Eval_MinReturn : 619.33935546875
Eval_AverageEpLen : 285.5
Train_AverageReturn : 367.302978515625
Train_StdReturn : 140.05136108398438
Train_MaxReturn : 556.0841064453125
Train_MinReturn : 103.1584243774414
Train_AverageEpLen : 169.0
Train_EnvstepsSoFar : 572301
TimeSinceStart : 227.5026445388794
Training Loss : -0.013774599879980087
Baseline Loss : 0.6750704646110535
Initial_DataCollection_AverageReturn : 9.580930709838867
Done logging...




********** Iteration 277 ************

Beginning logging procedure...

Collecting data for eval...
Eval_AverageReturn : 354.1707763671875
Eval_StdReturn : 70.58419036865234
Eval_MaxReturn : 452.3023681640625
Eval_MinReturn : 289.2672119140625
Eval_AverageEpLen : 143.0
Train_AverageReturn : 334.56854248046875
Train_StdReturn : 103.89191436767578
Train_MaxReturn : 505.30645751953125
Train_MinReturn : 128.0137939453125
Train_AverageEpLen : 154.07142857142858
Train_EnvstepsSoFar : 574458
TimeSinceStart : 228.35931754112244
Training Loss : -0.055753592401742935
Baseline Loss : 0.6144612431526184
Initial_DataCollection_AverageReturn : 9.580930709838867
Done logging...




********** Iteration 278 ************

Beginning logging procedure...

Collecting data for eval...
Eval_AverageReturn : 224.1087188720703
Eval_StdReturn : 95.03765869140625
Eval_MaxReturn : 317.5248107910156
Eval_MinReturn : 93.71489715576172
Eval_AverageEpLen : 135.0
Train_AverageReturn : 354.287353515625
Train_StdReturn : 207.47998046875
Train_MaxReturn : 748.088134765625
Train_MinReturn : 85.3875961303711
Train_AverageEpLen : 176.83333333333334
Train_EnvstepsSoFar : 576580
TimeSinceStart : 229.10742855072021
Training Loss : -0.002213837578892708
Baseline Loss : 0.8942862153053284
Initial_DataCollection_AverageReturn : 9.580930709838867
Done logging...




********** Iteration 279 ************

Beginning logging procedure...

Collecting data for eval...
Eval_AverageReturn : 326.1399230957031
Eval_StdReturn : 165.40090942382812
Eval_MaxReturn : 445.4505615234375
Eval_MinReturn : 92.24362182617188
Eval_AverageEpLen : 148.33333333333334
Train_AverageReturn : 360.5521545410156
Train_StdReturn : 160.432373046875
Train_MaxReturn : 556.412353515625
Train_MinReturn : 124.1852798461914
Train_AverageEpLen : 194.1818181818182
Train_EnvstepsSoFar : 578716
TimeSinceStart : 229.84681272506714
Training Loss : -0.08773572742938995
Baseline Loss : 1.0864651203155518
Initial_DataCollection_AverageReturn : 9.580930709838867
Done logging...




********** Iteration 280 ************

Beginning logging procedure...

Collecting data for eval...
Eval_AverageReturn : 412.89892578125
Eval_StdReturn : 172.03079223632812
Eval_MaxReturn : 622.7501831054688
Eval_MinReturn : 201.3725128173828
Eval_AverageEpLen : 179.33333333333334
Train_AverageReturn : 324.6958312988281
Train_StdReturn : 204.554931640625
Train_MaxReturn : 759.6266479492188
Train_MinReturn : 72.7610092163086
Train_AverageEpLen : 152.21428571428572
Train_EnvstepsSoFar : 580847
TimeSinceStart : 230.61240029335022
Training Loss : 0.01590788923203945
Baseline Loss : 1.0307105779647827
Initial_DataCollection_AverageReturn : 9.580930709838867
Done logging...




********** Iteration 281 ************

Beginning logging procedure...

Collecting data for eval...
Eval_AverageReturn : 450.0127868652344
Eval_StdReturn : 197.13668823242188
Eval_MaxReturn : 624.4118041992188
Eval_MinReturn : 174.4438018798828
Eval_AverageEpLen : 238.66666666666666
Train_AverageReturn : 365.100830078125
Train_StdReturn : 216.4151611328125
Train_MaxReturn : 790.5449829101562
Train_MinReturn : 57.27347946166992
Train_AverageEpLen : 182.8181818181818
Train_EnvstepsSoFar : 582858
TimeSinceStart : 231.4020392894745
Training Loss : -0.015211218036711216
Baseline Loss : 0.9049263000488281
Initial_DataCollection_AverageReturn : 9.580930709838867
Done logging...




********** Iteration 282 ************

Beginning logging procedure...

Collecting data for eval...
Eval_AverageReturn : 360.8542175292969
Eval_StdReturn : 201.2012176513672
Eval_MaxReturn : 565.3206176757812
Eval_MinReturn : 87.2500228881836
Eval_AverageEpLen : 179.0
Train_AverageReturn : 346.365966796875
Train_StdReturn : 120.38835144042969
Train_MaxReturn : 540.5394287109375
Train_MinReturn : 74.40451049804688
Train_AverageEpLen : 173.08333333333334
Train_EnvstepsSoFar : 584935
TimeSinceStart : 232.1322226524353
Training Loss : 0.014627846889197826
Baseline Loss : 0.9606832265853882
Initial_DataCollection_AverageReturn : 9.580930709838867
Done logging...




********** Iteration 283 ************

Beginning logging procedure...

Collecting data for eval...
Eval_AverageReturn : 320.9736633300781
Eval_StdReturn : 167.18008422851562
Eval_MaxReturn : 463.47601318359375
Eval_MinReturn : 86.34078216552734
Eval_AverageEpLen : 143.0
Train_AverageReturn : 404.9204406738281
Train_StdReturn : 180.4839630126953
Train_MaxReturn : 656.080078125
Train_MinReturn : 115.24549102783203
Train_AverageEpLen : 192.72727272727272
Train_EnvstepsSoFar : 587055
TimeSinceStart : 232.95029473304749
Training Loss : -0.04168717563152313
Baseline Loss : 0.914962112903595
Initial_DataCollection_AverageReturn : 9.580930709838867
Done logging...




********** Iteration 284 ************

Beginning logging procedure...

Collecting data for eval...
Eval_AverageReturn : 375.4029846191406
Eval_StdReturn : 228.71395874023438
Eval_MaxReturn : 669.435791015625
Eval_MinReturn : 111.66622924804688
Eval_AverageEpLen : 141.0
Train_AverageReturn : 331.5382385253906
Train_StdReturn : 208.5236358642578
Train_MaxReturn : 881.8182983398438
Train_MinReturn : 84.12083435058594
Train_AverageEpLen : 155.57142857142858
Train_EnvstepsSoFar : 589233
TimeSinceStart : 233.71609616279602
Training Loss : -0.029185373336076736
Baseline Loss : 0.7749192714691162
Initial_DataCollection_AverageReturn : 9.580930709838867
Done logging...




********** Iteration 285 ************

Beginning logging procedure...

Collecting data for eval...
Eval_AverageReturn : 387.7196960449219
Eval_StdReturn : 190.9297637939453
Eval_MaxReturn : 527.1749267578125
Eval_MinReturn : 117.75360870361328
Eval_AverageEpLen : 151.66666666666666
Train_AverageReturn : 319.26348876953125
Train_StdReturn : 163.8828125
Train_MaxReturn : 606.3112182617188
Train_MinReturn : 79.13871002197266
Train_AverageEpLen : 183.9090909090909
Train_EnvstepsSoFar : 591256
TimeSinceStart : 234.46518754959106
Training Loss : -0.04691572114825249
Baseline Loss : 1.202025294303894
Initial_DataCollection_AverageReturn : 9.580930709838867
Done logging...




********** Iteration 286 ************

Beginning logging procedure...

Collecting data for eval...
Eval_AverageReturn : 219.94534301757812
Eval_StdReturn : 129.1947021484375
Eval_MaxReturn : 423.02783203125
Eval_MinReturn : 72.55287170410156
Eval_AverageEpLen : 107.5
Train_AverageReturn : 460.45703125
Train_StdReturn : 237.57177734375
Train_MaxReturn : 765.3228759765625
Train_MinReturn : 103.80931091308594
Train_AverageEpLen : 202.4
Train_EnvstepsSoFar : 593280
TimeSinceStart : 235.1214144229889
Training Loss : -0.0020468130242079496
Baseline Loss : 0.8753798007965088
Initial_DataCollection_AverageReturn : 9.580930709838867
Done logging...




********** Iteration 287 ************

Beginning logging procedure...

Collecting data for eval...
Eval_AverageReturn : 268.0332946777344
Eval_StdReturn : 32.2436637878418
Eval_MaxReturn : 307.44219970703125
Eval_MinReturn : 228.46217346191406
Eval_AverageEpLen : 154.0
Train_AverageReturn : 385.3157958984375
Train_StdReturn : 178.8106231689453
Train_MaxReturn : 709.9662475585938
Train_MinReturn : 128.9690704345703
Train_AverageEpLen : 168.41666666666666
Train_EnvstepsSoFar : 595301
TimeSinceStart : 235.97979855537415
Training Loss : 0.042751774191856384
Baseline Loss : 0.6763879656791687
Initial_DataCollection_AverageReturn : 9.580930709838867
Done logging...




********** Iteration 288 ************

Beginning logging procedure...

Collecting data for eval...
Eval_AverageReturn : 310.55419921875
Eval_StdReturn : 153.28834533691406
Eval_MaxReturn : 525.6431884765625
Eval_MinReturn : 179.58921813964844
Eval_AverageEpLen : 143.33333333333334
Train_AverageReturn : 433.542236328125
Train_StdReturn : 301.3902282714844
Train_MaxReturn : 1090.2347412109375
Train_MinReturn : 96.22473907470703
Train_AverageEpLen : 211.2
Train_EnvstepsSoFar : 597413
TimeSinceStart : 236.77047610282898
Training Loss : 0.0013229114701971412
Baseline Loss : 0.8269962668418884
Initial_DataCollection_AverageReturn : 9.580930709838867
Done logging...




********** Iteration 289 ************

Beginning logging procedure...

Collecting data for eval...
Eval_AverageReturn : 153.81320190429688
Eval_StdReturn : 58.467559814453125
Eval_MaxReturn : 210.2493896484375
Eval_MinReturn : 64.77350616455078
Eval_AverageEpLen : 89.2
Train_AverageReturn : 351.4516296386719
Train_StdReturn : 177.88970947265625
Train_MaxReturn : 664.840576171875
Train_MinReturn : 71.10914611816406
Train_AverageEpLen : 162.0
Train_EnvstepsSoFar : 599519
TimeSinceStart : 237.62305808067322
Training Loss : 0.029526036232709885
Baseline Loss : 0.8604663610458374
Initial_DataCollection_AverageReturn : 9.580930709838867
Done logging...




********** Iteration 290 ************

Beginning logging procedure...

Collecting data for eval...
Eval_AverageReturn : 561.9553833007812
Eval_StdReturn : 288.80279541015625
Eval_MaxReturn : 850.7581787109375
Eval_MinReturn : 273.1525573730469
Eval_AverageEpLen : 214.0
Train_AverageReturn : 386.4390869140625
Train_StdReturn : 173.1350555419922
Train_MaxReturn : 782.5740966796875
Train_MinReturn : 148.46702575683594
Train_AverageEpLen : 191.72727272727272
Train_EnvstepsSoFar : 601628
TimeSinceStart : 238.35507225990295
Training Loss : 0.02431553229689598
Baseline Loss : 0.8583130240440369
Initial_DataCollection_AverageReturn : 9.580930709838867
Done logging...




********** Iteration 291 ************

Beginning logging procedure...

Collecting data for eval...
Eval_AverageReturn : 895.303955078125
Eval_StdReturn : 0.0
Eval_MaxReturn : 895.303955078125
Eval_MinReturn : 895.303955078125
Eval_AverageEpLen : 402.0
Train_AverageReturn : 338.21844482421875
Train_StdReturn : 199.9771728515625
Train_MaxReturn : 692.6666259765625
Train_MinReturn : 67.016357421875
Train_AverageEpLen : 155.92307692307693
Train_EnvstepsSoFar : 603655
TimeSinceStart : 238.9315779209137
Training Loss : 0.0015235311584547162
Baseline Loss : 1.0146511793136597
Initial_DataCollection_AverageReturn : 9.580930709838867
Done logging...




********** Iteration 292 ************

Beginning logging procedure...

Collecting data for eval...
Eval_AverageReturn : 255.3821258544922
Eval_StdReturn : 122.07743072509766
Eval_MaxReturn : 422.7794189453125
Eval_MinReturn : 135.10537719726562
Eval_AverageEpLen : 152.66666666666666
Train_AverageReturn : 336.9656677246094
Train_StdReturn : 177.504638671875
Train_MaxReturn : 600.3734130859375
Train_MinReturn : 96.80382537841797
Train_AverageEpLen : 161.0
Train_EnvstepsSoFar : 605748
TimeSinceStart : 239.64444732666016
Training Loss : 0.00470817182213068
Baseline Loss : 0.8331305384635925
Initial_DataCollection_AverageReturn : 9.580930709838867
Done logging...




********** Iteration 293 ************

Beginning logging procedure...

Collecting data for eval...
Eval_AverageReturn : 570.1758422851562
Eval_StdReturn : 3.46563720703125
Eval_MaxReturn : 573.6414794921875
Eval_MinReturn : 566.710205078125
Eval_AverageEpLen : 318.0
Train_AverageReturn : 482.1585998535156
Train_StdReturn : 186.9593963623047
Train_MaxReturn : 959.7272338867188
Train_MinReturn : 284.84814453125
Train_AverageEpLen : 216.8
Train_EnvstepsSoFar : 607916
TimeSinceStart : 240.55008602142334
Training Loss : 0.018538670614361763
Baseline Loss : 0.8150379657745361
Initial_DataCollection_AverageReturn : 9.580930709838867
Done logging...




********** Iteration 294 ************

Beginning logging procedure...

Collecting data for eval...
Eval_AverageReturn : 370.4100646972656
Eval_StdReturn : 58.789432525634766
Eval_MaxReturn : 419.9118347167969
Eval_MinReturn : 287.8104248046875
Eval_AverageEpLen : 175.0
Train_AverageReturn : 383.74072265625
Train_StdReturn : 203.4259033203125
Train_MaxReturn : 787.6487426757812
Train_MinReturn : 100.48049926757812
Train_AverageEpLen : 171.0
Train_EnvstepsSoFar : 610139
TimeSinceStart : 241.40117478370667
Training Loss : -0.01971418783068657
Baseline Loss : 0.7216836810112
Initial_DataCollection_AverageReturn : 9.580930709838867
Done logging...




********** Iteration 295 ************

Beginning logging procedure...

Collecting data for eval...
Eval_AverageReturn : 303.9753112792969
Eval_StdReturn : 114.9263687133789
Eval_MaxReturn : 406.86297607421875
Eval_MinReturn : 143.56954956054688
Eval_AverageEpLen : 156.66666666666666
Train_AverageReturn : 419.5469665527344
Train_StdReturn : 188.0447235107422
Train_MaxReturn : 821.845703125
Train_MinReturn : 107.77772521972656
Train_AverageEpLen : 216.2
Train_EnvstepsSoFar : 612301
TimeSinceStart : 242.09467840194702
Training Loss : 0.03575633466243744
Baseline Loss : 0.9229579567909241
Initial_DataCollection_AverageReturn : 9.580930709838867
Done logging...




********** Iteration 296 ************

Beginning logging procedure...

Collecting data for eval...
Eval_AverageReturn : 516.3863525390625
Eval_StdReturn : 9.591461181640625
Eval_MaxReturn : 525.977783203125
Eval_MinReturn : 506.79486083984375
Eval_AverageEpLen : 216.5
Train_AverageReturn : 364.31451416015625
Train_StdReturn : 139.23814392089844
Train_MaxReturn : 618.0633544921875
Train_MinReturn : 96.3951187133789
Train_AverageEpLen : 182.0
Train_EnvstepsSoFar : 614303
TimeSinceStart : 242.79529309272766
Training Loss : 0.02042532153427601
Baseline Loss : 1.059272050857544
Initial_DataCollection_AverageReturn : 9.580930709838867
Done logging...




********** Iteration 297 ************

Beginning logging procedure...

Collecting data for eval...
Eval_AverageReturn : 435.1915588378906
Eval_StdReturn : 282.96148681640625
Eval_MaxReturn : 794.6058349609375
Eval_MinReturn : 103.11361694335938
Eval_AverageEpLen : 171.66666666666666
Train_AverageReturn : 471.3291015625
Train_StdReturn : 270.1584777832031
Train_MaxReturn : 940.3173217773438
Train_MinReturn : 123.32828521728516
Train_AverageEpLen : 226.77777777777777
Train_EnvstepsSoFar : 616344
TimeSinceStart : 243.49373054504395
Training Loss : -0.060700424015522
Baseline Loss : 0.8840973377227783
Initial_DataCollection_AverageReturn : 9.580930709838867
Done logging...




********** Iteration 298 ************

Beginning logging procedure...

Collecting data for eval...
Eval_AverageReturn : 462.4022521972656
Eval_StdReturn : 55.08300018310547
Eval_MaxReturn : 505.41632080078125
Eval_MinReturn : 384.6497802734375
Eval_AverageEpLen : 185.33333333333334
Train_AverageReturn : 417.39190673828125
Train_StdReturn : 164.02874755859375
Train_MaxReturn : 747.197998046875
Train_MinReturn : 147.90802001953125
Train_AverageEpLen : 194.36363636363637
Train_EnvstepsSoFar : 618482
TimeSinceStart : 244.18570256233215
Training Loss : -0.05434328317642212
Baseline Loss : 0.801192581653595
Initial_DataCollection_AverageReturn : 9.580930709838867
Done logging...




********** Iteration 299 ************

Beginning logging procedure...

Collecting data for eval...
Eval_AverageReturn : 341.9263610839844
Eval_StdReturn : 66.7843246459961
Eval_MaxReturn : 420.0660705566406
Eval_MinReturn : 256.91241455078125
Eval_AverageEpLen : 161.66666666666666
Train_AverageReturn : 465.3049621582031
Train_StdReturn : 188.6394805908203
Train_MaxReturn : 812.3816528320312
Train_MinReturn : 183.4764404296875
Train_AverageEpLen : 209.8181818181818
Train_EnvstepsSoFar : 620790
TimeSinceStart : 244.8527615070343
Training Loss : 0.013455113396048546
Baseline Loss : 0.7462113499641418
Initial_DataCollection_AverageReturn : 9.580930709838867
Done logging...


