Gym has been unmaintained since 2022 and does not support NumPy 2.0 amongst other critical functionality.
Please upgrade to Gymnasium, the maintained drop-in replacement of Gym, or contact the authors of your software and request that they upgrade.
See the migration guide at https://gymnasium.farama.org/introduction/migration_guide/ for additional information.
########################
logging outputs to  /home/nick12138/projects/16831-F26-HW/hw2/rob831/scripts/../../data/q5_b2000_r0.001_lambda1_Hopper-v4_29-09-2026_11-14-06
########################
GPU not detected. Defaulting to CPU.
/home/nick12138/projects/16831-F26-HW/.conda/rob831/lib/python3.10/site-packages/Cython/Distutils/old_build_ext.py:15: DeprecationWarning: dep_util is Deprecated. Use functions from setuptools instead.
  from distutils.dep_util import newer, newer_group
<frozen importlib._bootstrap>:283: DeprecationWarning: the load_module() method is deprecated and slated for removal in Python 3.12; use exec_module() instead
/home/nick12138/projects/16831-F26-HW/.conda/rob831/lib/python3.10/site-packages/gym/core.py:329: DeprecationWarning: [33mWARN: Initializing wrapper in old step API which returns one bool instead of two. It is recommended to set `new_step_api=True` to use new step API. This will be the default behaviour in future.[0m
  deprecation(
/home/nick12138/projects/16831-F26-HW/.conda/rob831/lib/python3.10/site-packages/gym/wrappers/step_api_compatibility.py:39: DeprecationWarning: [33mWARN: Initializing environment in old step API which returns one bool instead of two. It is recommended to set `new_step_api=True` to use new step API. This will be the default behaviour in future.[0m
  deprecation(
/home/nick12138/projects/16831-F26-HW/.conda/rob831/lib/python3.10/site-packages/gym/core.py:268: DeprecationWarning: [33mWARN: Function `env.seed(seed)` is marked as deprecated and will be removed in the future. Please use `env.reset(seed=seed)` instead.[0m
  deprecation(
/home/nick12138/projects/16831-F26-HW/.conda/rob831/lib/python3.10/site-packages/matplotlib/_fontconfig_pattern.py:64: PyparsingDeprecationWarning: 'oneOf' deprecated - use 'one_of'
  prop = Group((name + Suppress("=") + comma_separated(value)) | oneOf(_CONSTANTS))
/home/nick12138/projects/16831-F26-HW/.conda/rob831/lib/python3.10/site-packages/matplotlib/_fontconfig_pattern.py:85: PyparsingDeprecationWarning: 'parseString' deprecated - use 'parse_string'
  parse = parser.parseString(pattern)
/home/nick12138/projects/16831-F26-HW/.conda/rob831/lib/python3.10/site-packages/matplotlib/_fontconfig_pattern.py:89: PyparsingDeprecationWarning: 'resetCache' deprecated - use 'reset_cache'
  parser.resetCache()


********** Iteration 0 ************
/home/nick12138/projects/16831-F26-HW/.conda/rob831/lib/python3.10/site-packages/gym/utils/passive_env_checker.py:241: DeprecationWarning: `np.bool8` is a deprecated alias for `np.bool_`.  (Deprecated NumPy 1.24)
  if not isinstance(terminated, (bool, np.bool8)):

Beginning logging procedure...

Collecting data for eval...
Eval_AverageReturn : 9.449435234069824
/home/nick12138/projects/16831-F26-HW/.conda/rob831/lib/python3.10/site-packages/tensorboardX/summary.py:153: DeprecationWarning: Conversion of an array with ndim > 0 to a scalar is deprecated, and will error in future. Ensure you extract a single element from your array before performing this operation. (Deprecated NumPy 1.25.)
  scalar = float(scalar)
Eval_StdReturn : 4.968331813812256
Eval_MaxReturn : 28.408164978027344
Eval_MinReturn : 3.717532157897949
Eval_AverageEpLen : 13.433333333333334
Train_AverageReturn : 9.580930709838867
Train_StdReturn : 4.549529552459717
Train_MaxReturn : 45.95674133300781
Train_MinReturn : 3.49049973487854
Train_AverageEpLen : 13.264900662251655
Train_EnvstepsSoFar : 2003
TimeSinceStart : 0.7436742782592773
Training Loss : 0.10987652093172073
Baseline Loss : 1.1349025964736938
Initial_DataCollection_AverageReturn : 9.580930709838867
Done logging...




********** Iteration 1 ************

Beginning logging procedure...

Collecting data for eval...
Eval_AverageReturn : 10.288949012756348
Eval_StdReturn : 5.671128273010254
Eval_MaxReturn : 27.153291702270508
Eval_MinReturn : 4.983194351196289
Eval_AverageEpLen : 13.466666666666667
Train_AverageReturn : 10.224287033081055
Train_StdReturn : 6.390561580657959
Train_MaxReturn : 61.19718933105469
Train_MinReturn : 3.6607134342193604
Train_AverageEpLen : 14.5
Train_EnvstepsSoFar : 4004
TimeSinceStart : 1.5113751888275146
Training Loss : -0.009299421682953835
Baseline Loss : 1.1155714988708496
Initial_DataCollection_AverageReturn : 9.580930709838867
Done logging...




********** Iteration 2 ************

Beginning logging procedure...

Collecting data for eval...
Eval_AverageReturn : 9.87529468536377
Eval_StdReturn : 3.3901145458221436
Eval_MaxReturn : 18.696731567382812
Eval_MinReturn : 4.462684154510498
Eval_AverageEpLen : 13.89655172413793
Train_AverageReturn : 10.856066703796387
Train_StdReturn : 6.319979667663574
Train_MaxReturn : 46.01398468017578
Train_MinReturn : 3.988051176071167
Train_AverageEpLen : 14.572463768115941
Train_EnvstepsSoFar : 6015
TimeSinceStart : 2.273038148880005
Training Loss : 0.017379891127347946
Baseline Loss : 1.0924524068832397
Initial_DataCollection_AverageReturn : 9.580930709838867
Done logging...




********** Iteration 3 ************

Beginning logging procedure...

Collecting data for eval...
Eval_AverageReturn : 13.943402290344238
Eval_StdReturn : 9.142119407653809
Eval_MaxReturn : 45.719764709472656
Eval_MinReturn : 5.909292221069336
Eval_AverageEpLen : 16.875
Train_AverageReturn : 11.952582359313965
Train_StdReturn : 7.577507495880127
Train_MaxReturn : 64.59503936767578
Train_MinReturn : 2.9473178386688232
Train_AverageEpLen : 16.168
Train_EnvstepsSoFar : 8036
TimeSinceStart : 3.0021376609802246
Training Loss : 0.012965481728315353
Baseline Loss : 1.0777899026870728
Initial_DataCollection_AverageReturn : 9.580930709838867
Done logging...




********** Iteration 4 ************

Beginning logging procedure...

Collecting data for eval...
Eval_AverageReturn : 13.4818115234375
Eval_StdReturn : 5.896903991699219
Eval_MaxReturn : 30.95454216003418
Eval_MinReturn : 6.53039026260376
Eval_AverageEpLen : 16.833333333333332
Train_AverageReturn : 12.245418548583984
Train_StdReturn : 7.592274188995361
Train_MaxReturn : 52.33555603027344
Train_MinReturn : 4.304839134216309
Train_AverageEpLen : 15.219696969696969
Train_EnvstepsSoFar : 10045
TimeSinceStart : 3.75290584564209
Training Loss : -0.00013557271449826658
Baseline Loss : 1.0490778684616089
Initial_DataCollection_AverageReturn : 9.580930709838867
Done logging...




********** Iteration 5 ************

Beginning logging procedure...

Collecting data for eval...
Eval_AverageReturn : 14.825122833251953
Eval_StdReturn : 10.829070091247559
Eval_MaxReturn : 55.81359100341797
Eval_MinReturn : 7.016625881195068
Eval_AverageEpLen : 18.208333333333332
Train_AverageReturn : 13.488639831542969
Train_StdReturn : 9.012195587158203
Train_MaxReturn : 75.33622741699219
Train_MinReturn : 4.302884578704834
Train_AverageEpLen : 17.205128205128204
Train_EnvstepsSoFar : 12058
TimeSinceStart : 4.496460437774658
Training Loss : -0.009026439860463142
Baseline Loss : 1.0385662317276
Initial_DataCollection_AverageReturn : 9.580930709838867
Done logging...




********** Iteration 6 ************

Beginning logging procedure...

Collecting data for eval...
Eval_AverageReturn : 14.446188926696777
Eval_StdReturn : 6.680379867553711
Eval_MaxReturn : 30.908845901489258
Eval_MinReturn : 6.575727462768555
Eval_AverageEpLen : 18.227272727272727
Train_AverageReturn : 15.252506256103516
Train_StdReturn : 18.458005905151367
Train_MaxReturn : 127.88682556152344
Train_MinReturn : 4.522172451019287
Train_AverageEpLen : 17.25
Train_EnvstepsSoFar : 14059
TimeSinceStart : 5.305715084075928
Training Loss : 0.01554461382329464
Baseline Loss : 1.0282076597213745
Initial_DataCollection_AverageReturn : 9.580930709838867
Done logging...




********** Iteration 7 ************

Beginning logging procedure...

Collecting data for eval...
Eval_AverageReturn : 13.121050834655762
Eval_StdReturn : 4.215450286865234
Eval_MaxReturn : 22.934345245361328
Eval_MinReturn : 6.593371868133545
Eval_AverageEpLen : 17.5
Train_AverageReturn : 15.956562995910645
Train_StdReturn : 17.446828842163086
Train_MaxReturn : 153.3229217529297
Train_MinReturn : 5.014492988586426
Train_AverageEpLen : 18.63888888888889
Train_EnvstepsSoFar : 16072
TimeSinceStart : 6.137140989303589
Training Loss : -0.0004912666627205908
Baseline Loss : 1.0110960006713867
Initial_DataCollection_AverageReturn : 9.580930709838867
Done logging...




********** Iteration 8 ************

Beginning logging procedure...

Collecting data for eval...
Eval_AverageReturn : 17.596261978149414
Eval_StdReturn : 9.54008960723877
Eval_MaxReturn : 52.868900299072266
Eval_MinReturn : 6.444289207458496
Eval_AverageEpLen : 18.681818181818183
Train_AverageReturn : 17.513967514038086
Train_StdReturn : 17.89389419555664
Train_MaxReturn : 114.42973327636719
Train_MinReturn : 5.634819507598877
Train_AverageEpLen : 19.69607843137255
Train_EnvstepsSoFar : 18081
TimeSinceStart : 6.8665783405303955
Training Loss : -0.04721703380346298
Baseline Loss : 0.9944679141044617
Initial_DataCollection_AverageReturn : 9.580930709838867
Done logging...




********** Iteration 9 ************

Beginning logging procedure...

Collecting data for eval...
Eval_AverageReturn : 25.948102951049805
Eval_StdReturn : 15.207262992858887
Eval_MaxReturn : 62.94859313964844
Eval_MinReturn : 9.29668140411377
Eval_AverageEpLen : 31.384615384615383
Train_AverageReturn : 20.60171127319336
Train_StdReturn : 26.172861099243164
Train_MaxReturn : 206.7445068359375
Train_MinReturn : 5.006338596343994
Train_AverageEpLen : 22.153846153846153
Train_EnvstepsSoFar : 20097
TimeSinceStart : 7.636747598648071
Training Loss : 0.06062592938542366
Baseline Loss : 0.9991840720176697
Initial_DataCollection_AverageReturn : 9.580930709838867
Done logging...




********** Iteration 10 ************

Beginning logging procedure...

Collecting data for eval...
Eval_AverageReturn : 15.444238662719727
Eval_StdReturn : 8.543878555297852
Eval_MaxReturn : 35.10506057739258
Eval_MinReturn : 6.3227410316467285
Eval_AverageEpLen : 18.59090909090909
Train_AverageReturn : 22.56056022644043
Train_StdReturn : 21.444791793823242
Train_MaxReturn : 101.32943725585938
Train_MinReturn : 4.482461929321289
Train_AverageEpLen : 22.875
Train_EnvstepsSoFar : 22110
TimeSinceStart : 8.447302103042603
Training Loss : -0.055406466126441956
Baseline Loss : 0.9591348171234131
Initial_DataCollection_AverageReturn : 9.580930709838867
Done logging...




********** Iteration 11 ************

Beginning logging procedure...

Collecting data for eval...
Eval_AverageReturn : 15.96562671661377
Eval_StdReturn : 9.169757843017578
Eval_MaxReturn : 49.96349334716797
Eval_MinReturn : 7.666110515594482
Eval_AverageEpLen : 20.095238095238095
Train_AverageReturn : 22.67985725402832
Train_StdReturn : 24.76658821105957
Train_MaxReturn : 141.65122985839844
Train_MinReturn : 3.512549877166748
Train_AverageEpLen : 22.977272727272727
Train_EnvstepsSoFar : 24132
TimeSinceStart : 9.337833881378174
Training Loss : -0.04259048029780388
Baseline Loss : 0.9686440825462341
Initial_DataCollection_AverageReturn : 9.580930709838867
Done logging...




********** Iteration 12 ************

Beginning logging procedure...

Collecting data for eval...
Eval_AverageReturn : 26.385663986206055
Eval_StdReturn : 38.522682189941406
Eval_MaxReturn : 174.50999450683594
Eval_MinReturn : 5.496016502380371
Eval_AverageEpLen : 23.58823529411765
Train_AverageReturn : 27.435733795166016
Train_StdReturn : 29.18720817565918
Train_MaxReturn : 187.28897094726562
Train_MinReturn : 4.827332496643066
Train_AverageEpLen : 26.636363636363637
Train_EnvstepsSoFar : 26183
TimeSinceStart : 10.16236162185669
Training Loss : -0.030787428840994835
Baseline Loss : 0.9805856943130493
Initial_DataCollection_AverageReturn : 9.580930709838867
Done logging...




********** Iteration 13 ************

Beginning logging procedure...

Collecting data for eval...
Eval_AverageReturn : 31.096012115478516
Eval_StdReturn : 33.47747039794922
Eval_MaxReturn : 146.86270141601562
Eval_MinReturn : 8.622797966003418
Eval_AverageEpLen : 27.2
Train_AverageReturn : 27.340120315551758
Train_StdReturn : 29.747703552246094
Train_MaxReturn : 135.06137084960938
Train_MinReturn : 5.793272018432617
Train_AverageEpLen : 26.116883116883116
Train_EnvstepsSoFar : 28194
TimeSinceStart : 11.036661624908447
Training Loss : -0.04387679323554039
Baseline Loss : 0.9535278677940369
Initial_DataCollection_AverageReturn : 9.580930709838867
Done logging...




********** Iteration 14 ************

Beginning logging procedure...

Collecting data for eval...
Eval_AverageReturn : 45.46699142456055
Eval_StdReturn : 42.5098876953125
Eval_MaxReturn : 155.6641082763672
Eval_MinReturn : 8.2340669631958
Eval_AverageEpLen : 38.0
Train_AverageReturn : 31.73727035522461
Train_StdReturn : 39.035892486572266
Train_MaxReturn : 181.99786376953125
Train_MinReturn : 5.105063438415527
Train_AverageEpLen : 28.239436619718308
Train_EnvstepsSoFar : 30199
TimeSinceStart : 11.75475001335144
Training Loss : -0.03674619272351265
Baseline Loss : 0.9600067734718323
Initial_DataCollection_AverageReturn : 9.580930709838867
Done logging...




********** Iteration 15 ************

Beginning logging procedure...

Collecting data for eval...
Eval_AverageReturn : 28.196903228759766
Eval_StdReturn : 21.77483558654785
Eval_MaxReturn : 82.15673065185547
Eval_MinReturn : 9.452327728271484
Eval_AverageEpLen : 31.928571428571427
Train_AverageReturn : 33.468021392822266
Train_StdReturn : 35.09071731567383
Train_MaxReturn : 171.63417053222656
Train_MinReturn : 7.083689212799072
Train_AverageEpLen : 29.764705882352942
Train_EnvstepsSoFar : 32223
TimeSinceStart : 12.570339441299438
Training Loss : -0.009681261144578457
Baseline Loss : 0.9585846066474915
Initial_DataCollection_AverageReturn : 9.580930709838867
Done logging...




********** Iteration 16 ************

Beginning logging procedure...

Collecting data for eval...
Eval_AverageReturn : 33.46150207519531
Eval_StdReturn : 41.59730529785156
Eval_MaxReturn : 177.98529052734375
Eval_MinReturn : 7.257122993469238
Eval_AverageEpLen : 26.866666666666667
Train_AverageReturn : 41.15863037109375
Train_StdReturn : 49.84834289550781
Train_MaxReturn : 202.19642639160156
Train_MinReturn : 6.993185043334961
Train_AverageEpLen : 33.53333333333333
Train_EnvstepsSoFar : 34235
TimeSinceStart : 13.396646976470947
Training Loss : -0.043010834604501724
Baseline Loss : 0.9602078795433044
Initial_DataCollection_AverageReturn : 9.580930709838867
Done logging...




********** Iteration 17 ************

Beginning logging procedure...

Collecting data for eval...
Eval_AverageReturn : 62.13105773925781
Eval_StdReturn : 57.537757873535156
Eval_MaxReturn : 208.52923583984375
Eval_MinReturn : 14.61706256866455
Eval_AverageEpLen : 47.77777777777778
Train_AverageReturn : 36.66143035888672
Train_StdReturn : 40.360389709472656
Train_MaxReturn : 231.15859985351562
Train_MinReturn : 6.626832485198975
Train_AverageEpLen : 31.924242424242426
Train_EnvstepsSoFar : 36342
TimeSinceStart : 14.25978398323059
Training Loss : -0.002496689325198531
Baseline Loss : 0.9552006125450134
Initial_DataCollection_AverageReturn : 9.580930709838867
Done logging...




********** Iteration 18 ************

Beginning logging procedure...

Collecting data for eval...
Eval_AverageReturn : 89.34608459472656
Eval_StdReturn : 66.82717895507812
Eval_MaxReturn : 193.5782012939453
Eval_MinReturn : 16.46651840209961
Eval_AverageEpLen : 59.75
Train_AverageReturn : 52.10478973388672
Train_StdReturn : 58.8905029296875
Train_MaxReturn : 272.06646728515625
Train_MinReturn : 7.131314277648926
Train_AverageEpLen : 39.23529411764706
Train_EnvstepsSoFar : 38343
TimeSinceStart : 15.141507625579834
Training Loss : -0.060364194214344025
Baseline Loss : 0.9551747441291809
Initial_DataCollection_AverageReturn : 9.580930709838867
Done logging...




********** Iteration 19 ************

Beginning logging procedure...

Collecting data for eval...
Eval_AverageReturn : 60.52925491333008
Eval_StdReturn : 49.720550537109375
Eval_MaxReturn : 148.0917510986328
Eval_MinReturn : 14.300923347473145
Eval_AverageEpLen : 40.1
Train_AverageReturn : 51.14342498779297
Train_StdReturn : 52.90468215942383
Train_MaxReturn : 217.0761260986328
Train_MinReturn : 6.860050201416016
Train_AverageEpLen : 38.80769230769231
Train_EnvstepsSoFar : 40361
TimeSinceStart : 15.968567371368408
Training Loss : -0.03209162876009941
Baseline Loss : 0.9542617201805115
Initial_DataCollection_AverageReturn : 9.580930709838867
Done logging...




********** Iteration 20 ************

Beginning logging procedure...

Collecting data for eval...
Eval_AverageReturn : 37.01621627807617
Eval_StdReturn : 18.353025436401367
Eval_MaxReturn : 69.38259887695312
Eval_MinReturn : 13.671191215515137
Eval_AverageEpLen : 37.36363636363637
Train_AverageReturn : 68.62397003173828
Train_StdReturn : 69.34786224365234
Train_MaxReturn : 269.65545654296875
Train_MinReturn : 4.886946678161621
Train_AverageEpLen : 46.09090909090909
Train_EnvstepsSoFar : 42389
TimeSinceStart : 16.839816093444824
Training Loss : -0.034274421632289886
Baseline Loss : 0.9694822430610657
Initial_DataCollection_AverageReturn : 9.580930709838867
Done logging...




********** Iteration 21 ************

Beginning logging procedure...

Collecting data for eval...
Eval_AverageReturn : 64.15172576904297
Eval_StdReturn : 43.05943298339844
Eval_MaxReturn : 141.53118896484375
Eval_MinReturn : 9.480937957763672
Eval_AverageEpLen : 47.77777777777778
Train_AverageReturn : 63.33387756347656
Train_StdReturn : 63.73451614379883
Train_MaxReturn : 219.31932067871094
Train_MinReturn : 5.601825714111328
Train_AverageEpLen : 44.84782608695652
Train_EnvstepsSoFar : 44452
TimeSinceStart : 17.735854625701904
Training Loss : -0.008373747579753399
Baseline Loss : 0.9689109325408936
Initial_DataCollection_AverageReturn : 9.580930709838867
Done logging...




********** Iteration 22 ************

Beginning logging procedure...

Collecting data for eval...
Eval_AverageReturn : 68.435791015625
Eval_StdReturn : 54.86466979980469
Eval_MaxReturn : 161.755859375
Eval_MinReturn : 9.89544677734375
Eval_AverageEpLen : 50.25
Train_AverageReturn : 78.20698547363281
Train_StdReturn : 54.30222702026367
Train_MaxReturn : 213.61952209472656
Train_MinReturn : 9.180716514587402
Train_AverageEpLen : 53.63157894736842
Train_EnvstepsSoFar : 46490
TimeSinceStart : 18.583364009857178
Training Loss : -0.020520299673080444
Baseline Loss : 0.991060733795166
Initial_DataCollection_AverageReturn : 9.580930709838867
Done logging...




********** Iteration 23 ************

Beginning logging procedure...

Collecting data for eval...
Eval_AverageReturn : 68.77471923828125
Eval_StdReturn : 52.44318771362305
Eval_MaxReturn : 192.44845581054688
Eval_MinReturn : 16.562715530395508
Eval_AverageEpLen : 45.0
Train_AverageReturn : 91.29024505615234
Train_StdReturn : 77.30501556396484
Train_MaxReturn : 297.1490783691406
Train_MinReturn : 7.378967761993408
Train_AverageEpLen : 60.666666666666664
Train_EnvstepsSoFar : 48492
TimeSinceStart : 19.450765371322632
Training Loss : -0.008056208491325378
Baseline Loss : 1.0106632709503174
Initial_DataCollection_AverageReturn : 9.580930709838867
Done logging...




********** Iteration 24 ************

Beginning logging procedure...

Collecting data for eval...
Eval_AverageReturn : 72.20394897460938
Eval_StdReturn : 52.36259460449219
Eval_MaxReturn : 153.50067138671875
Eval_MinReturn : 13.729090690612793
Eval_AverageEpLen : 50.0
Train_AverageReturn : 67.91521453857422
Train_StdReturn : 55.016502380371094
Train_MaxReturn : 224.39761352539062
Train_MinReturn : 8.042861938476562
Train_AverageEpLen : 47.372093023255815
Train_EnvstepsSoFar : 50529
TimeSinceStart : 20.21805453300476
Training Loss : -0.09618432819843292
Baseline Loss : 0.9967871904373169
Initial_DataCollection_AverageReturn : 9.580930709838867
Done logging...




********** Iteration 25 ************

Beginning logging procedure...

Collecting data for eval...
Eval_AverageReturn : 75.05123901367188
Eval_StdReturn : 64.21197509765625
Eval_MaxReturn : 214.7960968017578
Eval_MinReturn : 9.012107849121094
Eval_AverageEpLen : 51.666666666666664
Train_AverageReturn : 64.82251739501953
Train_StdReturn : 51.615936279296875
Train_MaxReturn : 174.68116760253906
Train_MinReturn : 8.028850555419922
Train_AverageEpLen : 46.75
Train_EnvstepsSoFar : 52586
TimeSinceStart : 21.06388831138611
Training Loss : -0.06569597125053406
Baseline Loss : 1.024971842765808
Initial_DataCollection_AverageReturn : 9.580930709838867
Done logging...




********** Iteration 26 ************

Beginning logging procedure...

Collecting data for eval...
Eval_AverageReturn : 75.03898620605469
Eval_StdReturn : 43.902626037597656
Eval_MaxReturn : 143.59368896484375
Eval_MinReturn : 14.379611015319824
Eval_AverageEpLen : 51.75
Train_AverageReturn : 83.02237701416016
Train_StdReturn : 56.87418746948242
Train_MaxReturn : 235.10507202148438
Train_MinReturn : 7.14580774307251
Train_AverageEpLen : 55.916666666666664
Train_EnvstepsSoFar : 54599
TimeSinceStart : 21.852364540100098
Training Loss : -0.011758237145841122
Baseline Loss : 1.0454628467559814
Initial_DataCollection_AverageReturn : 9.580930709838867
Done logging...




********** Iteration 27 ************

Beginning logging procedure...

Collecting data for eval...
Eval_AverageReturn : 86.71147918701172
Eval_StdReturn : 53.13474655151367
Eval_MaxReturn : 164.67462158203125
Eval_MinReturn : 14.38077163696289
Eval_AverageEpLen : 59.57142857142857
Train_AverageReturn : 81.7260513305664
Train_StdReturn : 59.66322708129883
Train_MaxReturn : 242.46420288085938
Train_MinReturn : 10.736112594604492
Train_AverageEpLen : 53.421052631578945
Train_EnvstepsSoFar : 56629
TimeSinceStart : 22.658714294433594
Training Loss : -0.0007283314480446279
Baseline Loss : 1.042683720588684
Initial_DataCollection_AverageReturn : 9.580930709838867
Done logging...




********** Iteration 28 ************

Beginning logging procedure...

Collecting data for eval...
Eval_AverageReturn : 73.64579772949219
Eval_StdReturn : 36.712398529052734
Eval_MaxReturn : 132.2018280029297
Eval_MinReturn : 15.175800323486328
Eval_AverageEpLen : 49.888888888888886
Train_AverageReturn : 96.10928344726562
Train_StdReturn : 45.403228759765625
Train_MaxReturn : 210.02029418945312
Train_MinReturn : 10.319253921508789
Train_AverageEpLen : 61.18181818181818
Train_EnvstepsSoFar : 58648
TimeSinceStart : 23.44870376586914
Training Loss : 0.04243694618344307
Baseline Loss : 1.085005283355713
Initial_DataCollection_AverageReturn : 9.580930709838867
Done logging...




********** Iteration 29 ************

Beginning logging procedure...

Collecting data for eval...
Eval_AverageReturn : 134.21031188964844
Eval_StdReturn : 57.9760627746582
Eval_MaxReturn : 212.0937042236328
Eval_MinReturn : 37.414344787597656
Eval_AverageEpLen : 69.83333333333333
Train_AverageReturn : 96.96292114257812
Train_StdReturn : 47.49801254272461
Train_MaxReturn : 209.5388946533203
Train_MinReturn : 12.744441986083984
Train_AverageEpLen : 64.875
Train_EnvstepsSoFar : 60724
TimeSinceStart : 24.264455556869507
Training Loss : 0.03221755102276802
Baseline Loss : 1.0257500410079956
Initial_DataCollection_AverageReturn : 9.580930709838867
Done logging...




********** Iteration 30 ************

Beginning logging procedure...

Collecting data for eval...
Eval_AverageReturn : 111.35152435302734
Eval_StdReturn : 64.94292449951172
Eval_MaxReturn : 183.12359619140625
Eval_MinReturn : 10.397734642028809
Eval_AverageEpLen : 72.5
Train_AverageReturn : 107.40879821777344
Train_StdReturn : 55.11342239379883
Train_MaxReturn : 202.6628875732422
Train_MinReturn : 11.82848072052002
Train_AverageEpLen : 66.51612903225806
Train_EnvstepsSoFar : 62786
TimeSinceStart : 25.108022689819336
Training Loss : -0.0016816483112052083
Baseline Loss : 1.1064006090164185
Initial_DataCollection_AverageReturn : 9.580930709838867
Done logging...




********** Iteration 31 ************

Beginning logging procedure...

Collecting data for eval...
Eval_AverageReturn : 97.11598205566406
Eval_StdReturn : 55.78627014160156
Eval_MaxReturn : 218.726318359375
Eval_MinReturn : 36.66752624511719
Eval_AverageEpLen : 61.42857142857143
Train_AverageReturn : 84.88015747070312
Train_StdReturn : 50.84967803955078
Train_MaxReturn : 231.68919372558594
Train_MinReturn : 8.48131275177002
Train_AverageEpLen : 55.833333333333336
Train_EnvstepsSoFar : 64796
TimeSinceStart : 25.933068990707397
Training Loss : -0.03990304470062256
Baseline Loss : 1.0554091930389404
Initial_DataCollection_AverageReturn : 9.580930709838867
Done logging...




********** Iteration 32 ************

Beginning logging procedure...

Collecting data for eval...
Eval_AverageReturn : 87.8347396850586
Eval_StdReturn : 39.3000602722168
Eval_MaxReturn : 140.43556213378906
Eval_MinReturn : 9.74441909790039
Eval_AverageEpLen : 53.875
Train_AverageReturn : 98.8784408569336
Train_StdReturn : 55.26398849487305
Train_MaxReturn : 233.2184295654297
Train_MinReturn : 9.813628196716309
Train_AverageEpLen : 62.303030303030305
Train_EnvstepsSoFar : 66852
TimeSinceStart : 26.743001222610474
Training Loss : 0.00903233140707016
Baseline Loss : 1.0645583868026733
Initial_DataCollection_AverageReturn : 9.580930709838867
Done logging...




********** Iteration 33 ************

Beginning logging procedure...

Collecting data for eval...
Eval_AverageReturn : 81.81266021728516
Eval_StdReturn : 45.10149002075195
Eval_MaxReturn : 148.37307739257812
Eval_MinReturn : 7.571985244750977
Eval_AverageEpLen : 52.5
Train_AverageReturn : 111.361083984375
Train_StdReturn : 33.760257720947266
Train_MaxReturn : 186.6867218017578
Train_MinReturn : 31.144147872924805
Train_AverageEpLen : 67.0
Train_EnvstepsSoFar : 68862
TimeSinceStart : 27.498208045959473
Training Loss : -0.015079598873853683
Baseline Loss : 1.0693964958190918
Initial_DataCollection_AverageReturn : 9.580930709838867
Done logging...




********** Iteration 34 ************

Beginning logging procedure...

Collecting data for eval...
Eval_AverageReturn : 84.1539535522461
Eval_StdReturn : 14.188275337219238
Eval_MaxReturn : 108.45993041992188
Eval_MinReturn : 64.85670471191406
Eval_AverageEpLen : 61.42857142857143
Train_AverageReturn : 105.02965545654297
Train_StdReturn : 43.502220153808594
Train_MaxReturn : 206.1590118408203
Train_MinReturn : 23.474802017211914
Train_AverageEpLen : 67.06666666666666
Train_EnvstepsSoFar : 70874
TimeSinceStart : 28.252488136291504
Training Loss : -0.059134528040885925
Baseline Loss : 1.0630848407745361
Initial_DataCollection_AverageReturn : 9.580930709838867
Done logging...




********** Iteration 35 ************

Beginning logging procedure...

Collecting data for eval...
Eval_AverageReturn : 92.25101470947266
Eval_StdReturn : 58.39304733276367
Eval_MaxReturn : 215.62069702148438
Eval_MinReturn : 26.753774642944336
Eval_AverageEpLen : 60.42857142857143
Train_AverageReturn : 109.94619750976562
Train_StdReturn : 55.48831558227539
Train_MaxReturn : 208.98532104492188
Train_MinReturn : 12.466299057006836
Train_AverageEpLen : 64.0625
Train_EnvstepsSoFar : 72924
TimeSinceStart : 28.960594177246094
Training Loss : 0.029248058795928955
Baseline Loss : 1.0031360387802124
Initial_DataCollection_AverageReturn : 9.580930709838867
Done logging...




********** Iteration 36 ************

Beginning logging procedure...

Collecting data for eval...
Eval_AverageReturn : 111.62969970703125
Eval_StdReturn : 22.148412704467773
Eval_MaxReturn : 139.858154296875
Eval_MinReturn : 67.50320434570312
Eval_AverageEpLen : 68.16666666666667
Train_AverageReturn : 108.0909652709961
Train_StdReturn : 47.846580505371094
Train_MaxReturn : 244.11190795898438
Train_MinReturn : 12.049972534179688
Train_AverageEpLen : 63.90625
Train_EnvstepsSoFar : 74969
TimeSinceStart : 29.73884081840515
Training Loss : 0.027797464281320572
Baseline Loss : 1.0500657558441162
Initial_DataCollection_AverageReturn : 9.580930709838867
Done logging...




********** Iteration 37 ************

Beginning logging procedure...

Collecting data for eval...
Eval_AverageReturn : 102.64363861083984
Eval_StdReturn : 63.82240295410156
Eval_MaxReturn : 219.81875610351562
Eval_MinReturn : 15.867555618286133
Eval_AverageEpLen : 60.714285714285715
Train_AverageReturn : 97.66576385498047
Train_StdReturn : 51.12049102783203
Train_MaxReturn : 214.25437927246094
Train_MinReturn : 19.468708038330078
Train_AverageEpLen : 59.11764705882353
Train_EnvstepsSoFar : 76979
TimeSinceStart : 30.497853994369507
Training Loss : -0.019478941336274147
Baseline Loss : 1.012891173362732
Initial_DataCollection_AverageReturn : 9.580930709838867
Done logging...




********** Iteration 38 ************

Beginning logging procedure...

Collecting data for eval...
Eval_AverageReturn : 90.35367584228516
Eval_StdReturn : 39.214691162109375
Eval_MaxReturn : 139.50509643554688
Eval_MinReturn : 26.419891357421875
Eval_AverageEpLen : 56.0
Train_AverageReturn : 110.60710144042969
Train_StdReturn : 45.76362991333008
Train_MaxReturn : 256.70654296875
Train_MinReturn : 28.916271209716797
Train_AverageEpLen : 68.93333333333334
Train_EnvstepsSoFar : 79047
TimeSinceStart : 31.388602256774902
Training Loss : 0.01890811137855053
Baseline Loss : 1.028485655784607
Initial_DataCollection_AverageReturn : 9.580930709838867
Done logging...




********** Iteration 39 ************

Beginning logging procedure...

Collecting data for eval...
Eval_AverageReturn : 113.88379669189453
Eval_StdReturn : 28.7174072265625
Eval_MaxReturn : 162.10231018066406
Eval_MinReturn : 78.13385009765625
Eval_AverageEpLen : 62.57142857142857
Train_AverageReturn : 103.02784729003906
Train_StdReturn : 52.85810089111328
Train_MaxReturn : 213.22842407226562
Train_MinReturn : 18.37154197692871
Train_AverageEpLen : 63.666666666666664
Train_EnvstepsSoFar : 81148
TimeSinceStart : 32.073591470718384
Training Loss : -0.010159107856452465
Baseline Loss : 1.0241098403930664
Initial_DataCollection_AverageReturn : 9.580930709838867
Done logging...




********** Iteration 40 ************

Beginning logging procedure...

Collecting data for eval...
Eval_AverageReturn : 98.78253173828125
Eval_StdReturn : 39.50140380859375
Eval_MaxReturn : 156.9016876220703
Eval_MinReturn : 13.087346076965332
Eval_AverageEpLen : 54.625
Train_AverageReturn : 100.47639465332031
Train_StdReturn : 44.083892822265625
Train_MaxReturn : 212.6568603515625
Train_MinReturn : 19.701242446899414
Train_AverageEpLen : 61.303030303030305
Train_EnvstepsSoFar : 83171
TimeSinceStart : 32.81102991104126
Training Loss : 0.029865602031350136
Baseline Loss : 0.970349907875061
Initial_DataCollection_AverageReturn : 9.580930709838867
Done logging...




********** Iteration 41 ************

Beginning logging procedure...

Collecting data for eval...
Eval_AverageReturn : 82.61868286132812
Eval_StdReturn : 29.654504776000977
Eval_MaxReturn : 115.91915130615234
Eval_MinReturn : 9.02048397064209
Eval_AverageEpLen : 51.0
Train_AverageReturn : 115.04983520507812
Train_StdReturn : 50.479366302490234
Train_MaxReturn : 240.1792755126953
Train_MinReturn : 47.752384185791016
Train_AverageEpLen : 67.9
Train_EnvstepsSoFar : 85208
TimeSinceStart : 33.47468185424805
Training Loss : 0.009387531317770481
Baseline Loss : 1.0252333879470825
Initial_DataCollection_AverageReturn : 9.580930709838867
Done logging...




********** Iteration 42 ************

Beginning logging procedure...

Collecting data for eval...
Eval_AverageReturn : 123.7360610961914
Eval_StdReturn : 33.290279388427734
Eval_MaxReturn : 182.22772216796875
Eval_MinReturn : 71.95513916015625
Eval_AverageEpLen : 74.33333333333333
Train_AverageReturn : 101.51789855957031
Train_StdReturn : 48.0645637512207
Train_MaxReturn : 225.13796997070312
Train_MinReturn : 13.88930606842041
Train_AverageEpLen : 59.294117647058826
Train_EnvstepsSoFar : 87224
TimeSinceStart : 34.178139209747314
Training Loss : 0.016452429816126823
Baseline Loss : 0.9790887832641602
Initial_DataCollection_AverageReturn : 9.580930709838867
Done logging...




********** Iteration 43 ************

Beginning logging procedure...

Collecting data for eval...
Eval_AverageReturn : 145.08209228515625
Eval_StdReturn : 50.21638107299805
Eval_MaxReturn : 237.14060974121094
Eval_MinReturn : 85.7687759399414
Eval_AverageEpLen : 81.16666666666667
Train_AverageReturn : 117.4410171508789
Train_StdReturn : 42.605743408203125
Train_MaxReturn : 181.0643310546875
Train_MinReturn : 15.819245338439941
Train_AverageEpLen : 67.3
Train_EnvstepsSoFar : 89243
TimeSinceStart : 34.969258069992065
Training Loss : 0.025215720757842064
Baseline Loss : 0.9468474388122559
Initial_DataCollection_AverageReturn : 9.580930709838867
Done logging...




********** Iteration 44 ************

Beginning logging procedure...

Collecting data for eval...
Eval_AverageReturn : 131.3185577392578
Eval_StdReturn : 57.39287567138672
Eval_MaxReturn : 224.5132598876953
Eval_MinReturn : 71.40220642089844
Eval_AverageEpLen : 69.16666666666667
Train_AverageReturn : 110.3667984008789
Train_StdReturn : 39.79164505004883
Train_MaxReturn : 191.53323364257812
Train_MinReturn : 56.19477462768555
Train_AverageEpLen : 62.5625
Train_EnvstepsSoFar : 91245
TimeSinceStart : 35.67987847328186
Training Loss : -0.0033825065474957228
Baseline Loss : 0.9755193591117859
Initial_DataCollection_AverageReturn : 9.580930709838867
Done logging...




********** Iteration 45 ************

Beginning logging procedure...

Collecting data for eval...
Eval_AverageReturn : 154.40562438964844
Eval_StdReturn : 74.38533782958984
Eval_MaxReturn : 235.15806579589844
Eval_MinReturn : 30.095409393310547
Eval_AverageEpLen : 86.0
Train_AverageReturn : 125.32847595214844
Train_StdReturn : 44.84843826293945
Train_MaxReturn : 227.51046752929688
Train_MinReturn : 12.400185585021973
Train_AverageEpLen : 70.6896551724138
Train_EnvstepsSoFar : 93295
TimeSinceStart : 36.41496205329895
Training Loss : -0.02549564652144909
Baseline Loss : 0.9776486158370972
Initial_DataCollection_AverageReturn : 9.580930709838867
Done logging...




********** Iteration 46 ************

Beginning logging procedure...

Collecting data for eval...
Eval_AverageReturn : 111.55526733398438
Eval_StdReturn : 35.422279357910156
Eval_MaxReturn : 145.28668212890625
Eval_MinReturn : 38.62322235107422
Eval_AverageEpLen : 68.66666666666667
Train_AverageReturn : 131.9932861328125
Train_StdReturn : 51.997093200683594
Train_MaxReturn : 237.5893096923828
Train_MinReturn : 29.508895874023438
Train_AverageEpLen : 70.41379310344827
Train_EnvstepsSoFar : 95337
TimeSinceStart : 37.09130001068115
Training Loss : 0.019687481224536896
Baseline Loss : 0.932937741279602
Initial_DataCollection_AverageReturn : 9.580930709838867
Done logging...




********** Iteration 47 ************

Beginning logging procedure...

Collecting data for eval...
Eval_AverageReturn : 95.64200592041016
Eval_StdReturn : 50.343502044677734
Eval_MaxReturn : 184.7593231201172
Eval_MinReturn : 34.730979919433594
Eval_AverageEpLen : 57.42857142857143
Train_AverageReturn : 121.92838287353516
Train_StdReturn : 47.79054260253906
Train_MaxReturn : 228.3602752685547
Train_MinReturn : 32.67270278930664
Train_AverageEpLen : 66.93333333333334
Train_EnvstepsSoFar : 97345
TimeSinceStart : 37.9120614528656
Training Loss : 0.01216376107186079
Baseline Loss : 0.9315205216407776
Initial_DataCollection_AverageReturn : 9.580930709838867
Done logging...




********** Iteration 48 ************

Beginning logging procedure...

Collecting data for eval...
Eval_AverageReturn : 185.45956420898438
Eval_StdReturn : 22.887773513793945
Eval_MaxReturn : 210.228515625
Eval_MinReturn : 142.67391967773438
Eval_AverageEpLen : 91.2
Train_AverageReturn : 123.20549011230469
Train_StdReturn : 49.77928161621094
Train_MaxReturn : 221.79161071777344
Train_MinReturn : 17.582006454467773
Train_AverageEpLen : 66.54838709677419
Train_EnvstepsSoFar : 99408
TimeSinceStart : 38.62405443191528
Training Loss : -0.02794753573834896
Baseline Loss : 0.8994033336639404
Initial_DataCollection_AverageReturn : 9.580930709838867
Done logging...




********** Iteration 49 ************

Beginning logging procedure...

Collecting data for eval...
Eval_AverageReturn : 115.87769317626953
Eval_StdReturn : 69.75105285644531
Eval_MaxReturn : 218.90447998046875
Eval_MinReturn : 21.099061965942383
Eval_AverageEpLen : 67.83333333333333
Train_AverageReturn : 146.64019775390625
Train_StdReturn : 51.84739303588867
Train_MaxReturn : 260.9749450683594
Train_MinReturn : 28.66676139831543
Train_AverageEpLen : 77.6923076923077
Train_EnvstepsSoFar : 101428
TimeSinceStart : 39.32289505004883
Training Loss : 0.02099679969251156
Baseline Loss : 0.8700433373451233
Initial_DataCollection_AverageReturn : 9.580930709838867
Done logging...




********** Iteration 50 ************

Beginning logging procedure...

Collecting data for eval...
Eval_AverageReturn : 154.37913513183594
Eval_StdReturn : 46.292747497558594
Eval_MaxReturn : 202.15924072265625
Eval_MinReturn : 90.900146484375
Eval_AverageEpLen : 75.0
Train_AverageReturn : 125.75919342041016
Train_StdReturn : 54.72411346435547
Train_MaxReturn : 221.48062133789062
Train_MinReturn : 38.66721725463867
Train_AverageEpLen : 67.56666666666666
Train_EnvstepsSoFar : 103455
TimeSinceStart : 40.11557054519653
Training Loss : -0.04761102795600891
Baseline Loss : 0.9107764959335327
Initial_DataCollection_AverageReturn : 9.580930709838867
Done logging...




********** Iteration 51 ************

Beginning logging procedure...

Collecting data for eval...
Eval_AverageReturn : 156.99278259277344
Eval_StdReturn : 43.423492431640625
Eval_MaxReturn : 208.32090759277344
Eval_MinReturn : 78.45515441894531
Eval_AverageEpLen : 76.5
Train_AverageReturn : 128.95530700683594
Train_StdReturn : 69.9774169921875
Train_MaxReturn : 268.003173828125
Train_MinReturn : 10.744653701782227
Train_AverageEpLen : 67.23333333333333
Train_EnvstepsSoFar : 105472
TimeSinceStart : 40.867592096328735
Training Loss : 0.01854763552546501
Baseline Loss : 0.9062490463256836
Initial_DataCollection_AverageReturn : 9.580930709838867
Done logging...




********** Iteration 52 ************

Beginning logging procedure...

Collecting data for eval...
Eval_AverageReturn : 170.24560546875
Eval_StdReturn : 59.61155319213867
Eval_MaxReturn : 230.02374267578125
Eval_MinReturn : 56.8936882019043
Eval_AverageEpLen : 81.16666666666667
Train_AverageReturn : 159.18690490722656
Train_StdReturn : 45.4013786315918
Train_MaxReturn : 214.9756317138672
Train_MinReturn : 34.034568786621094
Train_AverageEpLen : 82.04
Train_EnvstepsSoFar : 107523
TimeSinceStart : 41.655754804611206
Training Loss : -0.01902052015066147
Baseline Loss : 0.8323551416397095
Initial_DataCollection_AverageReturn : 9.580930709838867
Done logging...




********** Iteration 53 ************

Beginning logging procedure...

Collecting data for eval...
Eval_AverageReturn : 189.6961212158203
Eval_StdReturn : 24.718717575073242
Eval_MaxReturn : 223.52261352539062
Eval_MinReturn : 158.72140502929688
Eval_AverageEpLen : 90.0
Train_AverageReturn : 167.89537048339844
Train_StdReturn : 51.081268310546875
Train_MaxReturn : 244.92054748535156
Train_MinReturn : 82.49310302734375
Train_AverageEpLen : 83.875
Train_EnvstepsSoFar : 109536
TimeSinceStart : 42.44115447998047
Training Loss : -0.041964031755924225
Baseline Loss : 0.8160282969474792
Initial_DataCollection_AverageReturn : 9.580930709838867
Done logging...




********** Iteration 54 ************

Beginning logging procedure...

Collecting data for eval...
Eval_AverageReturn : 147.93377685546875
Eval_StdReturn : 49.50664138793945
Eval_MaxReturn : 219.50588989257812
Eval_MinReturn : 53.99092102050781
Eval_AverageEpLen : 75.83333333333333
Train_AverageReturn : 161.2554931640625
Train_StdReturn : 61.00151824951172
Train_MaxReturn : 243.763916015625
Train_MinReturn : 26.327600479125977
Train_AverageEpLen : 83.04
Train_EnvstepsSoFar : 111612
TimeSinceStart : 43.14765453338623
Training Loss : -0.006185692269355059
Baseline Loss : 0.857354998588562
Initial_DataCollection_AverageReturn : 9.580930709838867
Done logging...




********** Iteration 55 ************

Beginning logging procedure...

Collecting data for eval...
Eval_AverageReturn : 142.38087463378906
Eval_StdReturn : 87.47191619873047
Eval_MaxReturn : 241.22659301757812
Eval_MinReturn : 24.818580627441406
Eval_AverageEpLen : 76.33333333333333
Train_AverageReturn : 151.06678771972656
Train_StdReturn : 71.48300170898438
Train_MaxReturn : 238.49142456054688
Train_MinReturn : 9.569540977478027
Train_AverageEpLen : 76.96296296296296
Train_EnvstepsSoFar : 113690
TimeSinceStart : 43.8757586479187
Training Loss : -0.07829899340867996
Baseline Loss : 0.8563292622566223
Initial_DataCollection_AverageReturn : 9.580930709838867
Done logging...




********** Iteration 56 ************

Beginning logging procedure...

Collecting data for eval...
Eval_AverageReturn : 161.90538024902344
Eval_StdReturn : 59.700103759765625
Eval_MaxReturn : 223.57965087890625
Eval_MinReturn : 68.82791900634766
Eval_AverageEpLen : 78.0
Train_AverageReturn : 179.1504364013672
Train_StdReturn : 55.42240524291992
Train_MaxReturn : 251.92340087890625
Train_MinReturn : 9.707637786865234
Train_AverageEpLen : 88.0
Train_EnvstepsSoFar : 115714
TimeSinceStart : 44.58414578437805
Training Loss : -0.04049205034971237
Baseline Loss : 0.7688377499580383
Initial_DataCollection_AverageReturn : 9.580930709838867
Done logging...




********** Iteration 57 ************

Beginning logging procedure...

Collecting data for eval...
Eval_AverageReturn : 167.83279418945312
Eval_StdReturn : 56.78208923339844
Eval_MaxReturn : 213.5240020751953
Eval_MinReturn : 57.09321975708008
Eval_AverageEpLen : 82.0
Train_AverageReturn : 155.88954162597656
Train_StdReturn : 67.94486236572266
Train_MaxReturn : 235.90579223632812
Train_MinReturn : 14.311387062072754
Train_AverageEpLen : 76.55555555555556
Train_EnvstepsSoFar : 117781
TimeSinceStart : 45.27972173690796
Training Loss : -0.023892231285572052
Baseline Loss : 0.839487612247467
Initial_DataCollection_AverageReturn : 9.580930709838867
Done logging...




********** Iteration 58 ************

Beginning logging procedure...

Collecting data for eval...
Eval_AverageReturn : 216.21139526367188
Eval_StdReturn : 26.02229118347168
Eval_MaxReturn : 251.03778076171875
Eval_MinReturn : 182.4479522705078
Eval_AverageEpLen : 108.5
Train_AverageReturn : 156.5771484375
Train_StdReturn : 71.03096771240234
Train_MaxReturn : 267.35394287109375
Train_MinReturn : 19.176620483398438
Train_AverageEpLen : 78.3076923076923
Train_EnvstepsSoFar : 119817
TimeSinceStart : 45.942721366882324
Training Loss : -0.022018125280737877
Baseline Loss : 0.782828688621521
Initial_DataCollection_AverageReturn : 9.580930709838867
Done logging...




********** Iteration 59 ************

Beginning logging procedure...

Collecting data for eval...
Eval_AverageReturn : 175.43295288085938
Eval_StdReturn : 49.65212631225586
Eval_MaxReturn : 216.8030548095703
Eval_MinReturn : 81.45427703857422
Eval_AverageEpLen : 91.2
Train_AverageReturn : 159.24107360839844
Train_StdReturn : 63.527381896972656
Train_MaxReturn : 234.1763153076172
Train_MinReturn : 15.458516120910645
Train_AverageEpLen : 77.07692307692308
Train_EnvstepsSoFar : 121821
TimeSinceStart : 46.615660190582275
Training Loss : -0.006081465166062117
Baseline Loss : 0.8018165826797485
Initial_DataCollection_AverageReturn : 9.580930709838867
Done logging...




********** Iteration 60 ************

Beginning logging procedure...

Collecting data for eval...
Eval_AverageReturn : 175.5569305419922
Eval_StdReturn : 35.59120178222656
Eval_MaxReturn : 223.22254943847656
Eval_MinReturn : 128.84942626953125
Eval_AverageEpLen : 86.0
Train_AverageReturn : 171.80859375
Train_StdReturn : 56.67491912841797
Train_MaxReturn : 231.32382202148438
Train_MinReturn : 36.588008880615234
Train_AverageEpLen : 80.68
Train_EnvstepsSoFar : 123838
TimeSinceStart : 47.39789605140686
Training Loss : -0.004650450777262449
Baseline Loss : 0.7499876618385315
Initial_DataCollection_AverageReturn : 9.580930709838867
Done logging...




********** Iteration 61 ************

Beginning logging procedure...

Collecting data for eval...
Eval_AverageReturn : 217.2163848876953
Eval_StdReturn : 13.316372871398926
Eval_MaxReturn : 237.485595703125
Eval_MinReturn : 200.0980987548828
Eval_AverageEpLen : 101.25
Train_AverageReturn : 177.2472686767578
Train_StdReturn : 65.00711822509766
Train_MaxReturn : 258.26483154296875
Train_MinReturn : 24.840068817138672
Train_AverageEpLen : 86.91666666666667
Train_EnvstepsSoFar : 125924
TimeSinceStart : 48.073275566101074
Training Loss : -0.08271758258342743
Baseline Loss : 0.7632976770401001
Initial_DataCollection_AverageReturn : 9.580930709838867
Done logging...




********** Iteration 62 ************

Beginning logging procedure...

Collecting data for eval...
Eval_AverageReturn : 163.31832885742188
Eval_StdReturn : 78.0044937133789
Eval_MaxReturn : 230.0093231201172
Eval_MinReturn : 27.81407928466797
Eval_AverageEpLen : 83.0
Train_AverageReturn : 166.98313903808594
Train_StdReturn : 73.67025756835938
Train_MaxReturn : 239.49205017089844
Train_MinReturn : 14.734111785888672
Train_AverageEpLen : 80.96
Train_EnvstepsSoFar : 127948
TimeSinceStart : 48.80651521682739
Training Loss : -0.025790594518184662
Baseline Loss : 0.8110853433609009
Initial_DataCollection_AverageReturn : 9.580930709838867
Done logging...




********** Iteration 63 ************

Beginning logging procedure...

Collecting data for eval...
Eval_AverageReturn : 185.3158721923828
Eval_StdReturn : 36.6725959777832
Eval_MaxReturn : 214.38966369628906
Eval_MinReturn : 118.89111328125
Eval_AverageEpLen : 86.8
Train_AverageReturn : 179.1158447265625
Train_StdReturn : 55.758277893066406
Train_MaxReturn : 229.08998107910156
Train_MinReturn : 35.362579345703125
Train_AverageEpLen : 85.25
Train_EnvstepsSoFar : 129994
TimeSinceStart : 49.51803016662598
Training Loss : -0.03458936884999275
Baseline Loss : 0.7105631232261658
Initial_DataCollection_AverageReturn : 9.580930709838867
Done logging...




********** Iteration 64 ************

Beginning logging procedure...

Collecting data for eval...
Eval_AverageReturn : 180.19876098632812
Eval_StdReturn : 46.809261322021484
Eval_MaxReturn : 215.061279296875
Eval_MinReturn : 90.90524291992188
Eval_AverageEpLen : 85.0
Train_AverageReturn : 156.1424102783203
Train_StdReturn : 69.72281646728516
Train_MaxReturn : 243.07009887695312
Train_MinReturn : 20.65302085876465
Train_AverageEpLen : 78.29629629629629
Train_EnvstepsSoFar : 132108
TimeSinceStart : 50.24911570549011
Training Loss : -0.06806324422359467
Baseline Loss : 0.850233256816864
Initial_DataCollection_AverageReturn : 9.580930709838867
Done logging...




********** Iteration 65 ************

Beginning logging procedure...

Collecting data for eval...
Eval_AverageReturn : 214.2851104736328
Eval_StdReturn : 11.396543502807617
Eval_MaxReturn : 233.2848663330078
Eval_MinReturn : 203.8186798095703
Eval_AverageEpLen : 100.75
Train_AverageReturn : 157.27334594726562
Train_StdReturn : 73.93910217285156
Train_MaxReturn : 261.0596923828125
Train_MinReturn : 9.365885734558105
Train_AverageEpLen : 81.0
Train_EnvstepsSoFar : 134133
TimeSinceStart : 50.981953382492065
Training Loss : -0.03149344027042389
Baseline Loss : 0.8732908964157104
Initial_DataCollection_AverageReturn : 9.580930709838867
Done logging...




********** Iteration 66 ************

Beginning logging procedure...

Collecting data for eval...
Eval_AverageReturn : 209.34500122070312
Eval_StdReturn : 47.720909118652344
Eval_MaxReturn : 272.48388671875
Eval_MinReturn : 138.04278564453125
Eval_AverageEpLen : 103.5
Train_AverageReturn : 189.7204132080078
Train_StdReturn : 60.335357666015625
Train_MaxReturn : 252.65914916992188
Train_MinReturn : 35.716217041015625
Train_AverageEpLen : 91.1304347826087
Train_EnvstepsSoFar : 136229
TimeSinceStart : 51.696574211120605
Training Loss : -0.013051467016339302
Baseline Loss : 0.6972924470901489
Initial_DataCollection_AverageReturn : 9.580930709838867
Done logging...




********** Iteration 67 ************

Beginning logging procedure...

Collecting data for eval...
Eval_AverageReturn : 184.545654296875
Eval_StdReturn : 54.90251159667969
Eval_MaxReturn : 225.9541015625
Eval_MinReturn : 76.58582305908203
Eval_AverageEpLen : 88.0
Train_AverageReturn : 189.35426330566406
Train_StdReturn : 42.10219955444336
Train_MaxReturn : 231.66726684570312
Train_MinReturn : 46.391109466552734
Train_AverageEpLen : 88.08695652173913
Train_EnvstepsSoFar : 138255
TimeSinceStart : 52.47039866447449
Training Loss : -0.031832993030548096
Baseline Loss : 0.5995840430259705
Initial_DataCollection_AverageReturn : 9.580930709838867
Done logging...




********** Iteration 68 ************

Beginning logging procedure...

Collecting data for eval...
Eval_AverageReturn : 224.1484832763672
Eval_StdReturn : 16.149843215942383
Eval_MaxReturn : 256.1471862792969
Eval_MinReturn : 212.58639526367188
Eval_AverageEpLen : 105.8
Train_AverageReturn : 173.67559814453125
Train_StdReturn : 77.603515625
Train_MaxReturn : 247.65731811523438
Train_MinReturn : 11.613944053649902
Train_AverageEpLen : 83.75
Train_EnvstepsSoFar : 140265
TimeSinceStart : 53.1968252658844
Training Loss : -0.003204167354851961
Baseline Loss : 0.7987838387489319
Initial_DataCollection_AverageReturn : 9.580930709838867
Done logging...




********** Iteration 69 ************

Beginning logging procedure...

Collecting data for eval...
Eval_AverageReturn : 191.9637451171875
Eval_StdReturn : 31.835716247558594
Eval_MaxReturn : 220.4396209716797
Eval_MinReturn : 131.64181518554688
Eval_AverageEpLen : 90.4
Train_AverageReturn : 169.39208984375
Train_StdReturn : 65.17935180664062
Train_MaxReturn : 229.722900390625
Train_MinReturn : 8.222804069519043
Train_AverageEpLen : 81.16
Train_EnvstepsSoFar : 142294
TimeSinceStart : 53.996081829071045
Training Loss : -0.0545102022588253
Baseline Loss : 0.6690266132354736
Initial_DataCollection_AverageReturn : 9.580930709838867
Done logging...




********** Iteration 70 ************

Beginning logging procedure...

Collecting data for eval...
Eval_AverageReturn : 163.55946350097656
Eval_StdReturn : 59.34113693237305
Eval_MaxReturn : 222.58480834960938
Eval_MinReturn : 79.41557312011719
Eval_AverageEpLen : 80.66666666666667
Train_AverageReturn : 198.21920776367188
Train_StdReturn : 49.72392272949219
Train_MaxReturn : 257.666015625
Train_MinReturn : 28.7775821685791
Train_AverageEpLen : 95.71428571428571
Train_EnvstepsSoFar : 144304
TimeSinceStart : 54.89257001876831
Training Loss : -0.027462605386972427
Baseline Loss : 0.6138277053833008
Initial_DataCollection_AverageReturn : 9.580930709838867
Done logging...




********** Iteration 71 ************

Beginning logging procedure...

Collecting data for eval...
Eval_AverageReturn : 179.29098510742188
Eval_StdReturn : 39.25282287597656
Eval_MaxReturn : 226.06544494628906
Eval_MinReturn : 120.89305114746094
Eval_AverageEpLen : 84.0
Train_AverageReturn : 172.9077911376953
Train_StdReturn : 67.8750991821289
Train_MaxReturn : 279.97772216796875
Train_MinReturn : 31.331506729125977
Train_AverageEpLen : 85.0
Train_EnvstepsSoFar : 146344
TimeSinceStart : 55.668415784835815
Training Loss : -0.0040381066501140594
Baseline Loss : 0.7292957305908203
Initial_DataCollection_AverageReturn : 9.580930709838867
Done logging...




********** Iteration 72 ************

Beginning logging procedure...

Collecting data for eval...
Eval_AverageReturn : 208.886474609375
Eval_StdReturn : 5.276316165924072
Eval_MaxReturn : 218.1890106201172
Eval_MinReturn : 204.43014526367188
Eval_AverageEpLen : 98.6
Train_AverageReturn : 188.8681640625
Train_StdReturn : 57.57413864135742
Train_MaxReturn : 272.234130859375
Train_MinReturn : 48.396541595458984
Train_AverageEpLen : 90.82608695652173
Train_EnvstepsSoFar : 148433
TimeSinceStart : 56.56807827949524
Training Loss : -0.01606796123087406
Baseline Loss : 0.6590477228164673
Initial_DataCollection_AverageReturn : 9.580930709838867
Done logging...




********** Iteration 73 ************

Beginning logging procedure...

Collecting data for eval...
Eval_AverageReturn : 191.91970825195312
Eval_StdReturn : 40.48108673095703
Eval_MaxReturn : 225.2294921875
Eval_MinReturn : 113.80535888671875
Eval_AverageEpLen : 88.0
Train_AverageReturn : 198.7566375732422
Train_StdReturn : 47.465675354003906
Train_MaxReturn : 250.90621948242188
Train_MinReturn : 23.07532501220703
Train_AverageEpLen : 95.22727272727273
Train_EnvstepsSoFar : 150528
TimeSinceStart : 57.45764684677124
Training Loss : -0.05294237285852432
Baseline Loss : 0.5884212851524353
Initial_DataCollection_AverageReturn : 9.580930709838867
Done logging...




********** Iteration 74 ************

Beginning logging procedure...

Collecting data for eval...
Eval_AverageReturn : 223.70648193359375
Eval_StdReturn : 45.46943283081055
Eval_MaxReturn : 269.41778564453125
Eval_MinReturn : 150.22866821289062
Eval_AverageEpLen : 113.25
Train_AverageReturn : 198.19212341308594
Train_StdReturn : 37.631675720214844
Train_MaxReturn : 251.820556640625
Train_MinReturn : 93.1405258178711
Train_AverageEpLen : 93.0
Train_EnvstepsSoFar : 152574
TimeSinceStart : 58.289122104644775
Training Loss : -0.001850732252933085
Baseline Loss : 0.49587658047676086
Initial_DataCollection_AverageReturn : 9.580930709838867
Done logging...




********** Iteration 75 ************

Beginning logging procedure...

Collecting data for eval...
Eval_AverageReturn : 224.5865936279297
Eval_StdReturn : 16.5507755279541
Eval_MaxReturn : 250.21421813964844
Eval_MinReturn : 203.9559783935547
Eval_AverageEpLen : 104.75
Train_AverageReturn : 211.3556365966797
Train_StdReturn : 31.03376579284668
Train_MaxReturn : 242.58322143554688
Train_MinReturn : 105.81189727783203
Train_AverageEpLen : 97.80952380952381
Train_EnvstepsSoFar : 154628
TimeSinceStart : 59.10763430595398
Training Loss : 0.020667841657996178
Baseline Loss : 0.47870302200317383
Initial_DataCollection_AverageReturn : 9.580930709838867
Done logging...




********** Iteration 76 ************

Beginning logging procedure...

Collecting data for eval...
Eval_AverageReturn : 177.29757690429688
Eval_StdReturn : 54.835296630859375
Eval_MaxReturn : 227.8575897216797
Eval_MinReturn : 96.61442565917969
Eval_AverageEpLen : 92.8
Train_AverageReturn : 193.38755798339844
Train_StdReturn : 44.08714294433594
Train_MaxReturn : 247.19541931152344
Train_MinReturn : 82.71062469482422
Train_AverageEpLen : 92.0
Train_EnvstepsSoFar : 156652
TimeSinceStart : 59.971078395843506
Training Loss : 0.03242770954966545
Baseline Loss : 0.532468855381012
Initial_DataCollection_AverageReturn : 9.580930709838867
Done logging...




********** Iteration 77 ************

Beginning logging procedure...

Collecting data for eval...
Eval_AverageReturn : 191.55416870117188
Eval_StdReturn : 39.79106903076172
Eval_MaxReturn : 226.67160034179688
Eval_MinReturn : 135.36129760742188
Eval_AverageEpLen : 94.6
Train_AverageReturn : 210.20462036132812
Train_StdReturn : 30.77315902709961
Train_MaxReturn : 248.5585174560547
Train_MinReturn : 100.95987701416016
Train_AverageEpLen : 98.52380952380952
Train_EnvstepsSoFar : 158721
TimeSinceStart : 60.83844208717346
Training Loss : 0.010036579333245754
Baseline Loss : 0.45730337500572205
Initial_DataCollection_AverageReturn : 9.580930709838867
Done logging...




********** Iteration 78 ************

Beginning logging procedure...

Collecting data for eval...
Eval_AverageReturn : 212.50387573242188
Eval_StdReturn : 16.64634132385254
Eval_MaxReturn : 228.648193359375
Eval_MinReturn : 184.9588165283203
Eval_AverageEpLen : 100.0
Train_AverageReturn : 202.83953857421875
Train_StdReturn : 24.073116302490234
Train_MaxReturn : 255.3973846435547
Train_MinReturn : 147.30218505859375
Train_AverageEpLen : 95.0909090909091
Train_EnvstepsSoFar : 160813
TimeSinceStart : 61.703325033187866
Training Loss : 0.0038488705176860094
Baseline Loss : 0.42566782236099243
Initial_DataCollection_AverageReturn : 9.580930709838867
Done logging...




********** Iteration 79 ************

Beginning logging procedure...

Collecting data for eval...
Eval_AverageReturn : 200.5662384033203
Eval_StdReturn : 16.44577407836914
Eval_MaxReturn : 217.849609375
Eval_MinReturn : 172.02403259277344
Eval_AverageEpLen : 92.4
Train_AverageReturn : 203.0908660888672
Train_StdReturn : 40.33958435058594
Train_MaxReturn : 268.6148376464844
Train_MinReturn : 117.21499633789062
Train_AverageEpLen : 96.47619047619048
Train_EnvstepsSoFar : 162839
TimeSinceStart : 62.469828605651855
Training Loss : -0.0012476154370233417
Baseline Loss : 0.4440811276435852
Initial_DataCollection_AverageReturn : 9.580930709838867
Done logging...




********** Iteration 80 ************

Beginning logging procedure...

Collecting data for eval...
Eval_AverageReturn : 179.50271606445312
Eval_StdReturn : 49.959903717041016
Eval_MaxReturn : 232.7795867919922
Eval_MinReturn : 94.36189270019531
Eval_AverageEpLen : 85.8
Train_AverageReturn : 201.3735809326172
Train_StdReturn : 43.25419235229492
Train_MaxReturn : 262.48773193359375
Train_MinReturn : 56.097618103027344
Train_AverageEpLen : 96.71428571428571
Train_EnvstepsSoFar : 164870
TimeSinceStart : 63.39204216003418
Training Loss : 0.007263220380991697
Baseline Loss : 0.4984976351261139
Initial_DataCollection_AverageReturn : 9.580930709838867
Done logging...




********** Iteration 81 ************

Beginning logging procedure...

Collecting data for eval...
Eval_AverageReturn : 168.92062377929688
Eval_StdReturn : 51.36093521118164
Eval_MaxReturn : 234.74237060546875
Eval_MinReturn : 92.43489837646484
Eval_AverageEpLen : 87.4
Train_AverageReturn : 209.4315643310547
Train_StdReturn : 27.55048942565918
Train_MaxReturn : 250.767822265625
Train_MinReturn : 135.87005615234375
Train_AverageEpLen : 98.57142857142857
Train_EnvstepsSoFar : 166940
TimeSinceStart : 64.2263708114624
Training Loss : -0.019587364047765732
Baseline Loss : 0.3650156557559967
Initial_DataCollection_AverageReturn : 9.580930709838867
Done logging...




********** Iteration 82 ************

Beginning logging procedure...

Collecting data for eval...
Eval_AverageReturn : 215.05303955078125
Eval_StdReturn : 22.705259323120117
Eval_MaxReturn : 239.28298950195312
Eval_MinReturn : 181.74774169921875
Eval_AverageEpLen : 105.75
Train_AverageReturn : 205.5506591796875
Train_StdReturn : 28.73841094970703
Train_MaxReturn : 232.8802032470703
Train_MinReturn : 143.27102661132812
Train_AverageEpLen : 96.57142857142857
Train_EnvstepsSoFar : 168968
TimeSinceStart : 65.01323461532593
Training Loss : -0.03804931789636612
Baseline Loss : 0.3938123285770416
Initial_DataCollection_AverageReturn : 9.580930709838867
Done logging...




********** Iteration 83 ************

Beginning logging procedure...

Collecting data for eval...
Eval_AverageReturn : 213.80596923828125
Eval_StdReturn : 30.61421775817871
Eval_MaxReturn : 259.0877990722656
Eval_MinReturn : 174.487548828125
Eval_AverageEpLen : 102.5
Train_AverageReturn : 183.3917999267578
Train_StdReturn : 51.423851013183594
Train_MaxReturn : 242.5506134033203
Train_MinReturn : 62.87910842895508
Train_AverageEpLen : 88.91304347826087
Train_EnvstepsSoFar : 171013
TimeSinceStart : 65.84894037246704
Training Loss : -0.015074970200657845
Baseline Loss : 0.5922759771347046
Initial_DataCollection_AverageReturn : 9.580930709838867
Done logging...




********** Iteration 84 ************

Beginning logging procedure...

Collecting data for eval...
Eval_AverageReturn : 200.3382568359375
Eval_StdReturn : 38.07247543334961
Eval_MaxReturn : 225.310546875
Eval_MinReturn : 124.70487976074219
Eval_AverageEpLen : 97.4
Train_AverageReturn : 203.29270935058594
Train_StdReturn : 33.24782180786133
Train_MaxReturn : 244.6537628173828
Train_MinReturn : 123.43583679199219
Train_AverageEpLen : 97.47619047619048
Train_EnvstepsSoFar : 173060
TimeSinceStart : 66.70381808280945
Training Loss : 0.01967272348701954
Baseline Loss : 0.41076213121414185
Initial_DataCollection_AverageReturn : 9.580930709838867
Done logging...




********** Iteration 85 ************

Beginning logging procedure...

Collecting data for eval...
Eval_AverageReturn : 204.81600952148438
Eval_StdReturn : 36.944358825683594
Eval_MaxReturn : 238.21095275878906
Eval_MinReturn : 134.31541442871094
Eval_AverageEpLen : 95.6
Train_AverageReturn : 215.11276245117188
Train_StdReturn : 24.999670028686523
Train_MaxReturn : 281.6560974121094
Train_MinReturn : 153.98971557617188
Train_AverageEpLen : 101.5
Train_EnvstepsSoFar : 175090
TimeSinceStart : 67.55814814567566
Training Loss : -0.009745434857904911
Baseline Loss : 0.31527575850486755
Initial_DataCollection_AverageReturn : 9.580930709838867
Done logging...




********** Iteration 86 ************

Beginning logging procedure...

Collecting data for eval...
Eval_AverageReturn : 209.57254028320312
Eval_StdReturn : 15.516984939575195
Eval_MaxReturn : 224.28944396972656
Eval_MinReturn : 180.62026977539062
Eval_AverageEpLen : 95.4
Train_AverageReturn : 214.96646118164062
Train_StdReturn : 23.829574584960938
Train_MaxReturn : 243.2826385498047
Train_MinReturn : 130.72019958496094
Train_AverageEpLen : 101.8
Train_EnvstepsSoFar : 177126
TimeSinceStart : 68.42682003974915
Training Loss : -0.028174128383398056
Baseline Loss : 0.29664328694343567
Initial_DataCollection_AverageReturn : 9.580930709838867
Done logging...




********** Iteration 87 ************

Beginning logging procedure...

Collecting data for eval...
Eval_AverageReturn : 213.26898193359375
Eval_StdReturn : 12.07763385772705
Eval_MaxReturn : 225.76893615722656
Eval_MinReturn : 198.3717498779297
Eval_AverageEpLen : 100.25
Train_AverageReturn : 213.84938049316406
Train_StdReturn : 28.447744369506836
Train_MaxReturn : 267.5682373046875
Train_MinReturn : 154.2369842529297
Train_AverageEpLen : 99.04761904761905
Train_EnvstepsSoFar : 179206
TimeSinceStart : 69.27255249023438
Training Loss : -0.007042815908789635
Baseline Loss : 0.31106898188591003
Initial_DataCollection_AverageReturn : 9.580930709838867
Done logging...




********** Iteration 88 ************

Beginning logging procedure...

Collecting data for eval...
Eval_AverageReturn : 230.85733032226562
Eval_StdReturn : 4.970998287200928
Eval_MaxReturn : 237.0657958984375
Eval_MinReturn : 223.40451049804688
Eval_AverageEpLen : 110.0
Train_AverageReturn : 205.93017578125
Train_StdReturn : 43.270999908447266
Train_MaxReturn : 262.8192138671875
Train_MinReturn : 53.69118118286133
Train_AverageEpLen : 99.23809523809524
Train_EnvstepsSoFar : 181290
TimeSinceStart : 70.08582878112793
Training Loss : 0.028094304725527763
Baseline Loss : 0.3585200011730194
Initial_DataCollection_AverageReturn : 9.580930709838867
Done logging...




********** Iteration 89 ************

Beginning logging procedure...

Collecting data for eval...
Eval_AverageReturn : 191.8201446533203
Eval_StdReturn : 57.38313293457031
Eval_MaxReturn : 235.5373077392578
Eval_MinReturn : 80.04147338867188
Eval_AverageEpLen : 92.4
Train_AverageReturn : 217.1947479248047
Train_StdReturn : 26.025859832763672
Train_MaxReturn : 253.7293701171875
Train_MinReturn : 152.8852081298828
Train_AverageEpLen : 103.8
Train_EnvstepsSoFar : 183366
TimeSinceStart : 70.9457528591156
Training Loss : -0.01788351684808731
Baseline Loss : 0.2893994450569153
Initial_DataCollection_AverageReturn : 9.580930709838867
Done logging...




********** Iteration 90 ************

Beginning logging procedure...

Collecting data for eval...
Eval_AverageReturn : 224.66329956054688
Eval_StdReturn : 8.426810264587402
Eval_MaxReturn : 237.86863708496094
Eval_MinReturn : 215.46070861816406
Eval_AverageEpLen : 105.0
Train_AverageReturn : 210.80545043945312
Train_StdReturn : 31.300695419311523
Train_MaxReturn : 260.130615234375
Train_MinReturn : 128.83929443359375
Train_AverageEpLen : 101.85
Train_EnvstepsSoFar : 185403
TimeSinceStart : 71.80590415000916
Training Loss : -0.030499380081892014
Baseline Loss : 0.29725149273872375
Initial_DataCollection_AverageReturn : 9.580930709838867
Done logging...




********** Iteration 91 ************

Beginning logging procedure...

Collecting data for eval...
Eval_AverageReturn : 226.9806671142578
Eval_StdReturn : 23.824974060058594
Eval_MaxReturn : 267.65118408203125
Eval_MinReturn : 209.16635131835938
Eval_AverageEpLen : 112.0
Train_AverageReturn : 219.1654052734375
Train_StdReturn : 35.48170852661133
Train_MaxReturn : 263.225830078125
Train_MinReturn : 103.66455841064453
Train_AverageEpLen : 105.89473684210526
Train_EnvstepsSoFar : 187415
TimeSinceStart : 72.52507257461548
Training Loss : -0.0036331911105662584
Baseline Loss : 0.31175822019577026
Initial_DataCollection_AverageReturn : 9.580930709838867
Done logging...




********** Iteration 92 ************

Beginning logging procedure...

Collecting data for eval...
Eval_AverageReturn : 195.41693115234375
Eval_StdReturn : 53.5169563293457
Eval_MaxReturn : 247.15029907226562
Eval_MinReturn : 92.22889709472656
Eval_AverageEpLen : 95.2
Train_AverageReturn : 212.64431762695312
Train_StdReturn : 31.532297134399414
Train_MaxReturn : 258.83453369140625
Train_MinReturn : 125.67753601074219
Train_AverageEpLen : 100.6
Train_EnvstepsSoFar : 189427
TimeSinceStart : 73.49739456176758
Training Loss : 0.06199778988957405
Baseline Loss : 0.3244260549545288
Initial_DataCollection_AverageReturn : 9.580930709838867
Done logging...




********** Iteration 93 ************

Beginning logging procedure...

Collecting data for eval...
Eval_AverageReturn : 218.580810546875
Eval_StdReturn : 9.148914337158203
Eval_MaxReturn : 231.89834594726562
Eval_MinReturn : 208.23776245117188
Eval_AverageEpLen : 103.25
Train_AverageReturn : 224.91976928710938
Train_StdReturn : 15.543389320373535
Train_MaxReturn : 269.0778503417969
Train_MinReturn : 206.5052490234375
Train_AverageEpLen : 110.42105263157895
Train_EnvstepsSoFar : 191525
TimeSinceStart : 74.42025065422058
Training Loss : 0.009994813241064548
Baseline Loss : 0.2227904498577118
Initial_DataCollection_AverageReturn : 9.580930709838867
Done logging...




********** Iteration 94 ************

Beginning logging procedure...

Collecting data for eval...
Eval_AverageReturn : 229.8087158203125
Eval_StdReturn : 5.466026306152344
Eval_MaxReturn : 237.37794494628906
Eval_MinReturn : 222.50323486328125
Eval_AverageEpLen : 113.5
Train_AverageReturn : 226.91432189941406
Train_StdReturn : 22.81723403930664
Train_MaxReturn : 277.2017822265625
Train_MinReturn : 182.9139862060547
Train_AverageEpLen : 109.52631578947368
Train_EnvstepsSoFar : 193606
TimeSinceStart : 75.32705068588257
Training Loss : 0.004379589576274157
Baseline Loss : 0.2037891298532486
Initial_DataCollection_AverageReturn : 9.580930709838867
Done logging...




********** Iteration 95 ************

Beginning logging procedure...

Collecting data for eval...
Eval_AverageReturn : 194.98753356933594
Eval_StdReturn : 58.389556884765625
Eval_MaxReturn : 226.11175537109375
Eval_MinReturn : 78.25076293945312
Eval_AverageEpLen : 91.6
Train_AverageReturn : 223.3365478515625
Train_StdReturn : 20.919952392578125
Train_MaxReturn : 269.39251708984375
Train_MinReturn : 188.82814025878906
Train_AverageEpLen : 107.42105263157895
Train_EnvstepsSoFar : 195647
TimeSinceStart : 76.18978452682495
Training Loss : -0.002331219147890806
Baseline Loss : 0.18419726192951202
Initial_DataCollection_AverageReturn : 9.580930709838867
Done logging...




********** Iteration 96 ************

Beginning logging procedure...

Collecting data for eval...
Eval_AverageReturn : 222.998291015625
Eval_StdReturn : 11.076122283935547
Eval_MaxReturn : 236.67591857910156
Eval_MinReturn : 205.81028747558594
Eval_AverageEpLen : 102.75
Train_AverageReturn : 211.74148559570312
Train_StdReturn : 47.75907516479492
Train_MaxReturn : 249.80613708496094
Train_MinReturn : 13.935595512390137
Train_AverageEpLen : 101.05
Train_EnvstepsSoFar : 197668
TimeSinceStart : 77.07969832420349
Training Loss : 0.002892222022637725
Baseline Loss : 0.4253706634044647
Initial_DataCollection_AverageReturn : 9.580930709838867
Done logging...




********** Iteration 97 ************

Beginning logging procedure...

Collecting data for eval...
Eval_AverageReturn : 230.64332580566406
Eval_StdReturn : 27.590152740478516
Eval_MaxReturn : 276.204833984375
Eval_MinReturn : 207.87953186035156
Eval_AverageEpLen : 110.75
Train_AverageReturn : 220.8610382080078
Train_StdReturn : 25.728925704956055
Train_MaxReturn : 269.6309814453125
Train_MinReturn : 171.19717407226562
Train_AverageEpLen : 106.15
Train_EnvstepsSoFar : 199791
TimeSinceStart : 77.97628498077393
Training Loss : 0.022196026518940926
Baseline Loss : 0.22557970881462097
Initial_DataCollection_AverageReturn : 9.580930709838867
Done logging...




********** Iteration 98 ************

Beginning logging procedure...

Collecting data for eval...
Eval_AverageReturn : 221.5753173828125
Eval_StdReturn : 10.245986938476562
Eval_MaxReturn : 236.9692840576172
Eval_MinReturn : 209.90245056152344
Eval_AverageEpLen : 101.75
Train_AverageReturn : 218.667724609375
Train_StdReturn : 47.779624938964844
Train_MaxReturn : 275.4779052734375
Train_MinReturn : 41.122535705566406
Train_AverageEpLen : 104.7
Train_EnvstepsSoFar : 201885
TimeSinceStart : 78.77107238769531
Training Loss : -0.02880401909351349
Baseline Loss : 0.2169639766216278
Initial_DataCollection_AverageReturn : 9.580930709838867
Done logging...




********** Iteration 99 ************

Beginning logging procedure...

Collecting data for eval...
Eval_AverageReturn : 219.593994140625
Eval_StdReturn : 14.931829452514648
Eval_MaxReturn : 237.8477325439453
Eval_MinReturn : 196.23614501953125
Eval_AverageEpLen : 101.25
Train_AverageReturn : 226.13417053222656
Train_StdReturn : 20.146034240722656
Train_MaxReturn : 271.2469482421875
Train_MinReturn : 191.80422973632812
Train_AverageEpLen : 108.3157894736842
Train_EnvstepsSoFar : 203943
TimeSinceStart : 79.5149073600769
Training Loss : 0.0026317250449210405
Baseline Loss : 0.17064037919044495
Initial_DataCollection_AverageReturn : 9.580930709838867
Done logging...




********** Iteration 100 ************

Beginning logging procedure...

Collecting data for eval...
Eval_AverageReturn : 225.3463592529297
Eval_StdReturn : 23.602935791015625
Eval_MaxReturn : 265.3404846191406
Eval_MinReturn : 206.74172973632812
Eval_AverageEpLen : 106.75
Train_AverageReturn : 211.7474365234375
Train_StdReturn : 46.651588439941406
Train_MaxReturn : 245.9923095703125
Train_MinReturn : 23.166362762451172
Train_AverageEpLen : 102.85
Train_EnvstepsSoFar : 206000
TimeSinceStart : 80.24027013778687
Training Loss : 0.037132348865270615
Baseline Loss : 0.4347141683101654
Initial_DataCollection_AverageReturn : 9.580930709838867
Done logging...




********** Iteration 101 ************

Beginning logging procedure...

Collecting data for eval...
Eval_AverageReturn : 216.8769989013672
Eval_StdReturn : 9.532333374023438
Eval_MaxReturn : 229.47952270507812
Eval_MinReturn : 202.03524780273438
Eval_AverageEpLen : 97.6
Train_AverageReturn : 214.4829559326172
Train_StdReturn : 45.386749267578125
Train_MaxReturn : 288.92138671875
Train_MinReturn : 79.6002197265625
Train_AverageEpLen : 105.89473684210526
Train_EnvstepsSoFar : 208012
TimeSinceStart : 80.94711804389954
Training Loss : -0.05017770826816559
Baseline Loss : 0.3505760133266449
Initial_DataCollection_AverageReturn : 9.580930709838867
Done logging...




********** Iteration 102 ************

Beginning logging procedure...

Collecting data for eval...
Eval_AverageReturn : 224.6174774169922
Eval_StdReturn : 18.732009887695312
Eval_MaxReturn : 260.47119140625
Eval_MinReturn : 206.21385192871094
Eval_AverageEpLen : 103.8
Train_AverageReturn : 215.8594207763672
Train_StdReturn : 14.582343101501465
Train_MaxReturn : 235.37330627441406
Train_MinReturn : 180.53472900390625
Train_AverageEpLen : 101.7
Train_EnvstepsSoFar : 210046
TimeSinceStart : 81.67819714546204
Training Loss : 0.037141457200050354
Baseline Loss : 0.1971011608839035
Initial_DataCollection_AverageReturn : 9.580930709838867
Done logging...




********** Iteration 103 ************

Beginning logging procedure...

Collecting data for eval...
Eval_AverageReturn : 234.22271728515625
Eval_StdReturn : 3.442854642868042
Eval_MaxReturn : 238.34375
Eval_MinReturn : 229.09771728515625
Eval_AverageEpLen : 112.75
Train_AverageReturn : 224.74012756347656
Train_StdReturn : 20.233768463134766
Train_MaxReturn : 258.5666198730469
Train_MinReturn : 168.88418579101562
Train_AverageEpLen : 106.84210526315789
Train_EnvstepsSoFar : 212076
TimeSinceStart : 82.44474911689758
Training Loss : -0.0001165981957456097
Baseline Loss : 0.21649055182933807
Initial_DataCollection_AverageReturn : 9.580930709838867
Done logging...




********** Iteration 104 ************

Beginning logging procedure...

Collecting data for eval...
Eval_AverageReturn : 221.20538330078125
Eval_StdReturn : 48.01178741455078
Eval_MaxReturn : 274.0388488769531
Eval_MinReturn : 143.0843505859375
Eval_AverageEpLen : 112.0
Train_AverageReturn : 215.09506225585938
Train_StdReturn : 40.10115051269531
Train_MaxReturn : 252.378173828125
Train_MinReturn : 86.59754180908203
Train_AverageEpLen : 102.3
Train_EnvstepsSoFar : 214122
TimeSinceStart : 83.15584659576416
Training Loss : 0.0047912332229316235
Baseline Loss : 0.2827097773551941
Initial_DataCollection_AverageReturn : 9.580930709838867
Done logging...




********** Iteration 105 ************

Beginning logging procedure...

Collecting data for eval...
Eval_AverageReturn : 222.1325225830078
Eval_StdReturn : 10.092040061950684
Eval_MaxReturn : 233.7704315185547
Eval_MinReturn : 209.00213623046875
Eval_AverageEpLen : 100.0
Train_AverageReturn : 217.8973846435547
Train_StdReturn : 37.392578125
Train_MaxReturn : 297.30804443359375
Train_MinReturn : 134.87332153320312
Train_AverageEpLen : 106.0
Train_EnvstepsSoFar : 216242
TimeSinceStart : 83.93383359909058
Training Loss : -0.03813716769218445
Baseline Loss : 0.2734430730342865
Initial_DataCollection_AverageReturn : 9.580930709838867
Done logging...




********** Iteration 106 ************

Beginning logging procedure...

Collecting data for eval...
Eval_AverageReturn : 222.6492156982422
Eval_StdReturn : 11.051691055297852
Eval_MaxReturn : 236.27830505371094
Eval_MinReturn : 205.43678283691406
Eval_AverageEpLen : 105.0
Train_AverageReturn : 221.62803649902344
Train_StdReturn : 23.079883575439453
Train_MaxReturn : 256.33258056640625
Train_MinReturn : 162.34007263183594
Train_AverageEpLen : 107.3157894736842
Train_EnvstepsSoFar : 218281
TimeSinceStart : 84.69978356361389
Training Loss : 0.03414646163582802
Baseline Loss : 0.18485061824321747
Initial_DataCollection_AverageReturn : 9.580930709838867
Done logging...




********** Iteration 107 ************

Beginning logging procedure...

Collecting data for eval...
Eval_AverageReturn : 229.15435791015625
Eval_StdReturn : 17.10499382019043
Eval_MaxReturn : 244.06732177734375
Eval_MinReturn : 200.06553649902344
Eval_AverageEpLen : 107.75
Train_AverageReturn : 207.7950439453125
Train_StdReturn : 46.17852020263672
Train_MaxReturn : 244.39112854003906
Train_MinReturn : 69.08673858642578
Train_AverageEpLen : 98.9047619047619
Train_EnvstepsSoFar : 220358
TimeSinceStart : 85.4381308555603
Training Loss : -0.025796161964535713
Baseline Loss : 0.48732292652130127
Initial_DataCollection_AverageReturn : 9.580930709838867
Done logging...




********** Iteration 108 ************

Beginning logging procedure...

Collecting data for eval...
Eval_AverageReturn : 217.1609344482422
Eval_StdReturn : 31.94749641418457
Eval_MaxReturn : 259.7469177246094
Eval_MinReturn : 169.89048767089844
Eval_AverageEpLen : 106.75
Train_AverageReturn : 224.6514129638672
Train_StdReturn : 22.273418426513672
Train_MaxReturn : 266.0103759765625
Train_MinReturn : 173.85398864746094
Train_AverageEpLen : 105.84210526315789
Train_EnvstepsSoFar : 222369
TimeSinceStart : 86.16823053359985
Training Loss : 0.032596804201602936
Baseline Loss : 0.19019392132759094
Initial_DataCollection_AverageReturn : 9.580930709838867
Done logging...




********** Iteration 109 ************

Beginning logging procedure...

Collecting data for eval...
Eval_AverageReturn : 215.6670379638672
Eval_StdReturn : 43.16676712036133
Eval_MaxReturn : 251.12802124023438
Eval_MinReturn : 142.27247619628906
Eval_AverageEpLen : 108.75
Train_AverageReturn : 231.71617126464844
Train_StdReturn : 10.002263069152832
Train_MaxReturn : 257.77703857421875
Train_MinReturn : 215.06980895996094
Train_AverageEpLen : 111.55555555555556
Train_EnvstepsSoFar : 224377
TimeSinceStart : 86.99118876457214
Training Loss : 0.002994474722072482
Baseline Loss : 0.15373417735099792
Initial_DataCollection_AverageReturn : 9.580930709838867
Done logging...




********** Iteration 110 ************

Beginning logging procedure...

Collecting data for eval...
Eval_AverageReturn : 218.3953857421875
Eval_StdReturn : 8.425040245056152
Eval_MaxReturn : 228.26731872558594
Eval_MinReturn : 207.73806762695312
Eval_AverageEpLen : 102.0
Train_AverageReturn : 224.53965759277344
Train_StdReturn : 31.323740005493164
Train_MaxReturn : 263.7569885253906
Train_MinReturn : 103.83160400390625
Train_AverageEpLen : 108.15789473684211
Train_EnvstepsSoFar : 226432
TimeSinceStart : 87.7055721282959
Training Loss : 0.031183384358882904
Baseline Loss : 0.22095686197280884
Initial_DataCollection_AverageReturn : 9.580930709838867
Done logging...




********** Iteration 111 ************

Beginning logging procedure...

Collecting data for eval...
Eval_AverageReturn : 259.58612060546875
Eval_StdReturn : 43.054752349853516
Eval_MaxReturn : 316.5154113769531
Eval_MinReturn : 212.4169464111328
Eval_AverageEpLen : 134.0
Train_AverageReturn : 213.70291137695312
Train_StdReturn : 34.08805847167969
Train_MaxReturn : 247.38995361328125
Train_MinReturn : 106.94042205810547
Train_AverageEpLen : 102.7
Train_EnvstepsSoFar : 228486
TimeSinceStart : 88.4549252986908
Training Loss : 0.007940266281366348
Baseline Loss : 0.3681786358356476
Initial_DataCollection_AverageReturn : 9.580930709838867
Done logging...




********** Iteration 112 ************

Beginning logging procedure...

Collecting data for eval...
Eval_AverageReturn : 218.35543823242188
Eval_StdReturn : 36.16278076171875
Eval_MaxReturn : 247.54888916015625
Eval_MinReturn : 156.5225372314453
Eval_AverageEpLen : 115.75
Train_AverageReturn : 222.355224609375
Train_StdReturn : 25.716228485107422
Train_MaxReturn : 253.29803466796875
Train_MinReturn : 127.94950866699219
Train_AverageEpLen : 104.65
Train_EnvstepsSoFar : 230579
TimeSinceStart : 89.33039784431458
Training Loss : -0.024274326860904694
Baseline Loss : 0.23034662008285522
Initial_DataCollection_AverageReturn : 9.580930709838867
Done logging...




********** Iteration 113 ************

Beginning logging procedure...

Collecting data for eval...
Eval_AverageReturn : 224.1501922607422
Eval_StdReturn : 10.564661026000977
Eval_MaxReturn : 241.68263244628906
Eval_MinReturn : 215.35369873046875
Eval_AverageEpLen : 105.75
Train_AverageReturn : 221.85362243652344
Train_StdReturn : 26.292743682861328
Train_MaxReturn : 260.4378662109375
Train_MinReturn : 119.67120361328125
Train_AverageEpLen : 106.36842105263158
Train_EnvstepsSoFar : 232600
TimeSinceStart : 90.05213260650635
Training Loss : 0.00011468157754279673
Baseline Loss : 0.23211339116096497
Initial_DataCollection_AverageReturn : 9.580930709838867
Done logging...




********** Iteration 114 ************

Beginning logging procedure...

Collecting data for eval...
Eval_AverageReturn : 228.17291259765625
Eval_StdReturn : 12.507272720336914
Eval_MaxReturn : 246.13055419921875
Eval_MinReturn : 211.07058715820312
Eval_AverageEpLen : 110.0
Train_AverageReturn : 214.4232635498047
Train_StdReturn : 36.54899978637695
Train_MaxReturn : 243.50892639160156
Train_MinReturn : 58.08917236328125
Train_AverageEpLen : 99.57142857142857
Train_EnvstepsSoFar : 234691
TimeSinceStart : 90.8305082321167
Training Loss : -0.0002713908033911139
Baseline Loss : 0.2994091510772705
Initial_DataCollection_AverageReturn : 9.580930709838867
Done logging...




********** Iteration 115 ************

Beginning logging procedure...

Collecting data for eval...
Eval_AverageReturn : 229.41049194335938
Eval_StdReturn : 3.431706428527832
Eval_MaxReturn : 232.52059936523438
Eval_MinReturn : 223.64401245117188
Eval_AverageEpLen : 107.5
Train_AverageReturn : 222.4979705810547
Train_StdReturn : 26.532068252563477
Train_MaxReturn : 262.3880615234375
Train_MinReturn : 123.45805358886719
Train_AverageEpLen : 106.63157894736842
Train_EnvstepsSoFar : 236717
TimeSinceStart : 91.62384581565857
Training Loss : -0.010215614922344685
Baseline Loss : 0.19369325041770935
Initial_DataCollection_AverageReturn : 9.580930709838867
Done logging...




********** Iteration 116 ************

Beginning logging procedure...

Collecting data for eval...
Eval_AverageReturn : 251.3262176513672
Eval_StdReturn : 18.24407196044922
Eval_MaxReturn : 280.10430908203125
Eval_MinReturn : 229.9214324951172
Eval_AverageEpLen : 128.25
Train_AverageReturn : 229.7066650390625
Train_StdReturn : 18.751482009887695
Train_MaxReturn : 278.2844543457031
Train_MinReturn : 192.54193115234375
Train_AverageEpLen : 111.47368421052632
Train_EnvstepsSoFar : 238835
TimeSinceStart : 92.47359991073608
Training Loss : 0.0008135822135955095
Baseline Loss : 0.1615201085805893
Initial_DataCollection_AverageReturn : 9.580930709838867
Done logging...




********** Iteration 117 ************

Beginning logging procedure...

Collecting data for eval...
Eval_AverageReturn : 233.0186004638672
Eval_StdReturn : 10.207849502563477
Eval_MaxReturn : 249.01527404785156
Eval_MinReturn : 222.38267517089844
Eval_AverageEpLen : 114.5
Train_AverageReturn : 221.20669555664062
Train_StdReturn : 37.01675796508789
Train_MaxReturn : 277.0078125
Train_MinReturn : 87.51202392578125
Train_AverageEpLen : 106.63157894736842
Train_EnvstepsSoFar : 240861
TimeSinceStart : 93.24336266517639
Training Loss : -0.039205458015203476
Baseline Loss : 0.23057350516319275
Initial_DataCollection_AverageReturn : 9.580930709838867
Done logging...




********** Iteration 118 ************

Beginning logging procedure...

Collecting data for eval...
Eval_AverageReturn : 220.96160888671875
Eval_StdReturn : 5.454034328460693
Eval_MaxReturn : 230.1244659423828
Eval_MinReturn : 215.74424743652344
Eval_AverageEpLen : 102.25
Train_AverageReturn : 225.81979370117188
Train_StdReturn : 21.004745483398438
Train_MaxReturn : 258.6559753417969
Train_MinReturn : 153.90347290039062
Train_AverageEpLen : 105.3
Train_EnvstepsSoFar : 242967
TimeSinceStart : 94.00309109687805
Training Loss : -0.012070679105818272
Baseline Loss : 0.15819436311721802
Initial_DataCollection_AverageReturn : 9.580930709838867
Done logging...




********** Iteration 119 ************

Beginning logging procedure...

Collecting data for eval...
Eval_AverageReturn : 222.35133361816406
Eval_StdReturn : 8.953335762023926
Eval_MaxReturn : 232.690185546875
Eval_MinReturn : 208.84893798828125
Eval_AverageEpLen : 101.25
Train_AverageReturn : 216.0684356689453
Train_StdReturn : 38.94483947753906
Train_MaxReturn : 273.8701171875
Train_MinReturn : 67.61912536621094
Train_AverageEpLen : 106.15789473684211
Train_EnvstepsSoFar : 244984
TimeSinceStart : 94.78449702262878
Training Loss : -0.017199693247675896
Baseline Loss : 0.32352352142333984
Initial_DataCollection_AverageReturn : 9.580930709838867
Done logging...




********** Iteration 120 ************

Beginning logging procedure...

Collecting data for eval...
Eval_AverageReturn : 230.13641357421875
Eval_StdReturn : 6.1674113273620605
Eval_MaxReturn : 240.22056579589844
Eval_MinReturn : 223.49256896972656
Eval_AverageEpLen : 108.75
Train_AverageReturn : 225.57864379882812
Train_StdReturn : 13.166559219360352
Train_MaxReturn : 246.32318115234375
Train_MinReturn : 198.00755310058594
Train_AverageEpLen : 106.73684210526316
Train_EnvstepsSoFar : 247012
TimeSinceStart : 95.50871682167053
Training Loss : 0.020277278497815132
Baseline Loss : 0.11698812991380692
Initial_DataCollection_AverageReturn : 9.580930709838867
Done logging...




********** Iteration 121 ************

Beginning logging procedure...

Collecting data for eval...
Eval_AverageReturn : 251.2079315185547
Eval_StdReturn : 21.85089111328125
Eval_MaxReturn : 272.279052734375
Eval_MinReturn : 221.096923828125
Eval_AverageEpLen : 134.33333333333334
Train_AverageReturn : 216.42166137695312
Train_StdReturn : 34.1685676574707
Train_MaxReturn : 239.7540283203125
Train_MinReturn : 94.06450653076172
Train_AverageEpLen : 102.8
Train_EnvstepsSoFar : 249068
TimeSinceStart : 96.28717494010925
Training Loss : -0.01564646139740944
Baseline Loss : 0.29419824481010437
Initial_DataCollection_AverageReturn : 9.580930709838867
Done logging...




********** Iteration 122 ************

Beginning logging procedure...

Collecting data for eval...
Eval_AverageReturn : 235.98013305664062
Eval_StdReturn : 7.8281097412109375
Eval_MaxReturn : 247.90670776367188
Eval_MinReturn : 226.76434326171875
Eval_AverageEpLen : 114.25
Train_AverageReturn : 222.88729858398438
Train_StdReturn : 19.298786163330078
Train_MaxReturn : 248.8865509033203
Train_MinReturn : 151.38978576660156
Train_AverageEpLen : 104.3
Train_EnvstepsSoFar : 251154
TimeSinceStart : 96.97347450256348
Training Loss : -0.015336578711867332
Baseline Loss : 0.18891820311546326
Initial_DataCollection_AverageReturn : 9.580930709838867
Done logging...




********** Iteration 123 ************

Beginning logging procedure...

Collecting data for eval...
Eval_AverageReturn : 228.27633666992188
Eval_StdReturn : 16.557157516479492
Eval_MaxReturn : 244.25216674804688
Eval_MinReturn : 200.71109008789062
Eval_AverageEpLen : 110.5
Train_AverageReturn : 220.966796875
Train_StdReturn : 36.63489532470703
Train_MaxReturn : 268.7395935058594
Train_MinReturn : 79.83380126953125
Train_AverageEpLen : 105.47368421052632
Train_EnvstepsSoFar : 253158
TimeSinceStart : 97.73261022567749
Training Loss : -0.021911799907684326
Baseline Loss : 0.24283292889595032
Initial_DataCollection_AverageReturn : 9.580930709838867
Done logging...




********** Iteration 124 ************

Beginning logging procedure...

Collecting data for eval...
Eval_AverageReturn : 235.43951416015625
Eval_StdReturn : 9.000997543334961
Eval_MaxReturn : 246.74154663085938
Eval_MinReturn : 222.3780059814453
Eval_AverageEpLen : 110.75
Train_AverageReturn : 233.1245880126953
Train_StdReturn : 15.932658195495605
Train_MaxReturn : 266.1287841796875
Train_MinReturn : 211.5786590576172
Train_AverageEpLen : 111.11111111111111
Train_EnvstepsSoFar : 255158
TimeSinceStart : 98.5128800868988
Training Loss : -0.00996624119579792
Baseline Loss : 0.11055684089660645
Initial_DataCollection_AverageReturn : 9.580930709838867
Done logging...




********** Iteration 125 ************

Beginning logging procedure...

Collecting data for eval...
Eval_AverageReturn : 235.35464477539062
Eval_StdReturn : 16.180400848388672
Eval_MaxReturn : 261.5692138671875
Eval_MinReturn : 220.40130615234375
Eval_AverageEpLen : 110.0
Train_AverageReturn : 231.87152099609375
Train_StdReturn : 18.78830909729004
Train_MaxReturn : 287.64898681640625
Train_MinReturn : 204.1923065185547
Train_AverageEpLen : 111.11111111111111
Train_EnvstepsSoFar : 257158
TimeSinceStart : 99.21847724914551
Training Loss : 0.01302829198539257
Baseline Loss : 0.12296577543020248
Initial_DataCollection_AverageReturn : 9.580930709838867
Done logging...




********** Iteration 126 ************

Beginning logging procedure...

Collecting data for eval...
Eval_AverageReturn : 228.01303100585938
Eval_StdReturn : 11.369311332702637
Eval_MaxReturn : 241.80807495117188
Eval_MinReturn : 213.35096740722656
Eval_AverageEpLen : 106.25
Train_AverageReturn : 233.42010498046875
Train_StdReturn : 18.76645851135254
Train_MaxReturn : 276.2080078125
Train_MinReturn : 202.29092407226562
Train_AverageEpLen : 112.73684210526316
Train_EnvstepsSoFar : 259300
TimeSinceStart : 99.9514389038086
Training Loss : 0.008597422391176224
Baseline Loss : 0.12505783140659332
Initial_DataCollection_AverageReturn : 9.580930709838867
Done logging...




********** Iteration 127 ************

Beginning logging procedure...

Collecting data for eval...
Eval_AverageReturn : 221.43084716796875
Eval_StdReturn : 14.4420747756958
Eval_MaxReturn : 239.74081420898438
Eval_MinReturn : 202.0175323486328
Eval_AverageEpLen : 101.75
Train_AverageReturn : 225.8746795654297
Train_StdReturn : 14.604598045349121
Train_MaxReturn : 260.41522216796875
Train_MinReturn : 196.2860870361328
Train_AverageEpLen : 105.3
Train_EnvstepsSoFar : 261406
TimeSinceStart : 100.61235904693604
Training Loss : -0.003487158566713333
Baseline Loss : 0.10491548478603363
Initial_DataCollection_AverageReturn : 9.580930709838867
Done logging...




********** Iteration 128 ************

Beginning logging procedure...

Collecting data for eval...
Eval_AverageReturn : 229.41412353515625
Eval_StdReturn : 3.234581470489502
Eval_MaxReturn : 233.7044677734375
Eval_MinReturn : 225.17892456054688
Eval_AverageEpLen : 107.75
Train_AverageReturn : 219.3618621826172
Train_StdReturn : 33.92742156982422
Train_MaxReturn : 257.2385559082031
Train_MinReturn : 87.46432495117188
Train_AverageEpLen : 105.89473684210526
Train_EnvstepsSoFar : 263418
TimeSinceStart : 101.3885669708252
Training Loss : -0.017399225383996964
Baseline Loss : 0.4118889570236206
Initial_DataCollection_AverageReturn : 9.580930709838867
Done logging...




********** Iteration 129 ************

Beginning logging procedure...

Collecting data for eval...
Eval_AverageReturn : 225.49876403808594
Eval_StdReturn : 8.737202644348145
Eval_MaxReturn : 239.13478088378906
Eval_MinReturn : 217.63534545898438
Eval_AverageEpLen : 104.5
Train_AverageReturn : 238.75950622558594
Train_StdReturn : 21.77022361755371
Train_MaxReturn : 291.6167297363281
Train_MinReturn : 197.0410919189453
Train_AverageEpLen : 118.88235294117646
Train_EnvstepsSoFar : 265439
TimeSinceStart : 102.16697478294373
Training Loss : -0.021762173622846603
Baseline Loss : 0.1557299643754959
Initial_DataCollection_AverageReturn : 9.580930709838867
Done logging...




********** Iteration 130 ************

Beginning logging procedure...

Collecting data for eval...
Eval_AverageReturn : 217.4514923095703
Eval_StdReturn : 18.149629592895508
Eval_MaxReturn : 243.94525146484375
Eval_MinReturn : 193.4799041748047
Eval_AverageEpLen : 101.75
Train_AverageReturn : 223.456787109375
Train_StdReturn : 18.801708221435547
Train_MaxReturn : 273.0032653808594
Train_MinReturn : 173.09715270996094
Train_AverageEpLen : 105.2
Train_EnvstepsSoFar : 267543
TimeSinceStart : 102.93861317634583
Training Loss : -0.00990038737654686
Baseline Loss : 0.197893887758255
Initial_DataCollection_AverageReturn : 9.580930709838867
Done logging...




********** Iteration 131 ************

Beginning logging procedure...

Collecting data for eval...
Eval_AverageReturn : 208.87606811523438
Eval_StdReturn : 35.75644302368164
Eval_MaxReturn : 243.10586547851562
Eval_MinReturn : 148.95135498046875
Eval_AverageEpLen : 103.0
Train_AverageReturn : 233.14971923828125
Train_StdReturn : 17.159318923950195
Train_MaxReturn : 272.172607421875
Train_MinReturn : 212.31024169921875
Train_AverageEpLen : 112.5
Train_EnvstepsSoFar : 269568
TimeSinceStart : 103.74334645271301
Training Loss : -0.024221623316407204
Baseline Loss : 0.14416226744651794
Initial_DataCollection_AverageReturn : 9.580930709838867
Done logging...




********** Iteration 132 ************

Beginning logging procedure...

Collecting data for eval...
Eval_AverageReturn : 241.12823486328125
Eval_StdReturn : 23.21278953552246
Eval_MaxReturn : 262.41705322265625
Eval_MinReturn : 204.7121124267578
Eval_AverageEpLen : 118.0
Train_AverageReturn : 222.9859161376953
Train_StdReturn : 33.79438781738281
Train_MaxReturn : 297.3639221191406
Train_MinReturn : 160.2935333251953
Train_AverageEpLen : 112.27777777777777
Train_EnvstepsSoFar : 271589
TimeSinceStart : 104.59752416610718
Training Loss : 0.016435107216238976
Baseline Loss : 0.2507151663303375
Initial_DataCollection_AverageReturn : 9.580930709838867
Done logging...




********** Iteration 133 ************

Beginning logging procedure...

Collecting data for eval...
Eval_AverageReturn : 228.08767700195312
Eval_StdReturn : 8.533390998840332
Eval_MaxReturn : 241.48049926757812
Eval_MinReturn : 219.09344482421875
Eval_AverageEpLen : 105.0
Train_AverageReturn : 225.952392578125
Train_StdReturn : 17.122705459594727
Train_MaxReturn : 252.2886199951172
Train_MinReturn : 166.86524963378906
Train_AverageEpLen : 104.95
Train_EnvstepsSoFar : 273688
TimeSinceStart : 105.53545761108398
Training Loss : 0.012780477292835712
Baseline Loss : 0.11760400235652924
Initial_DataCollection_AverageReturn : 9.580930709838867
Done logging...




********** Iteration 134 ************

Beginning logging procedure...

Collecting data for eval...
Eval_AverageReturn : 233.95574951171875
Eval_StdReturn : 4.787318229675293
Eval_MaxReturn : 238.36952209472656
Eval_MinReturn : 225.93563842773438
Eval_AverageEpLen : 105.5
Train_AverageReturn : 230.6990203857422
Train_StdReturn : 30.268028259277344
Train_MaxReturn : 296.3088684082031
Train_MinReturn : 152.7274932861328
Train_AverageEpLen : 110.15789473684211
Train_EnvstepsSoFar : 275781
TimeSinceStart : 106.47087001800537
Training Loss : 0.02157551422715187
Baseline Loss : 0.20573057234287262
Initial_DataCollection_AverageReturn : 9.580930709838867
Done logging...




********** Iteration 135 ************

Beginning logging procedure...

Collecting data for eval...
Eval_AverageReturn : 240.86550903320312
Eval_StdReturn : 14.090289115905762
Eval_MaxReturn : 264.3978271484375
Eval_MinReturn : 228.46401977539062
Eval_AverageEpLen : 117.5
Train_AverageReturn : 219.856689453125
Train_StdReturn : 12.490434646606445
Train_MaxReturn : 249.8198699951172
Train_MinReturn : 184.42112731933594
Train_AverageEpLen : 103.2
Train_EnvstepsSoFar : 277845
TimeSinceStart : 107.27738642692566
Training Loss : 0.059161942452192307
Baseline Loss : 0.13355527818202972
Initial_DataCollection_AverageReturn : 9.580930709838867
Done logging...




********** Iteration 136 ************

Beginning logging procedure...

Collecting data for eval...
Eval_AverageReturn : 222.71295166015625
Eval_StdReturn : 35.04298782348633
Eval_MaxReturn : 250.526611328125
Eval_MinReturn : 162.66860961914062
Eval_AverageEpLen : 107.0
Train_AverageReturn : 243.10256958007812
Train_StdReturn : 36.47648620605469
Train_MaxReturn : 368.66796875
Train_MinReturn : 209.16983032226562
Train_AverageEpLen : 119.11764705882354
Train_EnvstepsSoFar : 279870
TimeSinceStart : 108.15484809875488
Training Loss : -0.002397476928308606
Baseline Loss : 0.1675999015569687
Initial_DataCollection_AverageReturn : 9.580930709838867
Done logging...




********** Iteration 137 ************

Beginning logging procedure...

Collecting data for eval...
Eval_AverageReturn : 238.05825805664062
Eval_StdReturn : 14.460347175598145
Eval_MaxReturn : 256.9113464355469
Eval_MinReturn : 223.6024627685547
Eval_AverageEpLen : 116.75
Train_AverageReturn : 226.86911010742188
Train_StdReturn : 30.628217697143555
Train_MaxReturn : 262.1973876953125
Train_MinReturn : 130.47607421875
Train_AverageEpLen : 109.26315789473684
Train_EnvstepsSoFar : 281946
TimeSinceStart : 109.07593274116516
Training Loss : -0.04849688708782196
Baseline Loss : 0.2535252869129181
Initial_DataCollection_AverageReturn : 9.580930709838867
Done logging...




********** Iteration 138 ************

Beginning logging procedure...

Collecting data for eval...
Eval_AverageReturn : 235.64633178710938
Eval_StdReturn : 8.286641120910645
Eval_MaxReturn : 244.42623901367188
Eval_MinReturn : 225.2726287841797
Eval_AverageEpLen : 111.0
Train_AverageReturn : 222.9658203125
Train_StdReturn : 21.542543411254883
Train_MaxReturn : 264.3399353027344
Train_MinReturn : 165.67269897460938
Train_AverageEpLen : 103.6
Train_EnvstepsSoFar : 284018
TimeSinceStart : 109.93464779853821
Training Loss : 0.028766019269824028
Baseline Loss : 0.15414728224277496
Initial_DataCollection_AverageReturn : 9.580930709838867
Done logging...




********** Iteration 139 ************

Beginning logging procedure...

Collecting data for eval...
Eval_AverageReturn : 225.1282958984375
Eval_StdReturn : 15.135510444641113
Eval_MaxReturn : 249.25404357910156
Eval_MinReturn : 207.5039825439453
Eval_AverageEpLen : 105.25
Train_AverageReturn : 233.21949768066406
Train_StdReturn : 15.2636079788208
Train_MaxReturn : 264.9892578125
Train_MinReturn : 192.5185089111328
Train_AverageEpLen : 110.3157894736842
Train_EnvstepsSoFar : 286114
TimeSinceStart : 110.82612371444702
Training Loss : -0.04832807183265686
Baseline Loss : 0.11185199022293091
Initial_DataCollection_AverageReturn : 9.580930709838867
Done logging...




********** Iteration 140 ************

Beginning logging procedure...

Collecting data for eval...
Eval_AverageReturn : 238.25656127929688
Eval_StdReturn : 17.11857795715332
Eval_MaxReturn : 266.4693298339844
Eval_MinReturn : 220.7198486328125
Eval_AverageEpLen : 113.5
Train_AverageReturn : 237.31846618652344
Train_StdReturn : 33.67518997192383
Train_MaxReturn : 343.07354736328125
Train_MinReturn : 156.94891357421875
Train_AverageEpLen : 117.6470588235294
Train_EnvstepsSoFar : 288114
TimeSinceStart : 111.80627989768982
Training Loss : -0.010293303988873959
Baseline Loss : 0.19365446269512177
Initial_DataCollection_AverageReturn : 9.580930709838867
Done logging...




********** Iteration 141 ************

Beginning logging procedure...

Collecting data for eval...
Eval_AverageReturn : 231.2894287109375
Eval_StdReturn : 12.565042495727539
Eval_MaxReturn : 248.2726593017578
Eval_MinReturn : 218.17796325683594
Eval_AverageEpLen : 110.5
Train_AverageReturn : 228.18991088867188
Train_StdReturn : 21.22136878967285
Train_MaxReturn : 267.258544921875
Train_MinReturn : 156.39862060546875
Train_AverageEpLen : 107.94736842105263
Train_EnvstepsSoFar : 290165
TimeSinceStart : 112.63836312294006
Training Loss : -0.04404926300048828
Baseline Loss : 0.13215027749538422
Initial_DataCollection_AverageReturn : 9.580930709838867
Done logging...




********** Iteration 142 ************

Beginning logging procedure...

Collecting data for eval...
Eval_AverageReturn : 230.00047302246094
Eval_StdReturn : 7.108363151550293
Eval_MaxReturn : 241.10609436035156
Eval_MinReturn : 223.74363708496094
Eval_AverageEpLen : 105.75
Train_AverageReturn : 237.52113342285156
Train_StdReturn : 21.71177864074707
Train_MaxReturn : 289.7456359863281
Train_MinReturn : 183.4776611328125
Train_AverageEpLen : 112.33333333333333
Train_EnvstepsSoFar : 292187
TimeSinceStart : 113.52328610420227
Training Loss : 0.014714197255671024
Baseline Loss : 0.10884285718202591
Initial_DataCollection_AverageReturn : 9.580930709838867
Done logging...




********** Iteration 143 ************

Beginning logging procedure...

Collecting data for eval...
Eval_AverageReturn : 236.4637451171875
Eval_StdReturn : 11.914607048034668
Eval_MaxReturn : 250.35922241210938
Eval_MinReturn : 222.0762481689453
Eval_AverageEpLen : 113.5
Train_AverageReturn : 232.1588592529297
Train_StdReturn : 14.237625122070312
Train_MaxReturn : 269.0743103027344
Train_MinReturn : 214.00376892089844
Train_AverageEpLen : 111.44444444444444
Train_EnvstepsSoFar : 294193
TimeSinceStart : 114.42397356033325
Training Loss : 0.02483547106385231
Baseline Loss : 0.12171276658773422
Initial_DataCollection_AverageReturn : 9.580930709838867
Done logging...




********** Iteration 144 ************

Beginning logging procedure...

Collecting data for eval...
Eval_AverageReturn : 237.752685546875
Eval_StdReturn : 7.593255043029785
Eval_MaxReturn : 249.7614288330078
Eval_MinReturn : 228.72695922851562
Eval_AverageEpLen : 117.0
Train_AverageReturn : 222.78421020507812
Train_StdReturn : 38.0043830871582
Train_MaxReturn : 247.97299194335938
Train_MinReturn : 62.156089782714844
Train_AverageEpLen : 104.3
Train_EnvstepsSoFar : 296279
TimeSinceStart : 115.27970695495605
Training Loss : -0.043683405965566635
Baseline Loss : 0.20533356070518494
Initial_DataCollection_AverageReturn : 9.580930709838867
Done logging...




********** Iteration 145 ************

Beginning logging procedure...

Collecting data for eval...
Eval_AverageReturn : 232.44708251953125
Eval_StdReturn : 5.716725826263428
Eval_MaxReturn : 238.54554748535156
Eval_MinReturn : 225.65069580078125
Eval_AverageEpLen : 107.25
Train_AverageReturn : 233.4708251953125
Train_StdReturn : 12.300150871276855
Train_MaxReturn : 261.2216796875
Train_MinReturn : 216.23358154296875
Train_AverageEpLen : 110.73684210526316
Train_EnvstepsSoFar : 298383
TimeSinceStart : 116.14675235748291
Training Loss : -0.010108280926942825
Baseline Loss : 0.10083634406328201
Initial_DataCollection_AverageReturn : 9.580930709838867
Done logging...




********** Iteration 146 ************

Beginning logging procedure...

Collecting data for eval...
Eval_AverageReturn : 242.66061401367188
Eval_StdReturn : 12.408042907714844
Eval_MaxReturn : 260.1264953613281
Eval_MinReturn : 228.85816955566406
Eval_AverageEpLen : 119.25
Train_AverageReturn : 235.58021545410156
Train_StdReturn : 13.605878829956055
Train_MaxReturn : 264.77081298828125
Train_MinReturn : 216.12692260742188
Train_AverageEpLen : 113.77777777777777
Train_EnvstepsSoFar : 300431
TimeSinceStart : 117.03291201591492
Training Loss : 0.02178288623690605
Baseline Loss : 0.10219717025756836
Initial_DataCollection_AverageReturn : 9.580930709838867
Done logging...




********** Iteration 147 ************

Beginning logging procedure...

Collecting data for eval...
Eval_AverageReturn : 227.83522033691406
Eval_StdReturn : 12.515498161315918
Eval_MaxReturn : 244.3915557861328
Eval_MinReturn : 209.13189697265625
Eval_AverageEpLen : 104.5
Train_AverageReturn : 238.0787811279297
Train_StdReturn : 12.894742012023926
Train_MaxReturn : 269.1737060546875
Train_MinReturn : 219.21002197265625
Train_AverageEpLen : 116.11111111111111
Train_EnvstepsSoFar : 302521
TimeSinceStart : 117.90989589691162
Training Loss : 0.025846170261502266
Baseline Loss : 0.09076032042503357
Initial_DataCollection_AverageReturn : 9.580930709838867
Done logging...




********** Iteration 148 ************

Beginning logging procedure...

Collecting data for eval...
Eval_AverageReturn : 227.22616577148438
Eval_StdReturn : 7.711487293243408
Eval_MaxReturn : 238.17103576660156
Eval_MinReturn : 219.40847778320312
Eval_AverageEpLen : 108.25
Train_AverageReturn : 232.68313598632812
Train_StdReturn : 12.606487274169922
Train_MaxReturn : 275.94659423828125
Train_MinReturn : 214.75706481933594
Train_AverageEpLen : 109.94736842105263
Train_EnvstepsSoFar : 304610
TimeSinceStart : 118.75373363494873
Training Loss : -0.003068416379392147
Baseline Loss : 0.08101862668991089
Initial_DataCollection_AverageReturn : 9.580930709838867
Done logging...




********** Iteration 149 ************

Beginning logging procedure...

Collecting data for eval...
Eval_AverageReturn : 231.99212646484375
Eval_StdReturn : 9.339066505432129
Eval_MaxReturn : 244.05807495117188
Eval_MinReturn : 218.305419921875
Eval_AverageEpLen : 108.5
Train_AverageReturn : 236.01458740234375
Train_StdReturn : 14.849687576293945
Train_MaxReturn : 273.5133056640625
Train_MinReturn : 217.18975830078125
Train_AverageEpLen : 111.16666666666667
Train_EnvstepsSoFar : 306611
TimeSinceStart : 119.59145760536194
Training Loss : 0.024539664387702942
Baseline Loss : 0.08719703555107117
Initial_DataCollection_AverageReturn : 9.580930709838867
Done logging...




********** Iteration 150 ************

Beginning logging procedure...

Collecting data for eval...
Eval_AverageReturn : 228.21475219726562
Eval_StdReturn : 6.774418830871582
Eval_MaxReturn : 235.00369262695312
Eval_MinReturn : 218.70530700683594
Eval_AverageEpLen : 104.0
Train_AverageReturn : 229.8417510986328
Train_StdReturn : 18.122779846191406
Train_MaxReturn : 263.96380615234375
Train_MinReturn : 182.84193420410156
Train_AverageEpLen : 108.84210526315789
Train_EnvstepsSoFar : 308679
TimeSinceStart : 120.4622733592987
Training Loss : -0.011396141722798347
Baseline Loss : 0.10477958619594574
Initial_DataCollection_AverageReturn : 9.580930709838867
Done logging...




********** Iteration 151 ************

Beginning logging procedure...

Collecting data for eval...
Eval_AverageReturn : 224.53033447265625
Eval_StdReturn : 12.765138626098633
Eval_MaxReturn : 237.67086791992188
Eval_MinReturn : 210.78602600097656
Eval_AverageEpLen : 105.25
Train_AverageReturn : 221.77230834960938
Train_StdReturn : 43.90303039550781
Train_MaxReturn : 257.24029541015625
Train_MinReturn : 46.187294006347656
Train_AverageEpLen : 109.10526315789474
Train_EnvstepsSoFar : 310752
TimeSinceStart : 121.28163933753967
Training Loss : -0.012222551740705967
Baseline Loss : 0.45073360204696655
Initial_DataCollection_AverageReturn : 9.580930709838867
Done logging...




********** Iteration 152 ************

Beginning logging procedure...

Collecting data for eval...
Eval_AverageReturn : 227.36129760742188
Eval_StdReturn : 1.7967445850372314
Eval_MaxReturn : 229.34181213378906
Eval_MinReturn : 225.0768280029297
Eval_AverageEpLen : 105.25
Train_AverageReturn : 232.63243103027344
Train_StdReturn : 14.564173698425293
Train_MaxReturn : 261.9107971191406
Train_MinReturn : 208.2639617919922
Train_AverageEpLen : 111.5
Train_EnvstepsSoFar : 312759
TimeSinceStart : 122.10120463371277
Training Loss : -0.0030783757101744413
Baseline Loss : 0.08816798776388168
Initial_DataCollection_AverageReturn : 9.580930709838867
Done logging...




********** Iteration 153 ************

Beginning logging procedure...

Collecting data for eval...
Eval_AverageReturn : 226.706298828125
Eval_StdReturn : 9.800740242004395
Eval_MaxReturn : 243.6236572265625
Eval_MinReturn : 220.06399536132812
Eval_AverageEpLen : 105.25
Train_AverageReturn : 232.4263458251953
Train_StdReturn : 17.430572509765625
Train_MaxReturn : 274.7042236328125
Train_MinReturn : 202.42466735839844
Train_AverageEpLen : 112.61111111111111
Train_EnvstepsSoFar : 314786
TimeSinceStart : 122.96755790710449
Training Loss : 0.030185887590050697
Baseline Loss : 0.09544478356838226
Initial_DataCollection_AverageReturn : 9.580930709838867
Done logging...




********** Iteration 154 ************

Beginning logging procedure...

Collecting data for eval...
Eval_AverageReturn : 246.12921142578125
Eval_StdReturn : 28.751935958862305
Eval_MaxReturn : 287.886962890625
Eval_MinReturn : 207.02809143066406
Eval_AverageEpLen : 117.5
Train_AverageReturn : 235.719970703125
Train_StdReturn : 14.918481826782227
Train_MaxReturn : 273.1839599609375
Train_MinReturn : 219.24542236328125
Train_AverageEpLen : 111.61111111111111
Train_EnvstepsSoFar : 316795
TimeSinceStart : 123.78506207466125
Training Loss : 0.020869098603725433
Baseline Loss : 0.08113180845975876
Initial_DataCollection_AverageReturn : 9.580930709838867
Done logging...




********** Iteration 155 ************

Beginning logging procedure...

Collecting data for eval...
Eval_AverageReturn : 243.13511657714844
Eval_StdReturn : 22.35662269592285
Eval_MaxReturn : 279.505126953125
Eval_MinReturn : 219.0558319091797
Eval_AverageEpLen : 122.0
Train_AverageReturn : 233.27297973632812
Train_StdReturn : 13.808709144592285
Train_MaxReturn : 267.0406188964844
Train_MinReturn : 217.01206970214844
Train_AverageEpLen : 109.84210526315789
Train_EnvstepsSoFar : 318882
TimeSinceStart : 124.64832520484924
Training Loss : -0.021380024030804634
Baseline Loss : 0.07741847634315491
Initial_DataCollection_AverageReturn : 9.580930709838867
Done logging...




********** Iteration 156 ************

Beginning logging procedure...

Collecting data for eval...
Eval_AverageReturn : 243.229736328125
Eval_StdReturn : 21.191898345947266
Eval_MaxReturn : 278.6838073730469
Eval_MinReturn : 223.61769104003906
Eval_AverageEpLen : 118.25
Train_AverageReturn : 232.09315490722656
Train_StdReturn : 12.196907997131348
Train_MaxReturn : 265.7554931640625
Train_MinReturn : 214.14108276367188
Train_AverageEpLen : 108.26315789473684
Train_EnvstepsSoFar : 320939
TimeSinceStart : 125.40786623954773
Training Loss : 0.024969348683953285
Baseline Loss : 0.07977922260761261
Initial_DataCollection_AverageReturn : 9.580930709838867
Done logging...




********** Iteration 157 ************

Beginning logging procedure...

Collecting data for eval...
Eval_AverageReturn : 240.69822692871094
Eval_StdReturn : 24.145431518554688
Eval_MaxReturn : 275.47747802734375
Eval_MinReturn : 214.67115783691406
Eval_AverageEpLen : 118.5
Train_AverageReturn : 234.96438598632812
Train_StdReturn : 26.155118942260742
Train_MaxReturn : 323.08123779296875
Train_MinReturn : 207.80642700195312
Train_AverageEpLen : 112.44444444444444
Train_EnvstepsSoFar : 322963
TimeSinceStart : 126.23116660118103
Training Loss : 0.008235717192292213
Baseline Loss : 0.08672749996185303
Initial_DataCollection_AverageReturn : 9.580930709838867
Done logging...




********** Iteration 158 ************

Beginning logging procedure...

Collecting data for eval...
Eval_AverageReturn : 236.8151092529297
Eval_StdReturn : 4.17459774017334
Eval_MaxReturn : 243.6115264892578
Eval_MinReturn : 233.13906860351562
Eval_AverageEpLen : 112.5
Train_AverageReturn : 234.70201110839844
Train_StdReturn : 12.911179542541504
Train_MaxReturn : 259.81201171875
Train_MinReturn : 216.19207763671875
Train_AverageEpLen : 111.61111111111111
Train_EnvstepsSoFar : 324972
TimeSinceStart : 126.98601269721985
Training Loss : -0.004502537660300732
Baseline Loss : 0.08485540747642517
Initial_DataCollection_AverageReturn : 9.580930709838867
Done logging...




********** Iteration 159 ************

Beginning logging procedure...

Collecting data for eval...
Eval_AverageReturn : 238.4362030029297
Eval_StdReturn : 12.806654930114746
Eval_MaxReturn : 254.1824493408203
Eval_MinReturn : 225.17677307128906
Eval_AverageEpLen : 104.5
Train_AverageReturn : 238.4744415283203
Train_StdReturn : 18.10848617553711
Train_MaxReturn : 285.906494140625
Train_MinReturn : 211.287109375
Train_AverageEpLen : 114.66666666666667
Train_EnvstepsSoFar : 327036
TimeSinceStart : 127.72959303855896
Training Loss : 0.017308223992586136
Baseline Loss : 0.0856420025229454
Initial_DataCollection_AverageReturn : 9.580930709838867
Done logging...




********** Iteration 160 ************

Beginning logging procedure...

Collecting data for eval...
Eval_AverageReturn : 247.33970642089844
Eval_StdReturn : 20.221874237060547
Eval_MaxReturn : 270.4075012207031
Eval_MinReturn : 226.38108825683594
Eval_AverageEpLen : 125.75
Train_AverageReturn : 237.95526123046875
Train_StdReturn : 14.751896858215332
Train_MaxReturn : 281.09515380859375
Train_MinReturn : 221.54989624023438
Train_AverageEpLen : 113.55555555555556
Train_EnvstepsSoFar : 329080
TimeSinceStart : 128.59211134910583
Training Loss : 0.04401687905192375
Baseline Loss : 0.07421145588159561
Initial_DataCollection_AverageReturn : 9.580930709838867
Done logging...




********** Iteration 161 ************

Beginning logging procedure...

Collecting data for eval...
Eval_AverageReturn : 226.24295043945312
Eval_StdReturn : 9.381410598754883
Eval_MaxReturn : 238.09678649902344
Eval_MinReturn : 213.4886016845703
Eval_AverageEpLen : 103.75
Train_AverageReturn : 236.2329864501953
Train_StdReturn : 15.002638816833496
Train_MaxReturn : 273.5548400878906
Train_MinReturn : 210.0266571044922
Train_AverageEpLen : 111.36842105263158
Train_EnvstepsSoFar : 331196
TimeSinceStart : 129.50407314300537
Training Loss : -0.023954736068844795
Baseline Loss : 0.10272188484668732
Initial_DataCollection_AverageReturn : 9.580930709838867
Done logging...




********** Iteration 162 ************

Beginning logging procedure...

Collecting data for eval...
Eval_AverageReturn : 228.36244201660156
Eval_StdReturn : 7.046667575836182
Eval_MaxReturn : 237.6131134033203
Eval_MinReturn : 219.8863525390625
Eval_AverageEpLen : 106.25
Train_AverageReturn : 234.07252502441406
Train_StdReturn : 15.428421020507812
Train_MaxReturn : 272.9364013671875
Train_MinReturn : 211.06069946289062
Train_AverageEpLen : 109.94736842105263
Train_EnvstepsSoFar : 333285
TimeSinceStart : 130.34471726417542
Training Loss : -0.032393138855695724
Baseline Loss : 0.10055335611104965
Initial_DataCollection_AverageReturn : 9.580930709838867
Done logging...




********** Iteration 163 ************

Beginning logging procedure...

Collecting data for eval...
Eval_AverageReturn : 232.36805725097656
Eval_StdReturn : 7.214633941650391
Eval_MaxReturn : 243.76084899902344
Eval_MinReturn : 225.56239318847656
Eval_AverageEpLen : 106.5
Train_AverageReturn : 231.54006958007812
Train_StdReturn : 33.70244598388672
Train_MaxReturn : 286.27545166015625
Train_MinReturn : 105.43415069580078
Train_AverageEpLen : 110.47368421052632
Train_EnvstepsSoFar : 335384
TimeSinceStart : 131.31281518936157
Training Loss : 0.011690978892147541
Baseline Loss : 0.29068002104759216
Initial_DataCollection_AverageReturn : 9.580930709838867
Done logging...




********** Iteration 164 ************

Beginning logging procedure...

Collecting data for eval...
Eval_AverageReturn : 237.87197875976562
Eval_StdReturn : 28.711963653564453
Eval_MaxReturn : 285.69677734375
Eval_MinReturn : 214.1517333984375
Eval_AverageEpLen : 114.75
Train_AverageReturn : 239.59817504882812
Train_StdReturn : 14.8883056640625
Train_MaxReturn : 275.4002990722656
Train_MinReturn : 215.82879638671875
Train_AverageEpLen : 113.72222222222223
Train_EnvstepsSoFar : 337431
TimeSinceStart : 132.18519377708435
Training Loss : 0.007329071406275034
Baseline Loss : 0.07648570090532303
Initial_DataCollection_AverageReturn : 9.580930709838867
Done logging...




********** Iteration 165 ************

Beginning logging procedure...

Collecting data for eval...
Eval_AverageReturn : 234.72372436523438
Eval_StdReturn : 10.093217849731445
Eval_MaxReturn : 250.98777770996094
Eval_MinReturn : 225.46481323242188
Eval_AverageEpLen : 109.0
Train_AverageReturn : 247.67327880859375
Train_StdReturn : 26.102758407592773
Train_MaxReturn : 302.69952392578125
Train_MinReturn : 211.1779022216797
Train_AverageEpLen : 122.47058823529412
Train_EnvstepsSoFar : 339513
TimeSinceStart : 133.0217845439911
Training Loss : 0.024929063394665718
Baseline Loss : 0.14027349650859833
Initial_DataCollection_AverageReturn : 9.580930709838867
Done logging...




********** Iteration 166 ************

Beginning logging procedure...

Collecting data for eval...
Eval_AverageReturn : 232.98406982421875
Eval_StdReturn : 4.559099197387695
Eval_MaxReturn : 238.4122314453125
Eval_MinReturn : 225.77505493164062
Eval_AverageEpLen : 107.5
Train_AverageReturn : 231.25367736816406
Train_StdReturn : 14.233999252319336
Train_MaxReturn : 263.1689758300781
Train_MinReturn : 202.31175231933594
Train_AverageEpLen : 107.42105263157895
Train_EnvstepsSoFar : 341554
TimeSinceStart : 133.82117891311646
Training Loss : 0.023415904492139816
Baseline Loss : 0.0745004266500473
Initial_DataCollection_AverageReturn : 9.580930709838867
Done logging...




********** Iteration 167 ************

Beginning logging procedure...

Collecting data for eval...
Eval_AverageReturn : 225.2608184814453
Eval_StdReturn : 9.038954734802246
Eval_MaxReturn : 236.1875457763672
Eval_MinReturn : 213.41152954101562
Eval_AverageEpLen : 102.5
Train_AverageReturn : 243.5275115966797
Train_StdReturn : 19.45363426208496
Train_MaxReturn : 284.03857421875
Train_MinReturn : 217.76588439941406
Train_AverageEpLen : 114.5
Train_EnvstepsSoFar : 343615
TimeSinceStart : 134.70000314712524
Training Loss : 0.01876472868025303
Baseline Loss : 0.09225037693977356
Initial_DataCollection_AverageReturn : 9.580930709838867
Done logging...




********** Iteration 168 ************

Beginning logging procedure...

Collecting data for eval...
Eval_AverageReturn : 250.30276489257812
Eval_StdReturn : 19.755794525146484
Eval_MaxReturn : 279.972900390625
Eval_MinReturn : 228.31031799316406
Eval_AverageEpLen : 122.75
Train_AverageReturn : 235.58580017089844
Train_StdReturn : 15.854674339294434
Train_MaxReturn : 262.5174560546875
Train_MinReturn : 202.9215545654297
Train_AverageEpLen : 112.16666666666667
Train_EnvstepsSoFar : 345634
TimeSinceStart : 135.62014245986938
Training Loss : 0.018382811918854713
Baseline Loss : 0.1093236431479454
Initial_DataCollection_AverageReturn : 9.580930709838867
Done logging...




********** Iteration 169 ************

Beginning logging procedure...

Collecting data for eval...
Eval_AverageReturn : 249.61373901367188
Eval_StdReturn : 27.1295166015625
Eval_MaxReturn : 296.3742980957031
Eval_MinReturn : 231.54376220703125
Eval_AverageEpLen : 120.0
Train_AverageReturn : 225.88134765625
Train_StdReturn : 19.728397369384766
Train_MaxReturn : 250.43453979492188
Train_MinReturn : 154.55145263671875
Train_AverageEpLen : 103.25
Train_EnvstepsSoFar : 347699
TimeSinceStart : 136.4759316444397
Training Loss : 0.008387844078242779
Baseline Loss : 0.12772737443447113
Initial_DataCollection_AverageReturn : 9.580930709838867
Done logging...




********** Iteration 170 ************

Beginning logging procedure...

Collecting data for eval...
Eval_AverageReturn : 227.2749481201172
Eval_StdReturn : 20.35069465637207
Eval_MaxReturn : 251.760009765625
Eval_MinReturn : 196.16119384765625
Eval_AverageEpLen : 105.5
Train_AverageReturn : 224.79969787597656
Train_StdReturn : 28.147735595703125
Train_MaxReturn : 263.803466796875
Train_MinReturn : 155.82179260253906
Train_AverageEpLen : 108.6842105263158
Train_EnvstepsSoFar : 349764
TimeSinceStart : 137.3721957206726
Training Loss : 0.008466958999633789
Baseline Loss : 0.23702366650104523
Initial_DataCollection_AverageReturn : 9.580930709838867
Done logging...




********** Iteration 171 ************

Beginning logging procedure...

Collecting data for eval...
Eval_AverageReturn : 228.25344848632812
Eval_StdReturn : 25.21465492248535
Eval_MaxReturn : 266.7073669433594
Eval_MinReturn : 196.38665771484375
Eval_AverageEpLen : 112.75
Train_AverageReturn : 237.9249725341797
Train_StdReturn : 23.368614196777344
Train_MaxReturn : 290.7491149902344
Train_MinReturn : 181.0373992919922
Train_AverageEpLen : 114.05555555555556
Train_EnvstepsSoFar : 351817
TimeSinceStart : 138.29734420776367
Training Loss : -0.042083971202373505
Baseline Loss : 0.1344938725233078
Initial_DataCollection_AverageReturn : 9.580930709838867
Done logging...




********** Iteration 172 ************

Beginning logging procedure...

Collecting data for eval...
Eval_AverageReturn : 241.5134735107422
Eval_StdReturn : 13.565835952758789
Eval_MaxReturn : 258.217041015625
Eval_MinReturn : 227.29214477539062
Eval_AverageEpLen : 109.75
Train_AverageReturn : 232.06422424316406
Train_StdReturn : 21.87128448486328
Train_MaxReturn : 288.8995361328125
Train_MinReturn : 187.84429931640625
Train_AverageEpLen : 109.57894736842105
Train_EnvstepsSoFar : 353899
TimeSinceStart : 139.28038215637207
Training Loss : -0.046544477343559265
Baseline Loss : 0.11280045658349991
Initial_DataCollection_AverageReturn : 9.580930709838867
Done logging...




********** Iteration 173 ************

Beginning logging procedure...

Collecting data for eval...
Eval_AverageReturn : 236.57676696777344
Eval_StdReturn : 13.797348022460938
Eval_MaxReturn : 257.5973815917969
Eval_MinReturn : 220.17178344726562
Eval_AverageEpLen : 108.25
Train_AverageReturn : 235.1622314453125
Train_StdReturn : 18.849008560180664
Train_MaxReturn : 271.5789489746094
Train_MinReturn : 191.4329833984375
Train_AverageEpLen : 111.52631578947368
Train_EnvstepsSoFar : 356018
TimeSinceStart : 140.1072461605072
Training Loss : -0.058331795036792755
Baseline Loss : 0.09248030185699463
Initial_DataCollection_AverageReturn : 9.580930709838867
Done logging...




********** Iteration 174 ************

Beginning logging procedure...

Collecting data for eval...
Eval_AverageReturn : 232.2781982421875
Eval_StdReturn : 16.980127334594727
Eval_MaxReturn : 259.9495849609375
Eval_MinReturn : 217.45790100097656
Eval_AverageEpLen : 110.5
Train_AverageReturn : 232.29823303222656
Train_StdReturn : 23.31941032409668
Train_MaxReturn : 284.235595703125
Train_MinReturn : 167.49139404296875
Train_AverageEpLen : 107.73684210526316
Train_EnvstepsSoFar : 358065
TimeSinceStart : 140.87245202064514
Training Loss : -0.048746295273303986
Baseline Loss : 0.13568194210529327
Initial_DataCollection_AverageReturn : 9.580930709838867
Done logging...




********** Iteration 175 ************

Beginning logging procedure...

Collecting data for eval...
Eval_AverageReturn : 227.41615295410156
Eval_StdReturn : 23.194345474243164
Eval_MaxReturn : 243.49391174316406
Eval_MinReturn : 187.41477966308594
Eval_AverageEpLen : 109.75
Train_AverageReturn : 232.7749481201172
Train_StdReturn : 22.280637741088867
Train_MaxReturn : 281.55047607421875
Train_MinReturn : 193.82113647460938
Train_AverageEpLen : 110.52631578947368
Train_EnvstepsSoFar : 360165
TimeSinceStart : 141.70461320877075
Training Loss : -0.008063264191150665
Baseline Loss : 0.15066993236541748
Initial_DataCollection_AverageReturn : 9.580930709838867
Done logging...




********** Iteration 176 ************

Beginning logging procedure...

Collecting data for eval...
Eval_AverageReturn : 235.65402221679688
Eval_StdReturn : 10.04830265045166
Eval_MaxReturn : 250.6661376953125
Eval_MinReturn : 224.74095153808594
Eval_AverageEpLen : 105.25
Train_AverageReturn : 221.85592651367188
Train_StdReturn : 29.316312789916992
Train_MaxReturn : 272.1105041503906
Train_MinReturn : 119.51231384277344
Train_AverageEpLen : 105.57894736842105
Train_EnvstepsSoFar : 362171
TimeSinceStart : 142.54858016967773
Training Loss : -0.007884646765887737
Baseline Loss : 0.21799004077911377
Initial_DataCollection_AverageReturn : 9.580930709838867
Done logging...




********** Iteration 177 ************

Beginning logging procedure...

Collecting data for eval...
Eval_AverageReturn : 243.46990966796875
Eval_StdReturn : 14.537609100341797
Eval_MaxReturn : 258.072998046875
Eval_MinReturn : 228.69223022460938
Eval_AverageEpLen : 116.75
Train_AverageReturn : 230.07447814941406
Train_StdReturn : 12.224448204040527
Train_MaxReturn : 256.110595703125
Train_MinReturn : 198.56655883789062
Train_AverageEpLen : 107.57894736842105
Train_EnvstepsSoFar : 364215
TimeSinceStart : 143.42088174819946
Training Loss : -0.025527721270918846
Baseline Loss : 0.1920231431722641
Initial_DataCollection_AverageReturn : 9.580930709838867
Done logging...




********** Iteration 178 ************

Beginning logging procedure...

Collecting data for eval...
Eval_AverageReturn : 244.87376403808594
Eval_StdReturn : 9.330705642700195
Eval_MaxReturn : 258.6111145019531
Eval_MinReturn : 232.4159393310547
Eval_AverageEpLen : 118.5
Train_AverageReturn : 228.8671417236328
Train_StdReturn : 19.901750564575195
Train_MaxReturn : 285.70233154296875
Train_MinReturn : 189.80715942382812
Train_AverageEpLen : 107.52631578947368
Train_EnvstepsSoFar : 366258
TimeSinceStart : 144.2799506187439
Training Loss : 0.012360730208456516
Baseline Loss : 0.08601979911327362
Initial_DataCollection_AverageReturn : 9.580930709838867
Done logging...




********** Iteration 179 ************

Beginning logging procedure...

Collecting data for eval...
Eval_AverageReturn : 235.76321411132812
Eval_StdReturn : 3.282095193862915
Eval_MaxReturn : 240.95010375976562
Eval_MinReturn : 231.85986328125
Eval_AverageEpLen : 107.0
Train_AverageReturn : 236.85934448242188
Train_StdReturn : 19.468891143798828
Train_MaxReturn : 285.941650390625
Train_MinReturn : 192.2454833984375
Train_AverageEpLen : 110.89473684210526
Train_EnvstepsSoFar : 368365
TimeSinceStart : 145.07316040992737
Training Loss : -0.0035217429976910353
Baseline Loss : 0.09839149564504623
Initial_DataCollection_AverageReturn : 9.580930709838867
Done logging...




********** Iteration 180 ************

Beginning logging procedure...

Collecting data for eval...
Eval_AverageReturn : 256.7377624511719
Eval_StdReturn : 14.508781433105469
Eval_MaxReturn : 275.011474609375
Eval_MinReturn : 240.59420776367188
Eval_AverageEpLen : 125.0
Train_AverageReturn : 235.74627685546875
Train_StdReturn : 13.866889953613281
Train_MaxReturn : 268.7579650878906
Train_MinReturn : 198.34352111816406
Train_AverageEpLen : 109.63157894736842
Train_EnvstepsSoFar : 370448
TimeSinceStart : 145.91642427444458
Training Loss : 0.0037827466148883104
Baseline Loss : 0.07678832113742828
Initial_DataCollection_AverageReturn : 9.580930709838867
Done logging...




********** Iteration 181 ************

Beginning logging procedure...

Collecting data for eval...
Eval_AverageReturn : 253.65127563476562
Eval_StdReturn : 26.581087112426758
Eval_MaxReturn : 291.7091064453125
Eval_MinReturn : 221.7498016357422
Eval_AverageEpLen : 130.5
Train_AverageReturn : 238.56527709960938
Train_StdReturn : 23.39737892150879
Train_MaxReturn : 282.88568115234375
Train_MinReturn : 177.62567138671875
Train_AverageEpLen : 111.78947368421052
Train_EnvstepsSoFar : 372572
TimeSinceStart : 146.65493488311768
Training Loss : -0.007863405160605907
Baseline Loss : 0.11366230994462967
Initial_DataCollection_AverageReturn : 9.580930709838867
Done logging...




********** Iteration 182 ************

Beginning logging procedure...

Collecting data for eval...
Eval_AverageReturn : 257.4078369140625
Eval_StdReturn : 26.79831314086914
Eval_MaxReturn : 293.99853515625
Eval_MinReturn : 222.8599853515625
Eval_AverageEpLen : 123.75
Train_AverageReturn : 235.999267578125
Train_StdReturn : 18.533309936523438
Train_MaxReturn : 299.1741027832031
Train_MinReturn : 198.45521545410156
Train_AverageEpLen : 111.5
Train_EnvstepsSoFar : 374579
TimeSinceStart : 147.40547347068787
Training Loss : 0.009890605695545673
Baseline Loss : 0.11082041263580322
Initial_DataCollection_AverageReturn : 9.580930709838867
Done logging...




********** Iteration 183 ************

Beginning logging procedure...

Collecting data for eval...
Eval_AverageReturn : 239.62124633789062
Eval_StdReturn : 14.619634628295898
Eval_MaxReturn : 264.3431701660156
Eval_MinReturn : 226.57034301757812
Eval_AverageEpLen : 115.0
Train_AverageReturn : 238.4009552001953
Train_StdReturn : 10.491216659545898
Train_MaxReturn : 253.3214111328125
Train_MinReturn : 218.99258422851562
Train_AverageEpLen : 114.55555555555556
Train_EnvstepsSoFar : 376641
TimeSinceStart : 148.2150535583496
Training Loss : -0.048177096992731094
Baseline Loss : 0.07931934297084808
Initial_DataCollection_AverageReturn : 9.580930709838867
Done logging...




********** Iteration 184 ************

Beginning logging procedure...

Collecting data for eval...
Eval_AverageReturn : 238.5829315185547
Eval_StdReturn : 5.147712230682373
Eval_MaxReturn : 247.3234100341797
Eval_MinReturn : 234.0342559814453
Eval_AverageEpLen : 110.75
Train_AverageReturn : 235.36135864257812
Train_StdReturn : 19.364145278930664
Train_MaxReturn : 269.024169921875
Train_MinReturn : 184.7996826171875
Train_AverageEpLen : 111.94444444444444
Train_EnvstepsSoFar : 378656
TimeSinceStart : 148.91744542121887
Training Loss : -0.04803449288010597
Baseline Loss : 0.0841967836022377
Initial_DataCollection_AverageReturn : 9.580930709838867
Done logging...




********** Iteration 185 ************

Beginning logging procedure...

Collecting data for eval...
Eval_AverageReturn : 230.49176025390625
Eval_StdReturn : 6.9241156578063965
Eval_MaxReturn : 239.37570190429688
Eval_MinReturn : 220.48672485351562
Eval_AverageEpLen : 105.0
Train_AverageReturn : 242.0579376220703
Train_StdReturn : 14.883341789245605
Train_MaxReturn : 269.80517578125
Train_MinReturn : 221.06129455566406
Train_AverageEpLen : 115.16666666666667
Train_EnvstepsSoFar : 380729
TimeSinceStart : 149.8038032054901
Training Loss : 0.00709855742752552
Baseline Loss : 0.0667998418211937
Initial_DataCollection_AverageReturn : 9.580930709838867
Done logging...




********** Iteration 186 ************

Beginning logging procedure...

Collecting data for eval...
Eval_AverageReturn : 251.04869079589844
Eval_StdReturn : 13.85725212097168
Eval_MaxReturn : 264.2164611816406
Eval_MinReturn : 230.7809295654297
Eval_AverageEpLen : 121.75
Train_AverageReturn : 240.82589721679688
Train_StdReturn : 16.85089111328125
Train_MaxReturn : 276.98345947265625
Train_MinReturn : 215.97637939453125
Train_AverageEpLen : 114.33333333333333
Train_EnvstepsSoFar : 382787
TimeSinceStart : 150.64257860183716
Training Loss : -0.05351438373327255
Baseline Loss : 0.0759376734495163
Initial_DataCollection_AverageReturn : 9.580930709838867
Done logging...




********** Iteration 187 ************

Beginning logging procedure...

Collecting data for eval...
Eval_AverageReturn : 233.95196533203125
Eval_StdReturn : 9.445751190185547
Eval_MaxReturn : 247.63607788085938
Eval_MinReturn : 224.04092407226562
Eval_AverageEpLen : 105.25
Train_AverageReturn : 245.00338745117188
Train_StdReturn : 13.487144470214844
Train_MaxReturn : 278.824462890625
Train_MinReturn : 223.20327758789062
Train_AverageEpLen : 116.61111111111111
Train_EnvstepsSoFar : 384886
TimeSinceStart : 151.45453763008118
Training Loss : -0.018569938838481903
Baseline Loss : 0.07729823887348175
Initial_DataCollection_AverageReturn : 9.580930709838867
Done logging...




********** Iteration 188 ************

Beginning logging procedure...

Collecting data for eval...
Eval_AverageReturn : 237.73635864257812
Eval_StdReturn : 6.727693557739258
Eval_MaxReturn : 244.5057373046875
Eval_MinReturn : 229.40635681152344
Eval_AverageEpLen : 112.5
Train_AverageReturn : 244.71798706054688
Train_StdReturn : 19.69348907470703
Train_MaxReturn : 289.85791015625
Train_MinReturn : 222.0733184814453
Train_AverageEpLen : 116.5
Train_EnvstepsSoFar : 386983
TimeSinceStart : 152.22111535072327
Training Loss : 0.04883361980319023
Baseline Loss : 0.08590071648359299
Initial_DataCollection_AverageReturn : 9.580930709838867
Done logging...




********** Iteration 189 ************

Beginning logging procedure...

Collecting data for eval...
Eval_AverageReturn : 215.51931762695312
Eval_StdReturn : 51.723209381103516
Eval_MaxReturn : 256.9649353027344
Eval_MinReturn : 127.65936279296875
Eval_AverageEpLen : 107.25
Train_AverageReturn : 241.45155334472656
Train_StdReturn : 14.983054161071777
Train_MaxReturn : 272.4844970703125
Train_MinReturn : 222.02630615234375
Train_AverageEpLen : 113.44444444444444
Train_EnvstepsSoFar : 389025
TimeSinceStart : 152.87395548820496
Training Loss : -0.019418489187955856
Baseline Loss : 0.0714409276843071
Initial_DataCollection_AverageReturn : 9.580930709838867
Done logging...




********** Iteration 190 ************

Beginning logging procedure...

Collecting data for eval...
Eval_AverageReturn : 256.52166748046875
Eval_StdReturn : 32.43413162231445
Eval_MaxReturn : 301.23492431640625
Eval_MinReturn : 210.950927734375
Eval_AverageEpLen : 120.75
Train_AverageReturn : 237.49270629882812
Train_StdReturn : 11.490111351013184
Train_MaxReturn : 262.23931884765625
Train_MinReturn : 221.4566192626953
Train_AverageEpLen : 114.11111111111111
Train_EnvstepsSoFar : 391079
TimeSinceStart : 153.67345023155212
Training Loss : 0.039899155497550964
Baseline Loss : 0.06157255545258522
Initial_DataCollection_AverageReturn : 9.580930709838867
Done logging...




********** Iteration 191 ************

Beginning logging procedure...

Collecting data for eval...
Eval_AverageReturn : 242.01878356933594
Eval_StdReturn : 18.17081069946289
Eval_MaxReturn : 271.19403076171875
Eval_MinReturn : 222.14012145996094
Eval_AverageEpLen : 110.75
Train_AverageReturn : 242.88580322265625
Train_StdReturn : 17.476839065551758
Train_MaxReturn : 277.3133239746094
Train_MinReturn : 215.30606079101562
Train_AverageEpLen : 116.38888888888889
Train_EnvstepsSoFar : 393174
TimeSinceStart : 154.4333164691925
Training Loss : -0.02233203873038292
Baseline Loss : 0.07000259310007095
Initial_DataCollection_AverageReturn : 9.580930709838867
Done logging...




********** Iteration 192 ************

Beginning logging procedure...

Collecting data for eval...
Eval_AverageReturn : 236.43365478515625
Eval_StdReturn : 4.514430999755859
Eval_MaxReturn : 242.9118194580078
Eval_MinReturn : 231.23423767089844
Eval_AverageEpLen : 110.75
Train_AverageReturn : 247.0193634033203
Train_StdReturn : 20.013626098632812
Train_MaxReturn : 301.8416748046875
Train_MinReturn : 219.89950561523438
Train_AverageEpLen : 121.52941176470588
Train_EnvstepsSoFar : 395240
TimeSinceStart : 155.21658515930176
Training Loss : 0.027230726554989815
Baseline Loss : 0.06244717165827751
Initial_DataCollection_AverageReturn : 9.580930709838867
Done logging...




********** Iteration 193 ************

Beginning logging procedure...

Collecting data for eval...
Eval_AverageReturn : 257.00677490234375
Eval_StdReturn : 24.349872589111328
Eval_MaxReturn : 295.45977783203125
Eval_MinReturn : 233.5282440185547
Eval_AverageEpLen : 132.5
Train_AverageReturn : 255.26318359375
Train_StdReturn : 19.49214744567871
Train_MaxReturn : 288.7474365234375
Train_MinReturn : 219.76446533203125
Train_AverageEpLen : 125.625
Train_EnvstepsSoFar : 397250
TimeSinceStart : 155.96230554580688
Training Loss : 0.013361736200749874
Baseline Loss : 0.09355077892541885
Initial_DataCollection_AverageReturn : 9.580930709838867
Done logging...




********** Iteration 194 ************

Beginning logging procedure...

Collecting data for eval...
Eval_AverageReturn : 261.3262023925781
Eval_StdReturn : 23.830968856811523
Eval_MaxReturn : 300.84423828125
Eval_MinReturn : 240.3623046875
Eval_AverageEpLen : 124.5
Train_AverageReturn : 249.24400329589844
Train_StdReturn : 21.962068557739258
Train_MaxReturn : 309.2641296386719
Train_MinReturn : 223.83352661132812
Train_AverageEpLen : 122.82352941176471
Train_EnvstepsSoFar : 399338
TimeSinceStart : 156.82044172286987
Training Loss : -0.007356271613389254
Baseline Loss : 0.06141078844666481
Initial_DataCollection_AverageReturn : 9.580930709838867
Done logging...




********** Iteration 195 ************

Beginning logging procedure...

Collecting data for eval...
Eval_AverageReturn : 244.9049530029297
Eval_StdReturn : 26.23133659362793
Eval_MaxReturn : 288.3762512207031
Eval_MinReturn : 224.03480529785156
Eval_AverageEpLen : 115.75
Train_AverageReturn : 236.2689666748047
Train_StdReturn : 49.964447021484375
Train_MaxReturn : 290.6159973144531
Train_MinReturn : 33.959434509277344
Train_AverageEpLen : 111.78947368421052
Train_EnvstepsSoFar : 401462
TimeSinceStart : 157.64212727546692
Training Loss : 0.009622301906347275
Baseline Loss : 0.18245330452919006
Initial_DataCollection_AverageReturn : 9.580930709838867
Done logging...




********** Iteration 196 ************

Beginning logging procedure...

Collecting data for eval...
Eval_AverageReturn : 260.11761474609375
Eval_StdReturn : 13.280508041381836
Eval_MaxReturn : 273.0015869140625
Eval_MinReturn : 238.1097869873047
Eval_AverageEpLen : 127.25
Train_AverageReturn : 265.27362060546875
Train_StdReturn : 23.506492614746094
Train_MaxReturn : 308.5704345703125
Train_MinReturn : 223.4788360595703
Train_AverageEpLen : 135.26666666666668
Train_EnvstepsSoFar : 403491
TimeSinceStart : 158.2978117465973
Training Loss : 0.015011793002486229
Baseline Loss : 0.11058686673641205
Initial_DataCollection_AverageReturn : 9.580930709838867
Done logging...




********** Iteration 197 ************

Beginning logging procedure...

Collecting data for eval...
Eval_AverageReturn : 241.9188690185547
Eval_StdReturn : 17.78482437133789
Eval_MaxReturn : 263.9115905761719
Eval_MinReturn : 217.18740844726562
Eval_AverageEpLen : 115.25
Train_AverageReturn : 247.52694702148438
Train_StdReturn : 18.773303985595703
Train_MaxReturn : 278.38067626953125
Train_MinReturn : 212.96583557128906
Train_AverageEpLen : 117.76470588235294
Train_EnvstepsSoFar : 405493
TimeSinceStart : 159.03553462028503
Training Loss : -0.01399232354015112
Baseline Loss : 0.08813849836587906
Initial_DataCollection_AverageReturn : 9.580930709838867
Done logging...




********** Iteration 198 ************

Beginning logging procedure...

Collecting data for eval...
Eval_AverageReturn : 236.0259552001953
Eval_StdReturn : 11.43228530883789
Eval_MaxReturn : 252.72921752929688
Eval_MinReturn : 224.1839141845703
Eval_AverageEpLen : 108.0
Train_AverageReturn : 261.41998291015625
Train_StdReturn : 23.22072410583496
Train_MaxReturn : 296.21044921875
Train_MinReturn : 227.44862365722656
Train_AverageEpLen : 131.375
Train_EnvstepsSoFar : 407595
TimeSinceStart : 159.7836356163025
Training Loss : 0.01825135387480259
Baseline Loss : 0.09698306769132614
Initial_DataCollection_AverageReturn : 9.580930709838867
Done logging...




********** Iteration 199 ************

Beginning logging procedure...

Collecting data for eval...
Eval_AverageReturn : 247.5719451904297
Eval_StdReturn : 6.082129955291748
Eval_MaxReturn : 252.8029327392578
Eval_MinReturn : 237.3831787109375
Eval_AverageEpLen : 124.0
Train_AverageReturn : 253.04505920410156
Train_StdReturn : 17.11189842224121
Train_MaxReturn : 280.5174560546875
Train_MinReturn : 219.21826171875
Train_AverageEpLen : 124.88235294117646
Train_EnvstepsSoFar : 409718
TimeSinceStart : 160.53121399879456
Training Loss : 0.02786223217844963
Baseline Loss : 0.060145676136016846
Initial_DataCollection_AverageReturn : 9.580930709838867
Done logging...




********** Iteration 200 ************

Beginning logging procedure...

Collecting data for eval...
Eval_AverageReturn : 236.6241455078125
Eval_StdReturn : 7.254836082458496
Eval_MaxReturn : 244.71571350097656
Eval_MinReturn : 229.20924377441406
Eval_AverageEpLen : 112.5
Train_AverageReturn : 254.83958435058594
Train_StdReturn : 16.53084945678711
Train_MaxReturn : 297.1925354003906
Train_MinReturn : 229.15614318847656
Train_AverageEpLen : 124.76470588235294
Train_EnvstepsSoFar : 411839
TimeSinceStart : 161.30030632019043
Training Loss : -0.02794453501701355
Baseline Loss : 0.07935065776109695
Initial_DataCollection_AverageReturn : 9.580930709838867
Done logging...




********** Iteration 201 ************

Beginning logging procedure...

Collecting data for eval...
Eval_AverageReturn : 252.62515258789062
Eval_StdReturn : 12.838827133178711
Eval_MaxReturn : 270.16168212890625
Eval_MinReturn : 236.4548797607422
Eval_AverageEpLen : 122.5
Train_AverageReturn : 262.69140625
Train_StdReturn : 20.16529083251953
Train_MaxReturn : 296.9991455078125
Train_MinReturn : 218.77903747558594
Train_AverageEpLen : 131.5625
Train_EnvstepsSoFar : 413944
TimeSinceStart : 162.09102272987366
Training Loss : -0.008347351104021072
Baseline Loss : 0.09699825197458267
Initial_DataCollection_AverageReturn : 9.580930709838867
Done logging...




********** Iteration 202 ************

Beginning logging procedure...

Collecting data for eval...
Eval_AverageReturn : 255.1350555419922
Eval_StdReturn : 9.538261413574219
Eval_MaxReturn : 265.18975830078125
Eval_MinReturn : 241.57058715820312
Eval_AverageEpLen : 127.25
Train_AverageReturn : 262.99810791015625
Train_StdReturn : 18.249292373657227
Train_MaxReturn : 295.7789611816406
Train_MinReturn : 230.36138916015625
Train_AverageEpLen : 133.8
Train_EnvstepsSoFar : 415951
TimeSinceStart : 162.81610131263733
Training Loss : 0.007783113047480583
Baseline Loss : 0.10003074258565903
Initial_DataCollection_AverageReturn : 9.580930709838867
Done logging...




********** Iteration 203 ************

Beginning logging procedure...

Collecting data for eval...
Eval_AverageReturn : 253.0099334716797
Eval_StdReturn : 14.104143142700195
Eval_MaxReturn : 267.29150390625
Eval_MinReturn : 229.64830017089844
Eval_AverageEpLen : 117.5
Train_AverageReturn : 259.10357666015625
Train_StdReturn : 21.338930130004883
Train_MaxReturn : 322.4193115234375
Train_MinReturn : 232.7100372314453
Train_AverageEpLen : 129.375
Train_EnvstepsSoFar : 418021
TimeSinceStart : 163.6480495929718
Training Loss : -0.04672849550843239
Baseline Loss : 0.08518240600824356
Initial_DataCollection_AverageReturn : 9.580930709838867
Done logging...




********** Iteration 204 ************

Beginning logging procedure...

Collecting data for eval...
Eval_AverageReturn : 269.3058776855469
Eval_StdReturn : 11.626253128051758
Eval_MaxReturn : 279.83349609375
Eval_MinReturn : 253.10443115234375
Eval_AverageEpLen : 139.66666666666666
Train_AverageReturn : 261.42608642578125
Train_StdReturn : 19.363201141357422
Train_MaxReturn : 289.43603515625
Train_MinReturn : 227.7285614013672
Train_AverageEpLen : 128.875
Train_EnvstepsSoFar : 420083
TimeSinceStart : 164.4406132698059
Training Loss : -0.05973351374268532
Baseline Loss : 0.07910054922103882
Initial_DataCollection_AverageReturn : 9.580930709838867
Done logging...




********** Iteration 205 ************

Beginning logging procedure...

Collecting data for eval...
Eval_AverageReturn : 266.8819580078125
Eval_StdReturn : 24.986452102661133
Eval_MaxReturn : 300.91986083984375
Eval_MinReturn : 241.6441192626953
Eval_AverageEpLen : 137.0
Train_AverageReturn : 269.4986572265625
Train_StdReturn : 23.897075653076172
Train_MaxReturn : 314.0019226074219
Train_MinReturn : 231.8667755126953
Train_AverageEpLen : 135.53333333333333
Train_EnvstepsSoFar : 422116
TimeSinceStart : 165.16223335266113
Training Loss : -0.018689412623643875
Baseline Loss : 0.061166271567344666
Initial_DataCollection_AverageReturn : 9.580930709838867
Done logging...




********** Iteration 206 ************

Beginning logging procedure...

Collecting data for eval...
Eval_AverageReturn : 282.0115051269531
Eval_StdReturn : 29.612079620361328
Eval_MaxReturn : 322.6084899902344
Eval_MinReturn : 252.81204223632812
Eval_AverageEpLen : 144.0
Train_AverageReturn : 273.1173095703125
Train_StdReturn : 28.494157791137695
Train_MaxReturn : 312.03204345703125
Train_MinReturn : 231.09942626953125
Train_AverageEpLen : 135.4
Train_EnvstepsSoFar : 424147
TimeSinceStart : 166.01122331619263
Training Loss : -0.011455290950834751
Baseline Loss : 0.09926110506057739
Initial_DataCollection_AverageReturn : 9.580930709838867
Done logging...




********** Iteration 207 ************

Beginning logging procedure...

Collecting data for eval...
Eval_AverageReturn : 263.2928771972656
Eval_StdReturn : 14.671257972717285
Eval_MaxReturn : 283.93682861328125
Eval_MinReturn : 251.17112731933594
Eval_AverageEpLen : 135.66666666666666
Train_AverageReturn : 261.6286315917969
Train_StdReturn : 30.315948486328125
Train_MaxReturn : 325.4552001953125
Train_MinReturn : 203.8521270751953
Train_AverageEpLen : 132.625
Train_EnvstepsSoFar : 426269
TimeSinceStart : 166.7391335964203
Training Loss : 3.7787435758218635e-06
Baseline Loss : 0.2239047884941101
Initial_DataCollection_AverageReturn : 9.580930709838867
Done logging...




********** Iteration 208 ************

Beginning logging procedure...

Collecting data for eval...
Eval_AverageReturn : 275.24298095703125
Eval_StdReturn : 13.14964485168457
Eval_MaxReturn : 296.0763244628906
Eval_MinReturn : 259.6224060058594
Eval_AverageEpLen : 135.0
Train_AverageReturn : 270.2313232421875
Train_StdReturn : 37.061378479003906
Train_MaxReturn : 338.528564453125
Train_MinReturn : 203.59225463867188
Train_AverageEpLen : 144.13333333333333
Train_EnvstepsSoFar : 428431
TimeSinceStart : 167.49517607688904
Training Loss : 0.006175033748149872
Baseline Loss : 0.19609367847442627
Initial_DataCollection_AverageReturn : 9.580930709838867
Done logging...




********** Iteration 209 ************

Beginning logging procedure...

Collecting data for eval...
Eval_AverageReturn : 264.73492431640625
Eval_StdReturn : 17.51291275024414
Eval_MaxReturn : 291.0300598144531
Eval_MinReturn : 248.68533325195312
Eval_AverageEpLen : 125.0
Train_AverageReturn : 289.90155029296875
Train_StdReturn : 15.650325775146484
Train_MaxReturn : 329.6874694824219
Train_MinReturn : 271.01824951171875
Train_AverageEpLen : 149.35714285714286
Train_EnvstepsSoFar : 430522
TimeSinceStart : 168.39099526405334
Training Loss : -0.0017958407988771796
Baseline Loss : 0.10044948011636734
Initial_DataCollection_AverageReturn : 9.580930709838867
Done logging...




********** Iteration 210 ************

Beginning logging procedure...

Collecting data for eval...
Eval_AverageReturn : 289.3923034667969
Eval_StdReturn : 34.77830505371094
Eval_MaxReturn : 335.6227111816406
Eval_MinReturn : 251.73898315429688
Eval_AverageEpLen : 133.66666666666666
Train_AverageReturn : 287.6579284667969
Train_StdReturn : 34.38628005981445
Train_MaxReturn : 360.3504943847656
Train_MinReturn : 252.11480712890625
Train_AverageEpLen : 143.85714285714286
Train_EnvstepsSoFar : 432536
TimeSinceStart : 169.12049770355225
Training Loss : -0.022803189232945442
Baseline Loss : 0.15170389413833618
Initial_DataCollection_AverageReturn : 9.580930709838867
Done logging...




********** Iteration 211 ************

Beginning logging procedure...

Collecting data for eval...
Eval_AverageReturn : 277.94110107421875
Eval_StdReturn : 16.89613151550293
Eval_MaxReturn : 303.2975769042969
Eval_MinReturn : 255.80418395996094
Eval_AverageEpLen : 139.25
Train_AverageReturn : 283.1639709472656
Train_StdReturn : 35.23585510253906
Train_MaxReturn : 377.40496826171875
Train_MinReturn : 246.70724487304688
Train_AverageEpLen : 144.14285714285714
Train_EnvstepsSoFar : 434554
TimeSinceStart : 169.99523520469666
Training Loss : 0.004759896080940962
Baseline Loss : 0.105288065969944
Initial_DataCollection_AverageReturn : 9.580930709838867
Done logging...




********** Iteration 212 ************

Beginning logging procedure...

Collecting data for eval...
Eval_AverageReturn : 300.5812072753906
Eval_StdReturn : 31.131649017333984
Eval_MaxReturn : 344.5989074707031
Eval_MinReturn : 277.79718017578125
Eval_AverageEpLen : 151.66666666666666
Train_AverageReturn : 291.5362243652344
Train_StdReturn : 24.274513244628906
Train_MaxReturn : 334.51251220703125
Train_MinReturn : 244.43228149414062
Train_AverageEpLen : 151.28571428571428
Train_EnvstepsSoFar : 436672
TimeSinceStart : 170.83011984825134
Training Loss : -0.02480902336537838
Baseline Loss : 0.08786458522081375
Initial_DataCollection_AverageReturn : 9.580930709838867
Done logging...




********** Iteration 213 ************

Beginning logging procedure...

Collecting data for eval...
Eval_AverageReturn : 272.7714538574219
Eval_StdReturn : 31.773801803588867
Eval_MaxReturn : 325.83148193359375
Eval_MinReturn : 243.74966430664062
Eval_AverageEpLen : 126.75
Train_AverageReturn : 279.3094482421875
Train_StdReturn : 24.07811737060547
Train_MaxReturn : 323.382080078125
Train_MinReturn : 238.74061584472656
Train_AverageEpLen : 137.4
Train_EnvstepsSoFar : 438733
TimeSinceStart : 171.67271542549133
Training Loss : -0.04975617304444313
Baseline Loss : 0.12587513029575348
Initial_DataCollection_AverageReturn : 9.580930709838867
Done logging...




********** Iteration 214 ************

Beginning logging procedure...

Collecting data for eval...
Eval_AverageReturn : 262.094970703125
Eval_StdReturn : 18.94715118408203
Eval_MaxReturn : 286.37969970703125
Eval_MinReturn : 235.62548828125
Eval_AverageEpLen : 131.5
Train_AverageReturn : 285.5126037597656
Train_StdReturn : 23.460777282714844
Train_MaxReturn : 316.1405029296875
Train_MinReturn : 245.22088623046875
Train_AverageEpLen : 145.14285714285714
Train_EnvstepsSoFar : 440765
TimeSinceStart : 172.39944219589233
Training Loss : -0.04556404426693916
Baseline Loss : 0.11357571184635162
Initial_DataCollection_AverageReturn : 9.580930709838867
Done logging...




********** Iteration 215 ************

Beginning logging procedure...

Collecting data for eval...
Eval_AverageReturn : 297.8916015625
Eval_StdReturn : 8.828720092773438
Eval_MaxReturn : 308.120849609375
Eval_MinReturn : 286.5768737792969
Eval_AverageEpLen : 147.0
Train_AverageReturn : 307.4101257324219
Train_StdReturn : 40.618770599365234
Train_MaxReturn : 384.9370422363281
Train_MinReturn : 245.11073303222656
Train_AverageEpLen : 159.46153846153845
Train_EnvstepsSoFar : 442838
TimeSinceStart : 173.2132122516632
Training Loss : -0.005925904493778944
Baseline Loss : 0.15616612136363983
Initial_DataCollection_AverageReturn : 9.580930709838867
Done logging...




********** Iteration 216 ************

Beginning logging procedure...

Collecting data for eval...
Eval_AverageReturn : 318.39208984375
Eval_StdReturn : 34.68310546875
Eval_MaxReturn : 350.571044921875
Eval_MinReturn : 270.2438659667969
Eval_AverageEpLen : 163.66666666666666
Train_AverageReturn : 284.01605224609375
Train_StdReturn : 35.579261779785156
Train_MaxReturn : 347.5164489746094
Train_MinReturn : 221.79727172851562
Train_AverageEpLen : 146.35714285714286
Train_EnvstepsSoFar : 444887
TimeSinceStart : 174.03468012809753
Training Loss : 0.06640224158763885
Baseline Loss : 0.1687077432870865
Initial_DataCollection_AverageReturn : 9.580930709838867
Done logging...




********** Iteration 217 ************

Beginning logging procedure...

Collecting data for eval...
Eval_AverageReturn : 297.0036315917969
Eval_StdReturn : 24.122377395629883
Eval_MaxReturn : 324.7801513671875
Eval_MinReturn : 265.963623046875
Eval_AverageEpLen : 157.33333333333334
Train_AverageReturn : 303.2671203613281
Train_StdReturn : 30.642486572265625
Train_MaxReturn : 349.2427978515625
Train_MinReturn : 233.26739501953125
Train_AverageEpLen : 148.14285714285714
Train_EnvstepsSoFar : 446961
TimeSinceStart : 174.8422191143036
Training Loss : -0.005699756555259228
Baseline Loss : 0.11819272488355637
Initial_DataCollection_AverageReturn : 9.580930709838867
Done logging...




********** Iteration 218 ************

Beginning logging procedure...

Collecting data for eval...
Eval_AverageReturn : 338.0423278808594
Eval_StdReturn : 39.73613357543945
Eval_MaxReturn : 383.6960144042969
Eval_MinReturn : 286.838623046875
Eval_AverageEpLen : 164.0
Train_AverageReturn : 300.2991638183594
Train_StdReturn : 29.38846778869629
Train_MaxReturn : 359.8262634277344
Train_MinReturn : 254.89398193359375
Train_AverageEpLen : 159.84615384615384
Train_EnvstepsSoFar : 449039
TimeSinceStart : 175.55375814437866
Training Loss : -0.05266561359167099
Baseline Loss : 0.1258278638124466
Initial_DataCollection_AverageReturn : 9.580930709838867
Done logging...




********** Iteration 219 ************

Beginning logging procedure...

Collecting data for eval...
Eval_AverageReturn : 281.3501892089844
Eval_StdReturn : 15.696701049804688
Eval_MaxReturn : 304.9780578613281
Eval_MinReturn : 262.8872985839844
Eval_AverageEpLen : 136.75
Train_AverageReturn : 309.5278015136719
Train_StdReturn : 39.37974166870117
Train_MaxReturn : 411.71453857421875
Train_MinReturn : 250.46139526367188
Train_AverageEpLen : 158.3846153846154
Train_EnvstepsSoFar : 451098
TimeSinceStart : 176.35955572128296
Training Loss : -0.011151674203574657
Baseline Loss : 0.15031291544437408
Initial_DataCollection_AverageReturn : 9.580930709838867
Done logging...




********** Iteration 220 ************

Beginning logging procedure...

Collecting data for eval...
Eval_AverageReturn : 312.1874084472656
Eval_StdReturn : 54.41255569458008
Eval_MaxReturn : 359.735595703125
Eval_MinReturn : 236.01611328125
Eval_AverageEpLen : 158.66666666666666
Train_AverageReturn : 319.1603698730469
Train_StdReturn : 34.58009338378906
Train_MaxReturn : 392.7083740234375
Train_MinReturn : 268.97869873046875
Train_AverageEpLen : 162.23076923076923
Train_EnvstepsSoFar : 453207
TimeSinceStart : 177.2506558895111
Training Loss : -0.008851777762174606
Baseline Loss : 0.12063248455524445
Initial_DataCollection_AverageReturn : 9.580930709838867
Done logging...




********** Iteration 221 ************

Beginning logging procedure...

Collecting data for eval...
Eval_AverageReturn : 325.2927551269531
Eval_StdReturn : 9.615927696228027
Eval_MaxReturn : 337.88311767578125
Eval_MinReturn : 314.5466003417969
Eval_AverageEpLen : 165.33333333333334
Train_AverageReturn : 338.6465148925781
Train_StdReturn : 51.730377197265625
Train_MaxReturn : 461.4054870605469
Train_MinReturn : 276.7893981933594
Train_AverageEpLen : 179.16666666666666
Train_EnvstepsSoFar : 455357
TimeSinceStart : 178.07144451141357
Training Loss : -0.03692029044032097
Baseline Loss : 0.1529650241136551
Initial_DataCollection_AverageReturn : 9.580930709838867
Done logging...




********** Iteration 222 ************

Beginning logging procedure...

Collecting data for eval...
Eval_AverageReturn : 334.1612243652344
Eval_StdReturn : 10.704343795776367
Eval_MaxReturn : 348.18280029296875
Eval_MinReturn : 322.20867919921875
Eval_AverageEpLen : 183.66666666666666
Train_AverageReturn : 339.6966247558594
Train_StdReturn : 56.51506805419922
Train_MaxReturn : 474.3858642578125
Train_MinReturn : 267.48956298828125
Train_AverageEpLen : 180.16666666666666
Train_EnvstepsSoFar : 457519
TimeSinceStart : 178.94202995300293
Training Loss : -0.015627797693014145
Baseline Loss : 0.1765623241662979
Initial_DataCollection_AverageReturn : 9.580930709838867
Done logging...




********** Iteration 223 ************

Beginning logging procedure...

Collecting data for eval...
Eval_AverageReturn : 346.0562438964844
Eval_StdReturn : 25.72726821899414
Eval_MaxReturn : 366.81201171875
Eval_MinReturn : 309.799072265625
Eval_AverageEpLen : 181.33333333333334
Train_AverageReturn : 337.4931945800781
Train_StdReturn : 25.61020851135254
Train_MaxReturn : 374.60791015625
Train_MinReturn : 284.7379150390625
Train_AverageEpLen : 169.83333333333334
Train_EnvstepsSoFar : 459557
TimeSinceStart : 179.87985825538635
Training Loss : -0.04398398473858833
Baseline Loss : 0.15958108007907867
Initial_DataCollection_AverageReturn : 9.580930709838867
Done logging...




********** Iteration 224 ************

Beginning logging procedure...

Collecting data for eval...
Eval_AverageReturn : 311.1471862792969
Eval_StdReturn : 23.59505271911621
Eval_MaxReturn : 336.98260498046875
Eval_MinReturn : 279.9404602050781
Eval_AverageEpLen : 156.0
Train_AverageReturn : 331.4737854003906
Train_StdReturn : 32.49570083618164
Train_MaxReturn : 394.33135986328125
Train_MinReturn : 268.48126220703125
Train_AverageEpLen : 164.07692307692307
Train_EnvstepsSoFar : 461690
TimeSinceStart : 180.7030689716339
Training Loss : -0.011568215675652027
Baseline Loss : 0.12303429841995239
Initial_DataCollection_AverageReturn : 9.580930709838867
Done logging...




********** Iteration 225 ************

Beginning logging procedure...

Collecting data for eval...
Eval_AverageReturn : 345.6227111816406
Eval_StdReturn : 41.08774948120117
Eval_MaxReturn : 402.1932373046875
Eval_MinReturn : 305.8424072265625
Eval_AverageEpLen : 164.0
Train_AverageReturn : 337.782958984375
Train_StdReturn : 37.928619384765625
Train_MaxReturn : 426.68182373046875
Train_MinReturn : 299.0958251953125
Train_AverageEpLen : 178.91666666666666
Train_EnvstepsSoFar : 463837
TimeSinceStart : 181.58430337905884
Training Loss : 0.014947501011192799
Baseline Loss : 0.15138325095176697
Initial_DataCollection_AverageReturn : 9.580930709838867
Done logging...




********** Iteration 226 ************

Beginning logging procedure...

Collecting data for eval...
Eval_AverageReturn : 365.8720703125
Eval_StdReturn : 19.957046508789062
Eval_MaxReturn : 385.8291320800781
Eval_MinReturn : 345.9150390625
Eval_AverageEpLen : 209.5
Train_AverageReturn : 330.69989013671875
Train_StdReturn : 28.355968475341797
Train_MaxReturn : 373.8014221191406
Train_MinReturn : 286.60882568359375
Train_AverageEpLen : 166.07692307692307
Train_EnvstepsSoFar : 465996
TimeSinceStart : 182.41732025146484
Training Loss : -0.003995898179709911
Baseline Loss : 0.1659417301416397
Initial_DataCollection_AverageReturn : 9.580930709838867
Done logging...




********** Iteration 227 ************

Beginning logging procedure...

Collecting data for eval...
Eval_AverageReturn : 345.4263610839844
Eval_StdReturn : 14.973644256591797
Eval_MaxReturn : 364.4257507324219
Eval_MinReturn : 327.828369140625
Eval_AverageEpLen : 168.66666666666666
Train_AverageReturn : 360.0401306152344
Train_StdReturn : 34.180335998535156
Train_MaxReturn : 417.2689208984375
Train_MinReturn : 298.49169921875
Train_AverageEpLen : 185.58333333333334
Train_EnvstepsSoFar : 468223
TimeSinceStart : 183.33810544013977
Training Loss : 0.0023101470433175564
Baseline Loss : 0.1778355985879898
Initial_DataCollection_AverageReturn : 9.580930709838867
Done logging...




********** Iteration 228 ************

Beginning logging procedure...

Collecting data for eval...
Eval_AverageReturn : 354.5652770996094
Eval_StdReturn : 54.81594467163086
Eval_MaxReturn : 411.20166015625
Eval_MinReturn : 280.40582275390625
Eval_AverageEpLen : 190.66666666666666
Train_AverageReturn : 352.1656494140625
Train_StdReturn : 27.249053955078125
Train_MaxReturn : 409.39178466796875
Train_MinReturn : 320.92559814453125
Train_AverageEpLen : 185.0909090909091
Train_EnvstepsSoFar : 470259
TimeSinceStart : 184.20030879974365
Training Loss : -0.031023651361465454
Baseline Loss : 0.19408193230628967
Initial_DataCollection_AverageReturn : 9.580930709838867
Done logging...




********** Iteration 229 ************

Beginning logging procedure...

Collecting data for eval...
Eval_AverageReturn : 320.78851318359375
Eval_StdReturn : 28.869550704956055
Eval_MaxReturn : 348.05657958984375
Eval_MinReturn : 280.8387756347656
Eval_AverageEpLen : 160.0
Train_AverageReturn : 358.0623779296875
Train_StdReturn : 41.56410217285156
Train_MaxReturn : 455.7320556640625
Train_MinReturn : 274.76611328125
Train_AverageEpLen : 187.72727272727272
Train_EnvstepsSoFar : 472324
TimeSinceStart : 185.10172820091248
Training Loss : -0.03506237640976906
Baseline Loss : 0.1389096975326538
Initial_DataCollection_AverageReturn : 9.580930709838867
Done logging...




********** Iteration 230 ************

Beginning logging procedure...

Collecting data for eval...
Eval_AverageReturn : 379.79931640625
Eval_StdReturn : 61.33538055419922
Eval_MaxReturn : 451.8406982421875
Eval_MinReturn : 301.93878173828125
Eval_AverageEpLen : 201.66666666666666
Train_AverageReturn : 355.9940490722656
Train_StdReturn : 27.187419891357422
Train_MaxReturn : 403.7860107421875
Train_MinReturn : 311.37103271484375
Train_AverageEpLen : 176.83333333333334
Train_EnvstepsSoFar : 474446
TimeSinceStart : 186.06454396247864
Training Loss : 0.0471731573343277
Baseline Loss : 0.16072453558444977
Initial_DataCollection_AverageReturn : 9.580930709838867
Done logging...




********** Iteration 231 ************

Beginning logging procedure...

Collecting data for eval...
Eval_AverageReturn : 383.2545471191406
Eval_StdReturn : 54.787723541259766
Eval_MaxReturn : 452.32763671875
Eval_MinReturn : 318.31695556640625
Eval_AverageEpLen : 220.33333333333334
Train_AverageReturn : 385.7953796386719
Train_StdReturn : 56.31489562988281
Train_MaxReturn : 493.013427734375
Train_MinReturn : 319.62371826171875
Train_AverageEpLen : 205.5
Train_EnvstepsSoFar : 476501
TimeSinceStart : 187.03600764274597
Training Loss : -0.03640148416161537
Baseline Loss : 0.16228117048740387
Initial_DataCollection_AverageReturn : 9.580930709838867
Done logging...




********** Iteration 232 ************

Beginning logging procedure...

Collecting data for eval...
Eval_AverageReturn : 401.62469482421875
Eval_StdReturn : 23.369094848632812
Eval_MaxReturn : 424.9938049316406
Eval_MinReturn : 378.255615234375
Eval_AverageEpLen : 213.5
Train_AverageReturn : 362.7119445800781
Train_StdReturn : 39.28999328613281
Train_MaxReturn : 433.607666015625
Train_MinReturn : 288.1531982421875
Train_AverageEpLen : 186.0909090909091
Train_EnvstepsSoFar : 478548
TimeSinceStart : 187.90351510047913
Training Loss : -0.03359710052609444
Baseline Loss : 0.11331970989704132
Initial_DataCollection_AverageReturn : 9.580930709838867
Done logging...




********** Iteration 233 ************

Beginning logging procedure...

Collecting data for eval...
Eval_AverageReturn : 369.1457214355469
Eval_StdReturn : 29.116525650024414
Eval_MaxReturn : 410.16131591796875
Eval_MinReturn : 345.48382568359375
Eval_AverageEpLen : 189.33333333333334
Train_AverageReturn : 380.0243225097656
Train_StdReturn : 52.93478012084961
Train_MaxReturn : 452.15887451171875
Train_MinReturn : 270.2641906738281
Train_AverageEpLen : 192.63636363636363
Train_EnvstepsSoFar : 480667
TimeSinceStart : 188.7872269153595
Training Loss : -0.04229094833135605
Baseline Loss : 0.16028623282909393
Initial_DataCollection_AverageReturn : 9.580930709838867
Done logging...




********** Iteration 234 ************

Beginning logging procedure...

Collecting data for eval...
Eval_AverageReturn : 378.5318298339844
Eval_StdReturn : 24.298730850219727
Eval_MaxReturn : 412.4609680175781
Eval_MinReturn : 356.85003662109375
Eval_AverageEpLen : 190.0
Train_AverageReturn : 379.1206359863281
Train_StdReturn : 39.006404876708984
Train_MaxReturn : 434.17633056640625
Train_MinReturn : 311.6080322265625
Train_AverageEpLen : 195.8181818181818
Train_EnvstepsSoFar : 482821
TimeSinceStart : 189.6035132408142
Training Loss : -0.00831364281475544
Baseline Loss : 0.15688450634479523
Initial_DataCollection_AverageReturn : 9.580930709838867
Done logging...




********** Iteration 235 ************

Beginning logging procedure...

Collecting data for eval...
Eval_AverageReturn : 393.4691467285156
Eval_StdReturn : 19.914152145385742
Eval_MaxReturn : 417.6478271484375
Eval_MinReturn : 368.8736572265625
Eval_AverageEpLen : 204.66666666666666
Train_AverageReturn : 368.1720886230469
Train_StdReturn : 40.13397216796875
Train_MaxReturn : 451.812744140625
Train_MinReturn : 297.54302978515625
Train_AverageEpLen : 192.1818181818182
Train_EnvstepsSoFar : 484935
TimeSinceStart : 190.54274988174438
Training Loss : 0.011062395758926868
Baseline Loss : 0.24836581945419312
Initial_DataCollection_AverageReturn : 9.580930709838867
Done logging...




********** Iteration 236 ************

Beginning logging procedure...

Collecting data for eval...
Eval_AverageReturn : 422.6406555175781
Eval_StdReturn : 27.729644775390625
Eval_MaxReturn : 450.37030029296875
Eval_MinReturn : 394.9110107421875
Eval_AverageEpLen : 219.5
Train_AverageReturn : 390.0499267578125
Train_StdReturn : 55.99418258666992
Train_MaxReturn : 466.5787048339844
Train_MinReturn : 236.59036254882812
Train_AverageEpLen : 199.63636363636363
Train_EnvstepsSoFar : 487131
TimeSinceStart : 191.35967540740967
Training Loss : -0.07429516315460205
Baseline Loss : 0.2623833417892456
Initial_DataCollection_AverageReturn : 9.580930709838867
Done logging...




********** Iteration 237 ************

Beginning logging procedure...

Collecting data for eval...
Eval_AverageReturn : 360.0926818847656
Eval_StdReturn : 22.833404541015625
Eval_MaxReturn : 385.1985778808594
Eval_MinReturn : 329.95233154296875
Eval_AverageEpLen : 181.33333333333334
Train_AverageReturn : 364.3941345214844
Train_StdReturn : 42.381690979003906
Train_MaxReturn : 436.7242431640625
Train_MinReturn : 258.42681884765625
Train_AverageEpLen : 185.36363636363637
Train_EnvstepsSoFar : 489170
TimeSinceStart : 192.16544389724731
Training Loss : -0.005144324619323015
Baseline Loss : 0.3077380955219269
Initial_DataCollection_AverageReturn : 9.580930709838867
Done logging...




********** Iteration 238 ************

Beginning logging procedure...

Collecting data for eval...
Eval_AverageReturn : 382.62548828125
Eval_StdReturn : 36.31388473510742
Eval_MaxReturn : 428.3382568359375
Eval_MinReturn : 339.50079345703125
Eval_AverageEpLen : 198.0
Train_AverageReturn : 380.6126708984375
Train_StdReturn : 54.00571823120117
Train_MaxReturn : 437.10040283203125
Train_MinReturn : 276.80242919921875
Train_AverageEpLen : 205.0
Train_EnvstepsSoFar : 491220
TimeSinceStart : 192.9334921836853
Training Loss : 0.012153435498476028
Baseline Loss : 0.3419424295425415
Initial_DataCollection_AverageReturn : 9.580930709838867
Done logging...




********** Iteration 239 ************

Beginning logging procedure...

Collecting data for eval...
Eval_AverageReturn : 415.64105224609375
Eval_StdReturn : 12.5384521484375
Eval_MaxReturn : 428.17950439453125
Eval_MinReturn : 403.10260009765625
Eval_AverageEpLen : 208.0
Train_AverageReturn : 386.6910095214844
Train_StdReturn : 58.196922302246094
Train_MaxReturn : 464.8741149902344
Train_MinReturn : 237.97610473632812
Train_AverageEpLen : 208.7
Train_EnvstepsSoFar : 493307
TimeSinceStart : 193.62813210487366
Training Loss : 0.04554720222949982
Baseline Loss : 0.25588297843933105
Initial_DataCollection_AverageReturn : 9.580930709838867
Done logging...




********** Iteration 240 ************

Beginning logging procedure...

Collecting data for eval...
Eval_AverageReturn : 351.6241760253906
Eval_StdReturn : 12.993049621582031
Eval_MaxReturn : 360.9935607910156
Eval_MinReturn : 333.25042724609375
Eval_AverageEpLen : 170.66666666666666
Train_AverageReturn : 391.0272216796875
Train_StdReturn : 30.06848907470703
Train_MaxReturn : 431.8768005371094
Train_MinReturn : 327.29669189453125
Train_AverageEpLen : 196.27272727272728
Train_EnvstepsSoFar : 495466
TimeSinceStart : 194.38451218605042
Training Loss : 0.015015270560979843
Baseline Loss : 0.16269026696681976
Initial_DataCollection_AverageReturn : 9.580930709838867
Done logging...




********** Iteration 241 ************

Beginning logging procedure...

Collecting data for eval...
Eval_AverageReturn : 408.3726501464844
Eval_StdReturn : 23.762981414794922
Eval_MaxReturn : 439.037353515625
Eval_MinReturn : 381.1333312988281
Eval_AverageEpLen : 216.0
Train_AverageReturn : 378.5575256347656
Train_StdReturn : 50.993858337402344
Train_MaxReturn : 437.37908935546875
Train_MinReturn : 252.90420532226562
Train_AverageEpLen : 191.8181818181818
Train_EnvstepsSoFar : 497576
TimeSinceStart : 195.05776929855347
Training Loss : 0.04959772154688835
Baseline Loss : 0.23542414605617523
Initial_DataCollection_AverageReturn : 9.580930709838867
Done logging...




********** Iteration 242 ************

Beginning logging procedure...

Collecting data for eval...
Eval_AverageReturn : 488.23016357421875
Eval_StdReturn : 68.6458740234375
Eval_MaxReturn : 556.8760375976562
Eval_MinReturn : 419.58428955078125
Eval_AverageEpLen : 226.0
Train_AverageReturn : 382.7850341796875
Train_StdReturn : 28.174659729003906
Train_MaxReturn : 424.50732421875
Train_MinReturn : 322.3051452636719
Train_AverageEpLen : 193.63636363636363
Train_EnvstepsSoFar : 499706
TimeSinceStart : 195.80654525756836
Training Loss : 0.034748807549476624
Baseline Loss : 0.15685240924358368
Initial_DataCollection_AverageReturn : 9.580930709838867
Done logging...




********** Iteration 243 ************

Beginning logging procedure...

Collecting data for eval...
Eval_AverageReturn : 395.49554443359375
Eval_StdReturn : 10.47540283203125
Eval_MaxReturn : 405.970947265625
Eval_MinReturn : 385.0201416015625
Eval_AverageEpLen : 204.0
Train_AverageReturn : 348.2022705078125
Train_StdReturn : 72.97110748291016
Train_MaxReturn : 452.7272033691406
Train_MinReturn : 178.2619171142578
Train_AverageEpLen : 179.58333333333334
Train_EnvstepsSoFar : 501861
TimeSinceStart : 196.54090189933777
Training Loss : -0.0010584302945062518
Baseline Loss : 0.3792049288749695
Initial_DataCollection_AverageReturn : 9.580930709838867
Done logging...




********** Iteration 244 ************

Beginning logging procedure...

Collecting data for eval...
Eval_AverageReturn : 390.4761047363281
Eval_StdReturn : 52.817108154296875
Eval_MaxReturn : 451.666259765625
Eval_MinReturn : 322.7825927734375
Eval_AverageEpLen : 193.33333333333334
Train_AverageReturn : 401.74639892578125
Train_StdReturn : 37.12406921386719
Train_MaxReturn : 458.29339599609375
Train_MinReturn : 319.73492431640625
Train_AverageEpLen : 201.7
Train_EnvstepsSoFar : 503878
TimeSinceStart : 197.27553796768188
Training Loss : -0.0371883362531662
Baseline Loss : 0.1688171625137329
Initial_DataCollection_AverageReturn : 9.580930709838867
Done logging...




********** Iteration 245 ************

Beginning logging procedure...

Collecting data for eval...
Eval_AverageReturn : 377.5558166503906
Eval_StdReturn : 15.66800594329834
Eval_MaxReturn : 394.00384521484375
Eval_MinReturn : 356.473876953125
Eval_AverageEpLen : 172.0
Train_AverageReturn : 368.221435546875
Train_StdReturn : 67.31463623046875
Train_MaxReturn : 439.6940612792969
Train_MinReturn : 208.3736572265625
Train_AverageEpLen : 184.45454545454547
Train_EnvstepsSoFar : 505907
TimeSinceStart : 198.0557632446289
Training Loss : -0.028536560013890266
Baseline Loss : 0.3594866096973419
Initial_DataCollection_AverageReturn : 9.580930709838867
Done logging...




********** Iteration 246 ************

Beginning logging procedure...

Collecting data for eval...
Eval_AverageReturn : 423.83807373046875
Eval_StdReturn : 49.76329040527344
Eval_MaxReturn : 473.6013488769531
Eval_MinReturn : 374.07476806640625
Eval_AverageEpLen : 219.5
Train_AverageReturn : 394.7009582519531
Train_StdReturn : 44.472557067871094
Train_MaxReturn : 454.5084533691406
Train_MinReturn : 284.3143615722656
Train_AverageEpLen : 196.1818181818182
Train_EnvstepsSoFar : 508065
TimeSinceStart : 198.9134805202484
Training Loss : 0.023799534887075424
Baseline Loss : 0.22498619556427002
Initial_DataCollection_AverageReturn : 9.580930709838867
Done logging...




********** Iteration 247 ************

Beginning logging procedure...

Collecting data for eval...
Eval_AverageReturn : 370.7901611328125
Eval_StdReturn : 17.845470428466797
Eval_MaxReturn : 389.25653076171875
Eval_MinReturn : 346.6594543457031
Eval_AverageEpLen : 180.0
Train_AverageReturn : 357.5784606933594
Train_StdReturn : 61.8336296081543
Train_MaxReturn : 468.8791198730469
Train_MinReturn : 256.2766418457031
Train_AverageEpLen : 172.66666666666666
Train_EnvstepsSoFar : 510137
TimeSinceStart : 199.71962547302246
Training Loss : -0.013637100346386433
Baseline Loss : 0.16295042634010315
Initial_DataCollection_AverageReturn : 9.580930709838867
Done logging...




********** Iteration 248 ************

Beginning logging procedure...

Collecting data for eval...
Eval_AverageReturn : 442.15582275390625
Eval_StdReturn : 18.957504272460938
Eval_MaxReturn : 461.1133117675781
Eval_MinReturn : 423.19830322265625
Eval_AverageEpLen : 236.0
Train_AverageReturn : 395.4331970214844
Train_StdReturn : 56.0588264465332
Train_MaxReturn : 500.631591796875
Train_MinReturn : 307.4471740722656
Train_AverageEpLen : 199.0909090909091
Train_EnvstepsSoFar : 512327
TimeSinceStart : 200.5505771636963
Training Loss : -0.01206141896545887
Baseline Loss : 0.1912226676940918
Initial_DataCollection_AverageReturn : 9.580930709838867
Done logging...




********** Iteration 249 ************

Beginning logging procedure...

Collecting data for eval...
Eval_AverageReturn : 417.86236572265625
Eval_StdReturn : 33.98663330078125
Eval_MaxReturn : 451.8489990234375
Eval_MinReturn : 383.875732421875
Eval_AverageEpLen : 213.5
Train_AverageReturn : 357.6434326171875
Train_StdReturn : 70.62741088867188
Train_MaxReturn : 440.3359069824219
Train_MinReturn : 147.50997924804688
Train_AverageEpLen : 185.36363636363637
Train_EnvstepsSoFar : 514366
TimeSinceStart : 201.33236742019653
Training Loss : -0.003910440020263195
Baseline Loss : 0.311892032623291
Initial_DataCollection_AverageReturn : 9.580930709838867
Done logging...




********** Iteration 250 ************

Beginning logging procedure...

Collecting data for eval...
Eval_AverageReturn : 480.9085693359375
Eval_StdReturn : 102.03819274902344
Eval_MaxReturn : 582.94677734375
Eval_MinReturn : 378.8703918457031
Eval_AverageEpLen : 240.0
Train_AverageReturn : 373.1955871582031
Train_StdReturn : 32.7467041015625
Train_MaxReturn : 429.1530456542969
Train_MinReturn : 313.97906494140625
Train_AverageEpLen : 191.63636363636363
Train_EnvstepsSoFar : 516474
TimeSinceStart : 202.1184720993042
Training Loss : -0.020954053848981857
Baseline Loss : 0.11783375591039658
Initial_DataCollection_AverageReturn : 9.580930709838867
Done logging...




********** Iteration 251 ************

Beginning logging procedure...

Collecting data for eval...
Eval_AverageReturn : 369.0136413574219
Eval_StdReturn : 20.91978645324707
Eval_MaxReturn : 396.61474609375
Eval_MinReturn : 345.9886474609375
Eval_AverageEpLen : 183.66666666666666
Train_AverageReturn : 380.8592834472656
Train_StdReturn : 94.58333587646484
Train_MaxReturn : 518.6696166992188
Train_MinReturn : 204.96022033691406
Train_AverageEpLen : 208.54545454545453
Train_EnvstepsSoFar : 518768
TimeSinceStart : 203.04107856750488
Training Loss : 0.03414129838347435
Baseline Loss : 0.8030573129653931
Initial_DataCollection_AverageReturn : 9.580930709838867
Done logging...




********** Iteration 252 ************

Beginning logging procedure...

Collecting data for eval...
Eval_AverageReturn : 372.1978454589844
Eval_StdReturn : 18.614904403686523
Eval_MaxReturn : 387.144287109375
Eval_MinReturn : 345.95697021484375
Eval_AverageEpLen : 179.0
Train_AverageReturn : 371.8763732910156
Train_StdReturn : 41.26915740966797
Train_MaxReturn : 452.6789245605469
Train_MinReturn : 280.37066650390625
Train_AverageEpLen : 190.27272727272728
Train_EnvstepsSoFar : 520861
TimeSinceStart : 203.82647514343262
Training Loss : -0.030841803178191185
Baseline Loss : 0.1815374344587326
Initial_DataCollection_AverageReturn : 9.580930709838867
Done logging...




********** Iteration 253 ************

Beginning logging procedure...

Collecting data for eval...
Eval_AverageReturn : 327.9367980957031
Eval_StdReturn : 63.46803283691406
Eval_MaxReturn : 405.5526123046875
Eval_MinReturn : 250.08883666992188
Eval_AverageEpLen : 184.0
Train_AverageReturn : 342.5353088378906
Train_StdReturn : 58.58451461791992
Train_MaxReturn : 412.38702392578125
Train_MinReturn : 238.1842498779297
Train_AverageEpLen : 170.16666666666666
Train_EnvstepsSoFar : 522903
TimeSinceStart : 204.737628698349
Training Loss : 0.012460796162486076
Baseline Loss : 0.34894412755966187
Initial_DataCollection_AverageReturn : 9.580930709838867
Done logging...




********** Iteration 254 ************

Beginning logging procedure...

Collecting data for eval...
Eval_AverageReturn : 433.3759765625
Eval_StdReturn : 40.01652526855469
Eval_MaxReturn : 473.39251708984375
Eval_MinReturn : 393.3594665527344
Eval_AverageEpLen : 232.0
Train_AverageReturn : 342.2845458984375
Train_StdReturn : 95.50189208984375
Train_MaxReturn : 458.5407409667969
Train_MinReturn : 76.63259887695312
Train_AverageEpLen : 176.08333333333334
Train_EnvstepsSoFar : 525016
TimeSinceStart : 205.5782129764557
Training Loss : 0.016928603872656822
Baseline Loss : 0.4551965296268463
Initial_DataCollection_AverageReturn : 9.580930709838867
Done logging...




********** Iteration 255 ************

Beginning logging procedure...

Collecting data for eval...
Eval_AverageReturn : 541.6170654296875
Eval_StdReturn : 76.13282775878906
Eval_MaxReturn : 617.7498779296875
Eval_MinReturn : 465.4842224121094
Eval_AverageEpLen : 263.5
Train_AverageReturn : 397.1301574707031
Train_StdReturn : 76.45050811767578
Train_MaxReturn : 502.88623046875
Train_MinReturn : 212.52008056640625
Train_AverageEpLen : 204.36363636363637
Train_EnvstepsSoFar : 527264
TimeSinceStart : 206.38326954841614
Training Loss : -0.022784430533647537
Baseline Loss : 0.3144397437572479
Initial_DataCollection_AverageReturn : 9.580930709838867
Done logging...




********** Iteration 256 ************

Beginning logging procedure...

Collecting data for eval...
Eval_AverageReturn : 393.2752685546875
Eval_StdReturn : 13.821884155273438
Eval_MaxReturn : 407.0971374511719
Eval_MinReturn : 379.453369140625
Eval_AverageEpLen : 218.0
Train_AverageReturn : 358.3287658691406
Train_StdReturn : 71.2984390258789
Train_MaxReturn : 423.1711730957031
Train_MinReturn : 141.12876892089844
Train_AverageEpLen : 178.41666666666666
Train_EnvstepsSoFar : 529405
TimeSinceStart : 207.1664102077484
Training Loss : 0.03340529650449753
Baseline Loss : 0.4018050730228424
Initial_DataCollection_AverageReturn : 9.580930709838867
Done logging...




********** Iteration 257 ************

Beginning logging procedure...

Collecting data for eval...
Eval_AverageReturn : 368.3800354003906
Eval_StdReturn : 45.167938232421875
Eval_MaxReturn : 428.8720703125
Eval_MinReturn : 320.3646545410156
Eval_AverageEpLen : 180.33333333333334
Train_AverageReturn : 349.8620300292969
Train_StdReturn : 136.6053924560547
Train_MaxReturn : 614.75732421875
Train_MinReturn : 130.8318328857422
Train_AverageEpLen : 185.0909090909091
Train_EnvstepsSoFar : 531441
TimeSinceStart : 207.94972968101501
Training Loss : 0.004538089502602816
Baseline Loss : 0.7115959525108337
Initial_DataCollection_AverageReturn : 9.580930709838867
Done logging...




********** Iteration 258 ************

Beginning logging procedure...

Collecting data for eval...
Eval_AverageReturn : 381.3238525390625
Eval_StdReturn : 26.12921142578125
Eval_MaxReturn : 407.45306396484375
Eval_MinReturn : 355.19464111328125
Eval_AverageEpLen : 205.0
Train_AverageReturn : 350.5827331542969
Train_StdReturn : 95.2330322265625
Train_MaxReturn : 549.7288818359375
Train_MinReturn : 163.65045166015625
Train_AverageEpLen : 175.16666666666666
Train_EnvstepsSoFar : 533543
TimeSinceStart : 208.75407457351685
Training Loss : -0.029470177367329597
Baseline Loss : 0.5599627494812012
Initial_DataCollection_AverageReturn : 9.580930709838867
Done logging...




********** Iteration 259 ************

Beginning logging procedure...

Collecting data for eval...
Eval_AverageReturn : 369.2518005371094
Eval_StdReturn : 123.20734405517578
Eval_MaxReturn : 514.7894897460938
Eval_MinReturn : 213.51211547851562
Eval_AverageEpLen : 200.66666666666666
Train_AverageReturn : 421.7008056640625
Train_StdReturn : 37.772342681884766
Train_MaxReturn : 488.0332336425781
Train_MinReturn : 367.10260009765625
Train_AverageEpLen : 223.88888888888889
Train_EnvstepsSoFar : 535558
TimeSinceStart : 209.4944760799408
Training Loss : -0.0015382487326860428
Baseline Loss : 0.47675153613090515
Initial_DataCollection_AverageReturn : 9.580930709838867
Done logging...




********** Iteration 260 ************

Beginning logging procedure...

Collecting data for eval...
Eval_AverageReturn : 411.0162658691406
Eval_StdReturn : 56.876800537109375
Eval_MaxReturn : 467.89306640625
Eval_MinReturn : 354.13946533203125
Eval_AverageEpLen : 210.5
Train_AverageReturn : 366.4360046386719
Train_StdReturn : 45.50688552856445
Train_MaxReturn : 432.82611083984375
Train_MinReturn : 285.9552001953125
Train_AverageEpLen : 189.45454545454547
Train_EnvstepsSoFar : 537642
TimeSinceStart : 210.24799799919128
Training Loss : -0.03753465786576271
Baseline Loss : 0.3144240379333496
Initial_DataCollection_AverageReturn : 9.580930709838867
Done logging...




********** Iteration 261 ************

Beginning logging procedure...

Collecting data for eval...
Eval_AverageReturn : 368.4644470214844
Eval_StdReturn : 12.554920196533203
Eval_MaxReturn : 384.1367492675781
Eval_MinReturn : 353.4017333984375
Eval_AverageEpLen : 188.0
Train_AverageReturn : 374.1635437011719
Train_StdReturn : 71.44120788574219
Train_MaxReturn : 491.78082275390625
Train_MinReturn : 202.9860382080078
Train_AverageEpLen : 185.8181818181818
Train_EnvstepsSoFar : 539686
TimeSinceStart : 211.0225977897644
Training Loss : 0.0023912254255264997
Baseline Loss : 0.2746424078941345
Initial_DataCollection_AverageReturn : 9.580930709838867
Done logging...




********** Iteration 262 ************

Beginning logging procedure...

Collecting data for eval...
Eval_AverageReturn : 407.0472412109375
Eval_StdReturn : 50.19410705566406
Eval_MaxReturn : 457.2413330078125
Eval_MinReturn : 356.8531188964844
Eval_AverageEpLen : 213.5
Train_AverageReturn : 373.5417175292969
Train_StdReturn : 81.4361801147461
Train_MaxReturn : 526.6205444335938
Train_MinReturn : 170.07537841796875
Train_AverageEpLen : 184.1818181818182
Train_EnvstepsSoFar : 541712
TimeSinceStart : 211.7410364151001
Training Loss : 0.010440412908792496
Baseline Loss : 0.3516334891319275
Initial_DataCollection_AverageReturn : 9.580930709838867
Done logging...




********** Iteration 263 ************

Beginning logging procedure...

Collecting data for eval...
Eval_AverageReturn : 431.67974853515625
Eval_StdReturn : 37.95611572265625
Eval_MaxReturn : 469.6358642578125
Eval_MinReturn : 393.7236328125
Eval_AverageEpLen : 233.5
Train_AverageReturn : 351.4992370605469
Train_StdReturn : 76.49425506591797
Train_MaxReturn : 477.1800537109375
Train_MinReturn : 194.99647521972656
Train_AverageEpLen : 176.5
Train_EnvstepsSoFar : 543830
TimeSinceStart : 212.5007359981537
Training Loss : 0.016490772366523743
Baseline Loss : 0.4419114887714386
Initial_DataCollection_AverageReturn : 9.580930709838867
Done logging...




********** Iteration 264 ************

Beginning logging procedure...

Collecting data for eval...
Eval_AverageReturn : 398.5409240722656
Eval_StdReturn : 54.398719787597656
Eval_MaxReturn : 473.48919677734375
Eval_MinReturn : 346.036865234375
Eval_AverageEpLen : 201.66666666666666
Train_AverageReturn : 358.2266540527344
Train_StdReturn : 56.59638214111328
Train_MaxReturn : 461.0954284667969
Train_MinReturn : 232.938720703125
Train_AverageEpLen : 181.75
Train_EnvstepsSoFar : 546011
TimeSinceStart : 213.36848640441895
Training Loss : 0.009148634038865566
Baseline Loss : 0.33795374631881714
Initial_DataCollection_AverageReturn : 9.580930709838867
Done logging...




********** Iteration 265 ************

Beginning logging procedure...

Collecting data for eval...
Eval_AverageReturn : 422.39593505859375
Eval_StdReturn : 22.37408447265625
Eval_MaxReturn : 444.77001953125
Eval_MinReturn : 400.0218505859375
Eval_AverageEpLen : 208.5
Train_AverageReturn : 391.1866455078125
Train_StdReturn : 51.84575271606445
Train_MaxReturn : 503.97589111328125
Train_MinReturn : 276.9600830078125
Train_AverageEpLen : 195.9090909090909
Train_EnvstepsSoFar : 548166
TimeSinceStart : 214.17595767974854
Training Loss : 0.018507778644561768
Baseline Loss : 0.2647457420825958
Initial_DataCollection_AverageReturn : 9.580930709838867
Done logging...




********** Iteration 266 ************

Beginning logging procedure...

Collecting data for eval...
Eval_AverageReturn : 487.86895751953125
Eval_StdReturn : 39.85101318359375
Eval_MaxReturn : 527.719970703125
Eval_MinReturn : 448.0179443359375
Eval_AverageEpLen : 235.5
Train_AverageReturn : 359.1251525878906
Train_StdReturn : 62.59406280517578
Train_MaxReturn : 433.9781188964844
Train_MinReturn : 180.09603881835938
Train_AverageEpLen : 174.5
Train_EnvstepsSoFar : 550260
TimeSinceStart : 215.01503038406372
Training Loss : 0.02136840485036373
Baseline Loss : 0.3271262049674988
Initial_DataCollection_AverageReturn : 9.580930709838867
Done logging...




********** Iteration 267 ************

Beginning logging procedure...

Collecting data for eval...
Eval_AverageReturn : 420.6615905761719
Eval_StdReturn : 45.92132568359375
Eval_MaxReturn : 462.4848327636719
Eval_MinReturn : 356.7236328125
Eval_AverageEpLen : 191.0
Train_AverageReturn : 348.7455749511719
Train_StdReturn : 77.06287384033203
Train_MaxReturn : 458.43017578125
Train_MinReturn : 150.15895080566406
Train_AverageEpLen : 171.83333333333334
Train_EnvstepsSoFar : 552322
TimeSinceStart : 215.7729253768921
Training Loss : -0.030662106350064278
Baseline Loss : 0.4416586458683014
Initial_DataCollection_AverageReturn : 9.580930709838867
Done logging...




********** Iteration 268 ************

Beginning logging procedure...

Collecting data for eval...
Eval_AverageReturn : 426.6203308105469
Eval_StdReturn : 11.262054443359375
Eval_MaxReturn : 437.88238525390625
Eval_MinReturn : 415.3582763671875
Eval_AverageEpLen : 205.0
Train_AverageReturn : 361.06494140625
Train_StdReturn : 71.9486083984375
Train_MaxReturn : 421.8674011230469
Train_MinReturn : 140.48587036132812
Train_AverageEpLen : 182.41666666666666
Train_EnvstepsSoFar : 554511
TimeSinceStart : 216.493097782135
Training Loss : -0.05794358253479004
Baseline Loss : 0.3243001401424408
Initial_DataCollection_AverageReturn : 9.580930709838867
Done logging...




********** Iteration 269 ************

Beginning logging procedure...

Collecting data for eval...
Eval_AverageReturn : 402.12548828125
Eval_StdReturn : 38.80232238769531
Eval_MaxReturn : 440.9278259277344
Eval_MinReturn : 363.32318115234375
Eval_AverageEpLen : 204.5
Train_AverageReturn : 366.3505859375
Train_StdReturn : 96.40315246582031
Train_MaxReturn : 489.71337890625
Train_MinReturn : 93.09420013427734
Train_AverageEpLen : 186.45454545454547
Train_EnvstepsSoFar : 556562
TimeSinceStart : 217.23797011375427
Training Loss : 0.028547052294015884
Baseline Loss : 0.28459200263023376
Initial_DataCollection_AverageReturn : 9.580930709838867
Done logging...




********** Iteration 270 ************

Beginning logging procedure...

Collecting data for eval...
Eval_AverageReturn : 334.8396301269531
Eval_StdReturn : 70.9830322265625
Eval_MaxReturn : 418.09356689453125
Eval_MinReturn : 244.63824462890625
Eval_AverageEpLen : 176.0
Train_AverageReturn : 381.9294128417969
Train_StdReturn : 49.65202331542969
Train_MaxReturn : 463.662353515625
Train_MinReturn : 293.75262451171875
Train_AverageEpLen : 191.27272727272728
Train_EnvstepsSoFar : 558666
TimeSinceStart : 218.07297921180725
Training Loss : -0.0027331726159900427
Baseline Loss : 0.11774194985628128
Initial_DataCollection_AverageReturn : 9.580930709838867
Done logging...




********** Iteration 271 ************

Beginning logging procedure...

Collecting data for eval...
Eval_AverageReturn : 366.22705078125
Eval_StdReturn : 9.758492469787598
Eval_MaxReturn : 379.24444580078125
Eval_MinReturn : 355.7493591308594
Eval_AverageEpLen : 188.66666666666666
Train_AverageReturn : 380.5701904296875
Train_StdReturn : 53.94293212890625
Train_MaxReturn : 503.65557861328125
Train_MinReturn : 263.7596740722656
Train_AverageEpLen : 183.9090909090909
Train_EnvstepsSoFar : 560689
TimeSinceStart : 218.78555583953857
Training Loss : -0.0030144830234348774
Baseline Loss : 0.2148105651140213
Initial_DataCollection_AverageReturn : 9.580930709838867
Done logging...




********** Iteration 272 ************

Beginning logging procedure...

Collecting data for eval...
Eval_AverageReturn : 401.1011657714844
Eval_StdReturn : 97.52452850341797
Eval_MaxReturn : 535.4752807617188
Eval_MinReturn : 307.0023193359375
Eval_AverageEpLen : 191.66666666666666
Train_AverageReturn : 357.4564208984375
Train_StdReturn : 31.77701759338379
Train_MaxReturn : 416.15283203125
Train_MinReturn : 311.60467529296875
Train_AverageEpLen : 171.16666666666666
Train_EnvstepsSoFar : 562743
TimeSinceStart : 219.51426362991333
Training Loss : -0.02987767942249775
Baseline Loss : 0.0915243849158287
Initial_DataCollection_AverageReturn : 9.580930709838867
Done logging...




********** Iteration 273 ************

Beginning logging procedure...

Collecting data for eval...
Eval_AverageReturn : 355.1316223144531
Eval_StdReturn : 26.440937042236328
Eval_MaxReturn : 392.52142333984375
Eval_MinReturn : 336.0032653808594
Eval_AverageEpLen : 175.0
Train_AverageReturn : 364.90606689453125
Train_StdReturn : 82.85327911376953
Train_MaxReturn : 504.2830810546875
Train_MinReturn : 158.54393005371094
Train_AverageEpLen : 182.1818181818182
Train_EnvstepsSoFar : 564747
TimeSinceStart : 220.21799516677856
Training Loss : 0.00904946867376566
Baseline Loss : 0.37885844707489014
Initial_DataCollection_AverageReturn : 9.580930709838867
Done logging...




********** Iteration 274 ************

Beginning logging procedure...

Collecting data for eval...
Eval_AverageReturn : 322.2171325683594
Eval_StdReturn : 17.389055252075195
Eval_MaxReturn : 339.21795654296875
Eval_MinReturn : 298.3284912109375
Eval_AverageEpLen : 149.66666666666666
Train_AverageReturn : 355.6790466308594
Train_StdReturn : 36.196231842041016
Train_MaxReturn : 416.70684814453125
Train_MinReturn : 277.670166015625
Train_AverageEpLen : 174.25
Train_EnvstepsSoFar : 566838
TimeSinceStart : 220.9379916191101
Training Loss : -0.006549822632223368
Baseline Loss : 0.07628339529037476
Initial_DataCollection_AverageReturn : 9.580930709838867
Done logging...




********** Iteration 275 ************

Beginning logging procedure...

Collecting data for eval...
Eval_AverageReturn : 290.118408203125
Eval_StdReturn : 121.7625961303711
Eval_MaxReturn : 382.6326599121094
Eval_MinReturn : 118.08357238769531
Eval_AverageEpLen : 147.33333333333334
Train_AverageReturn : 384.6053466796875
Train_StdReturn : 53.215576171875
Train_MaxReturn : 490.94110107421875
Train_MinReturn : 290.56439208984375
Train_AverageEpLen : 190.27272727272728
Train_EnvstepsSoFar : 568931
TimeSinceStart : 221.72483611106873
Training Loss : 0.00015367416199296713
Baseline Loss : 0.1415756493806839
Initial_DataCollection_AverageReturn : 9.580930709838867
Done logging...




********** Iteration 276 ************

Beginning logging procedure...

Collecting data for eval...
Eval_AverageReturn : 313.3602294921875
Eval_StdReturn : 53.15276336669922
Eval_MaxReturn : 377.2559814453125
Eval_MinReturn : 247.1220703125
Eval_AverageEpLen : 153.66666666666666
Train_AverageReturn : 373.8279724121094
Train_StdReturn : 44.94789505004883
Train_MaxReturn : 473.3767395019531
Train_MinReturn : 332.2436218261719
Train_AverageEpLen : 174.41666666666666
Train_EnvstepsSoFar : 571024
TimeSinceStart : 222.43579506874084
Training Loss : 0.016243083402514458
Baseline Loss : 0.06629130989313126
Initial_DataCollection_AverageReturn : 9.580930709838867
Done logging...




********** Iteration 277 ************

Beginning logging procedure...

Collecting data for eval...
Eval_AverageReturn : 350.4721374511719
Eval_StdReturn : 16.334930419921875
Eval_MaxReturn : 367.59625244140625
Eval_MinReturn : 328.4818115234375
Eval_AverageEpLen : 163.66666666666666
Train_AverageReturn : 371.4045715332031
Train_StdReturn : 58.94305419921875
Train_MaxReturn : 455.8030700683594
Train_MinReturn : 248.10890197753906
Train_AverageEpLen : 185.27272727272728
Train_EnvstepsSoFar : 573062
TimeSinceStart : 223.23507022857666
Training Loss : -0.030376052483916283
Baseline Loss : 0.22311069071292877
Initial_DataCollection_AverageReturn : 9.580930709838867
Done logging...




********** Iteration 278 ************

Beginning logging procedure...

Collecting data for eval...
Eval_AverageReturn : 346.6691589355469
Eval_StdReturn : 28.433425903320312
Eval_MaxReturn : 375.34912109375
Eval_MinReturn : 307.92047119140625
Eval_AverageEpLen : 159.33333333333334
Train_AverageReturn : 334.9637451171875
Train_StdReturn : 51.65019607543945
Train_MaxReturn : 425.4259338378906
Train_MinReturn : 224.6266632080078
Train_AverageEpLen : 162.84615384615384
Train_EnvstepsSoFar : 575179
TimeSinceStart : 224.11960577964783
Training Loss : 0.022951243445277214
Baseline Loss : 0.2677273154258728
Initial_DataCollection_AverageReturn : 9.580930709838867
Done logging...




********** Iteration 279 ************

Beginning logging procedure...

Collecting data for eval...
Eval_AverageReturn : 382.5014953613281
Eval_StdReturn : 73.75362396240234
Eval_MaxReturn : 482.70257568359375
Eval_MinReturn : 307.3170471191406
Eval_AverageEpLen : 166.0
Train_AverageReturn : 372.60400390625
Train_StdReturn : 60.13179016113281
Train_MaxReturn : 534.8494873046875
Train_MinReturn : 297.7200012207031
Train_AverageEpLen : 170.58333333333334
Train_EnvstepsSoFar : 577226
TimeSinceStart : 224.88240003585815
Training Loss : -0.033415086567401886
Baseline Loss : 0.1343662142753601
Initial_DataCollection_AverageReturn : 9.580930709838867
Done logging...




********** Iteration 280 ************

Beginning logging procedure...

Collecting data for eval...
Eval_AverageReturn : 291.5645751953125
Eval_StdReturn : 81.22470092773438
Eval_MaxReturn : 351.5749206542969
Eval_MinReturn : 176.73460388183594
Eval_AverageEpLen : 152.33333333333334
Train_AverageReturn : 355.4667663574219
Train_StdReturn : 85.97186279296875
Train_MaxReturn : 536.9892578125
Train_MinReturn : 214.50177001953125
Train_AverageEpLen : 172.33333333333334
Train_EnvstepsSoFar : 579294
TimeSinceStart : 225.72198104858398
Training Loss : -0.02391340769827366
Baseline Loss : 0.5101375579833984
Initial_DataCollection_AverageReturn : 9.580930709838867
Done logging...




********** Iteration 281 ************

Beginning logging procedure...

Collecting data for eval...
Eval_AverageReturn : 359.361572265625
Eval_StdReturn : 22.249263763427734
Eval_MaxReturn : 389.2771301269531
Eval_MinReturn : 335.95758056640625
Eval_AverageEpLen : 174.66666666666666
Train_AverageReturn : 365.7353210449219
Train_StdReturn : 28.98450469970703
Train_MaxReturn : 419.2552795410156
Train_MinReturn : 317.98773193359375
Train_AverageEpLen : 170.16666666666666
Train_EnvstepsSoFar : 581336
TimeSinceStart : 226.54333233833313
Training Loss : -0.006924101617187262
Baseline Loss : 0.1241147518157959
Initial_DataCollection_AverageReturn : 9.580930709838867
Done logging...




********** Iteration 282 ************

Beginning logging procedure...

Collecting data for eval...
Eval_AverageReturn : 312.9831237792969
Eval_StdReturn : 127.98065948486328
Eval_MaxReturn : 407.4825134277344
Eval_MinReturn : 132.05105590820312
Eval_AverageEpLen : 148.0
Train_AverageReturn : 334.74798583984375
Train_StdReturn : 69.94684600830078
Train_MaxReturn : 401.6722106933594
Train_MinReturn : 142.91246032714844
Train_AverageEpLen : 157.69230769230768
Train_EnvstepsSoFar : 583386
TimeSinceStart : 227.2531144618988
Training Loss : 0.011658967472612858
Baseline Loss : 0.39767909049987793
Initial_DataCollection_AverageReturn : 9.580930709838867
Done logging...




********** Iteration 283 ************

Beginning logging procedure...

Collecting data for eval...
Eval_AverageReturn : 349.3758544921875
Eval_StdReturn : 10.487878799438477
Eval_MaxReturn : 364.122802734375
Eval_MinReturn : 340.6280212402344
Eval_AverageEpLen : 154.0
Train_AverageReturn : 358.765380859375
Train_StdReturn : 93.18424224853516
Train_MaxReturn : 540.2266845703125
Train_MinReturn : 144.04208374023438
Train_AverageEpLen : 168.5
Train_EnvstepsSoFar : 585408
TimeSinceStart : 228.00838446617126
Training Loss : -0.017651241272687912
Baseline Loss : 0.4497416019439697
Initial_DataCollection_AverageReturn : 9.580930709838867
Done logging...




********** Iteration 284 ************

Beginning logging procedure...

Collecting data for eval...
Eval_AverageReturn : 349.95556640625
Eval_StdReturn : 31.472145080566406
Eval_MaxReturn : 385.61517333984375
Eval_MinReturn : 309.059814453125
Eval_AverageEpLen : 166.0
Train_AverageReturn : 358.3649597167969
Train_StdReturn : 80.03031921386719
Train_MaxReturn : 530.9716796875
Train_MinReturn : 210.7279510498047
Train_AverageEpLen : 173.58333333333334
Train_EnvstepsSoFar : 587491
TimeSinceStart : 228.82208561897278
Training Loss : 0.016130726784467697
Baseline Loss : 0.4289524555206299
Initial_DataCollection_AverageReturn : 9.580930709838867
Done logging...




********** Iteration 285 ************

Beginning logging procedure...

Collecting data for eval...
Eval_AverageReturn : 354.110107421875
Eval_StdReturn : 59.131553649902344
Eval_MaxReturn : 407.0776062011719
Eval_MinReturn : 271.58489990234375
Eval_AverageEpLen : 155.33333333333334
Train_AverageReturn : 345.4729309082031
Train_StdReturn : 48.51787567138672
Train_MaxReturn : 435.87738037109375
Train_MinReturn : 266.923095703125
Train_AverageEpLen : 163.0
Train_EnvstepsSoFar : 589610
TimeSinceStart : 229.59056115150452
Training Loss : -0.05920097604393959
Baseline Loss : 0.2369919866323471
Initial_DataCollection_AverageReturn : 9.580930709838867
Done logging...




********** Iteration 286 ************

Beginning logging procedure...

Collecting data for eval...
Eval_AverageReturn : 367.6153869628906
Eval_StdReturn : 16.335153579711914
Eval_MaxReturn : 389.8876953125
Eval_MinReturn : 351.1675109863281
Eval_AverageEpLen : 175.0
Train_AverageReturn : 360.92718505859375
Train_StdReturn : 29.200401306152344
Train_MaxReturn : 419.5987854003906
Train_MinReturn : 295.114990234375
Train_AverageEpLen : 161.15384615384616
Train_EnvstepsSoFar : 591705
TimeSinceStart : 230.38980722427368
Training Loss : -0.010604717768728733
Baseline Loss : 0.10879673063755035
Initial_DataCollection_AverageReturn : 9.580930709838867
Done logging...




********** Iteration 287 ************

Beginning logging procedure...

Collecting data for eval...
Eval_AverageReturn : 341.9254455566406
Eval_StdReturn : 21.418537139892578
Eval_MaxReturn : 360.6084899902344
Eval_MinReturn : 311.93597412109375
Eval_AverageEpLen : 162.33333333333334
Train_AverageReturn : 374.3264465332031
Train_StdReturn : 42.669132232666016
Train_MaxReturn : 511.0807800292969
Train_MinReturn : 342.1701354980469
Train_AverageEpLen : 170.0
Train_EnvstepsSoFar : 593745
TimeSinceStart : 231.0835418701172
Training Loss : 0.03739524632692337
Baseline Loss : 0.13544632494449615
Initial_DataCollection_AverageReturn : 9.580930709838867
Done logging...




********** Iteration 288 ************

Beginning logging procedure...

Collecting data for eval...
Eval_AverageReturn : 379.5726013183594
Eval_StdReturn : 12.49563980102539
Eval_MaxReturn : 389.2178955078125
Eval_MinReturn : 361.9266357421875
Eval_AverageEpLen : 192.33333333333334
Train_AverageReturn : 375.747314453125
Train_StdReturn : 42.085914611816406
Train_MaxReturn : 477.9522705078125
Train_MinReturn : 327.423095703125
Train_AverageEpLen : 169.41666666666666
Train_EnvstepsSoFar : 595778
TimeSinceStart : 231.90689826011658
Training Loss : 0.008150516077876091
Baseline Loss : 0.12905962765216827
Initial_DataCollection_AverageReturn : 9.580930709838867
Done logging...




********** Iteration 289 ************

Beginning logging procedure...

Collecting data for eval...
Eval_AverageReturn : 367.0142822265625
Eval_StdReturn : 10.600544929504395
Eval_MaxReturn : 382.0051574707031
Eval_MinReturn : 359.40667724609375
Eval_AverageEpLen : 168.66666666666666
Train_AverageReturn : 364.8375549316406
Train_StdReturn : 77.01679992675781
Train_MaxReturn : 488.2172546386719
Train_MinReturn : 156.29550170898438
Train_AverageEpLen : 171.75
Train_EnvstepsSoFar : 597839
TimeSinceStart : 232.68465042114258
Training Loss : -0.0005473091150633991
Baseline Loss : 0.4164898097515106
Initial_DataCollection_AverageReturn : 9.580930709838867
Done logging...




********** Iteration 290 ************

Beginning logging procedure...

Collecting data for eval...
Eval_AverageReturn : 358.1448669433594
Eval_StdReturn : 12.989422798156738
Eval_MaxReturn : 373.10699462890625
Eval_MinReturn : 341.43402099609375
Eval_AverageEpLen : 162.66666666666666
Train_AverageReturn : 389.97216796875
Train_StdReturn : 48.46906661987305
Train_MaxReturn : 484.6875
Train_MinReturn : 325.8447570800781
Train_AverageEpLen : 172.25
Train_EnvstepsSoFar : 599906
TimeSinceStart : 233.47009181976318
Training Loss : -0.0057577574625611305
Baseline Loss : 0.2602373957633972
Initial_DataCollection_AverageReturn : 9.580930709838867
Done logging...




********** Iteration 291 ************

Beginning logging procedure...

Collecting data for eval...
Eval_AverageReturn : 338.6156005859375
Eval_StdReturn : 28.845211029052734
Eval_MaxReturn : 372.32611083984375
Eval_MinReturn : 301.8663635253906
Eval_AverageEpLen : 152.66666666666666
Train_AverageReturn : 333.76470947265625
Train_StdReturn : 43.52712631225586
Train_MaxReturn : 397.8116149902344
Train_MinReturn : 235.4364776611328
Train_AverageEpLen : 155.92307692307693
Train_EnvstepsSoFar : 601933
TimeSinceStart : 234.28606700897217
Training Loss : -0.03341875970363617
Baseline Loss : 0.2656705677509308
Initial_DataCollection_AverageReturn : 9.580930709838867
Done logging...




********** Iteration 292 ************

Beginning logging procedure...

Collecting data for eval...
Eval_AverageReturn : 350.2581481933594
Eval_StdReturn : 108.62647247314453
Eval_MaxReturn : 448.23309326171875
Eval_MinReturn : 198.7999725341797
Eval_AverageEpLen : 169.0
Train_AverageReturn : 387.6222229003906
Train_StdReturn : 92.40422821044922
Train_MaxReturn : 541.2438354492188
Train_MinReturn : 230.00775146484375
Train_AverageEpLen : 172.0
Train_EnvstepsSoFar : 603997
TimeSinceStart : 235.07515740394592
Training Loss : -0.03043864108622074
Baseline Loss : 0.3940403163433075
Initial_DataCollection_AverageReturn : 9.580930709838867
Done logging...




********** Iteration 293 ************

Beginning logging procedure...

Collecting data for eval...
Eval_AverageReturn : 375.6455383300781
Eval_StdReturn : 20.51687240600586
Eval_MaxReturn : 393.2669982910156
Eval_MinReturn : 346.8717041015625
Eval_AverageEpLen : 173.0
Train_AverageReturn : 332.2825927734375
Train_StdReturn : 110.45039367675781
Train_MaxReturn : 523.9036865234375
Train_MinReturn : 99.83948516845703
Train_AverageEpLen : 158.92307692307693
Train_EnvstepsSoFar : 606063
TimeSinceStart : 235.8926932811737
Training Loss : -0.05686219036579132
Baseline Loss : 0.5625941157341003
Initial_DataCollection_AverageReturn : 9.580930709838867
Done logging...




********** Iteration 294 ************

Beginning logging procedure...

Collecting data for eval...
Eval_AverageReturn : 374.819580078125
Eval_StdReturn : 50.48770523071289
Eval_MaxReturn : 419.135986328125
Eval_MinReturn : 304.1788635253906
Eval_AverageEpLen : 181.66666666666666
Train_AverageReturn : 377.8358154296875
Train_StdReturn : 79.76191711425781
Train_MaxReturn : 569.375244140625
Train_MinReturn : 285.08984375
Train_AverageEpLen : 178.75
Train_EnvstepsSoFar : 608208
TimeSinceStart : 236.7112865447998
Training Loss : -0.001745624584145844
Baseline Loss : 0.3605358600616455
Initial_DataCollection_AverageReturn : 9.580930709838867
Done logging...




********** Iteration 295 ************

Beginning logging procedure...

Collecting data for eval...
Eval_AverageReturn : 298.565673828125
Eval_StdReturn : 25.420120239257812
Eval_MaxReturn : 333.8402099609375
Eval_MinReturn : 274.9238586425781
Eval_AverageEpLen : 137.0
Train_AverageReturn : 333.76025390625
Train_StdReturn : 63.46814727783203
Train_MaxReturn : 459.8038024902344
Train_MinReturn : 231.4558563232422
Train_AverageEpLen : 157.92307692307693
Train_EnvstepsSoFar : 610261
TimeSinceStart : 237.4409682750702
Training Loss : -0.0064240931533277035
Baseline Loss : 0.5537897944450378
Initial_DataCollection_AverageReturn : 9.580930709838867
Done logging...




********** Iteration 296 ************

Beginning logging procedure...

Collecting data for eval...
Eval_AverageReturn : 346.7328796386719
Eval_StdReturn : 34.30088424682617
Eval_MaxReturn : 383.74560546875
Eval_MinReturn : 301.07196044921875
Eval_AverageEpLen : 158.0
Train_AverageReturn : 400.994140625
Train_StdReturn : 49.94601821899414
Train_MaxReturn : 513.197509765625
Train_MinReturn : 330.4841003417969
Train_AverageEpLen : 189.36363636363637
Train_EnvstepsSoFar : 612344
TimeSinceStart : 238.22671556472778
Training Loss : -0.08159981667995453
Baseline Loss : 0.24676112830638885
Initial_DataCollection_AverageReturn : 9.580930709838867
Done logging...




********** Iteration 297 ************

Beginning logging procedure...

Collecting data for eval...
Eval_AverageReturn : 412.4801025390625
Eval_StdReturn : 89.46922302246094
Eval_MaxReturn : 506.2823486328125
Eval_MinReturn : 292.04010009765625
Eval_AverageEpLen : 192.66666666666666
Train_AverageReturn : 359.3494873046875
Train_StdReturn : 91.45519256591797
Train_MaxReturn : 563.356201171875
Train_MinReturn : 241.20504760742188
Train_AverageEpLen : 169.83333333333334
Train_EnvstepsSoFar : 614382
TimeSinceStart : 239.02376914024353
Training Loss : 0.02319037914276123
Baseline Loss : 0.5715479254722595
Initial_DataCollection_AverageReturn : 9.580930709838867
Done logging...




********** Iteration 298 ************

Beginning logging procedure...

Collecting data for eval...
Eval_AverageReturn : 310.0269775390625
Eval_StdReturn : 111.26940155029297
Eval_MaxReturn : 403.87213134765625
Eval_MinReturn : 153.71456909179688
Eval_AverageEpLen : 143.0
Train_AverageReturn : 354.83978271484375
Train_StdReturn : 82.20877075195312
Train_MaxReturn : 504.66650390625
Train_MinReturn : 170.90728759765625
Train_AverageEpLen : 165.07692307692307
Train_EnvstepsSoFar : 616528
TimeSinceStart : 239.79253697395325
Training Loss : -0.010549725033342838
Baseline Loss : 0.5118564367294312
Initial_DataCollection_AverageReturn : 9.580930709838867
Done logging...




********** Iteration 299 ************

Beginning logging procedure...

Collecting data for eval...
Eval_AverageReturn : 427.7585144042969
Eval_StdReturn : 25.7741756439209
Eval_MaxReturn : 448.6962890625
Eval_MinReturn : 391.4503173828125
Eval_AverageEpLen : 200.66666666666666
Train_AverageReturn : 400.10235595703125
Train_StdReturn : 114.59786224365234
Train_MaxReturn : 581.5667724609375
Train_MinReturn : 202.20681762695312
Train_AverageEpLen : 185.45454545454547
Train_EnvstepsSoFar : 618568
TimeSinceStart : 240.56772422790527
Training Loss : -0.0371951125562191
Baseline Loss : 0.3674921989440918
Initial_DataCollection_AverageReturn : 9.580930709838867
Done logging...


