Gym has been unmaintained since 2022 and does not support NumPy 2.0 amongst other critical functionality.
Please upgrade to Gymnasium, the maintained drop-in replacement of Gym, or contact the authors of your software and request that they upgrade.
See the migration guide at https://gymnasium.farama.org/introduction/migration_guide/ for additional information.
########################
logging outputs to  /home/nick12138/projects/16831-F26-HW/hw2/rob831/scripts/../../data/q5_b2000_r0.001_lambda0.99_Hopper-v4_29-09-2026_11-14-05
########################
GPU not detected. Defaulting to CPU.
/home/nick12138/projects/16831-F26-HW/.conda/rob831/lib/python3.10/site-packages/Cython/Distutils/old_build_ext.py:15: DeprecationWarning: dep_util is Deprecated. Use functions from setuptools instead.
  from distutils.dep_util import newer, newer_group
<frozen importlib._bootstrap>:283: DeprecationWarning: the load_module() method is deprecated and slated for removal in Python 3.12; use exec_module() instead
/home/nick12138/projects/16831-F26-HW/.conda/rob831/lib/python3.10/site-packages/gym/core.py:329: DeprecationWarning: [33mWARN: Initializing wrapper in old step API which returns one bool instead of two. It is recommended to set `new_step_api=True` to use new step API. This will be the default behaviour in future.[0m
  deprecation(
/home/nick12138/projects/16831-F26-HW/.conda/rob831/lib/python3.10/site-packages/gym/wrappers/step_api_compatibility.py:39: DeprecationWarning: [33mWARN: Initializing environment in old step API which returns one bool instead of two. It is recommended to set `new_step_api=True` to use new step API. This will be the default behaviour in future.[0m
  deprecation(
/home/nick12138/projects/16831-F26-HW/.conda/rob831/lib/python3.10/site-packages/gym/core.py:268: DeprecationWarning: [33mWARN: Function `env.seed(seed)` is marked as deprecated and will be removed in the future. Please use `env.reset(seed=seed)` instead.[0m
  deprecation(
/home/nick12138/projects/16831-F26-HW/.conda/rob831/lib/python3.10/site-packages/matplotlib/_fontconfig_pattern.py:64: PyparsingDeprecationWarning: 'oneOf' deprecated - use 'one_of'
  prop = Group((name + Suppress("=") + comma_separated(value)) | oneOf(_CONSTANTS))
/home/nick12138/projects/16831-F26-HW/.conda/rob831/lib/python3.10/site-packages/matplotlib/_fontconfig_pattern.py:85: PyparsingDeprecationWarning: 'parseString' deprecated - use 'parse_string'
  parse = parser.parseString(pattern)
/home/nick12138/projects/16831-F26-HW/.conda/rob831/lib/python3.10/site-packages/matplotlib/_fontconfig_pattern.py:89: PyparsingDeprecationWarning: 'resetCache' deprecated - use 'reset_cache'
  parser.resetCache()


********** Iteration 0 ************
/home/nick12138/projects/16831-F26-HW/.conda/rob831/lib/python3.10/site-packages/gym/utils/passive_env_checker.py:241: DeprecationWarning: `np.bool8` is a deprecated alias for `np.bool_`.  (Deprecated NumPy 1.24)
  if not isinstance(terminated, (bool, np.bool8)):

Beginning logging procedure...

Collecting data for eval...
Eval_AverageReturn : 9.454133987426758
/home/nick12138/projects/16831-F26-HW/.conda/rob831/lib/python3.10/site-packages/tensorboardX/summary.py:153: DeprecationWarning: Conversion of an array with ndim > 0 to a scalar is deprecated, and will error in future. Ensure you extract a single element from your array before performing this operation. (Deprecated NumPy 1.25.)
  scalar = float(scalar)
Eval_StdReturn : 4.979221343994141
Eval_MaxReturn : 28.49798583984375
Eval_MinReturn : 3.7199928760528564
Eval_AverageEpLen : 13.433333333333334
Train_AverageReturn : 9.580930709838867
Train_StdReturn : 4.549529552459717
Train_MaxReturn : 45.95674133300781
Train_MinReturn : 3.49049973487854
Train_AverageEpLen : 13.264900662251655
Train_EnvstepsSoFar : 2003
TimeSinceStart : 0.6753659248352051
Training Loss : 0.10310836881399155
Baseline Loss : 1.1349025964736938
Initial_DataCollection_AverageReturn : 9.580930709838867
Done logging...




********** Iteration 1 ************

Beginning logging procedure...

Collecting data for eval...
Eval_AverageReturn : 10.282255172729492
Eval_StdReturn : 5.655404090881348
Eval_MaxReturn : 27.092811584472656
Eval_MinReturn : 4.9872283935546875
Eval_AverageEpLen : 13.466666666666667
Train_AverageReturn : 10.2079496383667
Train_StdReturn : 6.3753862380981445
Train_MaxReturn : 61.18608474731445
Train_MinReturn : 3.6616604328155518
Train_AverageEpLen : 14.5
Train_EnvstepsSoFar : 4004
TimeSinceStart : 1.3915224075317383
Training Loss : -0.009459451772272587
Baseline Loss : 1.1144746541976929
Initial_DataCollection_AverageReturn : 9.580930709838867
Done logging...




********** Iteration 2 ************

Beginning logging procedure...

Collecting data for eval...
Eval_AverageReturn : 9.872705459594727
Eval_StdReturn : 3.386547327041626
Eval_MaxReturn : 18.673137664794922
Eval_MinReturn : 4.466363906860352
Eval_AverageEpLen : 13.89655172413793
Train_AverageReturn : 10.847272872924805
Train_StdReturn : 6.2533769607543945
Train_MaxReturn : 45.99424362182617
Train_MinReturn : 3.989542007446289
Train_AverageEpLen : 14.572463768115941
Train_EnvstepsSoFar : 6015
TimeSinceStart : 2.1121304035186768
Training Loss : 0.01548935379832983
Baseline Loss : 1.0930196046829224
Initial_DataCollection_AverageReturn : 9.580930709838867
Done logging...




********** Iteration 3 ************

Beginning logging procedure...

Collecting data for eval...
Eval_AverageReturn : 13.92300796508789
Eval_StdReturn : 9.093839645385742
Eval_MaxReturn : 45.480384826660156
Eval_MinReturn : 5.9160308837890625
Eval_AverageEpLen : 16.875
Train_AverageReturn : 11.957921028137207
Train_StdReturn : 7.554368495941162
Train_MaxReturn : 64.39704132080078
Train_MinReturn : 2.950392007827759
Train_AverageEpLen : 16.168
Train_EnvstepsSoFar : 8036
TimeSinceStart : 2.8244736194610596
Training Loss : 0.014201675541698933
Baseline Loss : 1.0789505243301392
Initial_DataCollection_AverageReturn : 9.580930709838867
Done logging...




********** Iteration 4 ************

Beginning logging procedure...

Collecting data for eval...
Eval_AverageReturn : 14.251054763793945
Eval_StdReturn : 11.21890640258789
Eval_MaxReturn : 64.14107513427734
Eval_MinReturn : 5.499284267425537
Eval_AverageEpLen : 17.434782608695652
Train_AverageReturn : 12.711790084838867
Train_StdReturn : 8.102256774902344
Train_MaxReturn : 50.95479202270508
Train_MinReturn : 3.9292614459991455
Train_AverageEpLen : 15.476923076923077
Train_EnvstepsSoFar : 10048
TimeSinceStart : 3.5643858909606934
Training Loss : 0.0025269449688494205
Baseline Loss : 1.0454350709915161
Initial_DataCollection_AverageReturn : 9.580930709838867
Done logging...




********** Iteration 5 ************

Beginning logging procedure...

Collecting data for eval...
Eval_AverageReturn : 14.071601867675781
Eval_StdReturn : 10.449539184570312
Eval_MaxReturn : 57.98828125
Eval_MinReturn : 6.810599327087402
Eval_AverageEpLen : 17.56
Train_AverageReturn : 13.236679077148438
Train_StdReturn : 8.706511497497559
Train_MaxReturn : 71.57198333740234
Train_MinReturn : 4.320942401885986
Train_AverageEpLen : 17.196581196581196
Train_EnvstepsSoFar : 12060
TimeSinceStart : 4.303645133972168
Training Loss : -0.0238660778850317
Baseline Loss : 1.0364677906036377
Initial_DataCollection_AverageReturn : 9.580930709838867
Done logging...




********** Iteration 6 ************

Beginning logging procedure...

Collecting data for eval...
Eval_AverageReturn : 16.505422592163086
Eval_StdReturn : 11.577723503112793
Eval_MaxReturn : 59.84294128417969
Eval_MinReturn : 6.700141906738281
Eval_AverageEpLen : 19.571428571428573
Train_AverageReturn : 13.556943893432617
Train_StdReturn : 10.288622856140137
Train_MaxReturn : 85.56501770019531
Train_MinReturn : 4.535711288452148
Train_AverageEpLen : 16.80672268907563
Train_EnvstepsSoFar : 14060
TimeSinceStart : 5.104061603546143
Training Loss : 0.0010376315331086516
Baseline Loss : 1.030001163482666
Initial_DataCollection_AverageReturn : 9.580930709838867
Done logging...




********** Iteration 7 ************

Beginning logging procedure...

Collecting data for eval...
Eval_AverageReturn : 12.70516586303711
Eval_StdReturn : 4.136452674865723
Eval_MaxReturn : 24.806041717529297
Eval_MinReturn : 4.6709818840026855
Eval_AverageEpLen : 17.083333333333332
Train_AverageReturn : 15.661272048950195
Train_StdReturn : 15.557458877563477
Train_MaxReturn : 146.96755981445312
Train_MinReturn : 4.246617794036865
Train_AverageEpLen : 18.46788990825688
Train_EnvstepsSoFar : 16073
TimeSinceStart : 5.83526873588562
Training Loss : 0.018317658454179764
Baseline Loss : 1.0252933502197266
Initial_DataCollection_AverageReturn : 9.580930709838867
Done logging...




********** Iteration 8 ************

Beginning logging procedure...

Collecting data for eval...
Eval_AverageReturn : 18.811769485473633
Eval_StdReturn : 10.730277061462402
Eval_MaxReturn : 48.93193435668945
Eval_MinReturn : 7.218169212341309
Eval_AverageEpLen : 19.272727272727273
Train_AverageReturn : 17.08229637145996
Train_StdReturn : 17.02105140686035
Train_MaxReturn : 118.12652587890625
Train_MinReturn : 5.5456414222717285
Train_AverageEpLen : 19.705882352941178
Train_EnvstepsSoFar : 18083
TimeSinceStart : 6.640772342681885
Training Loss : -0.057472120970487595
Baseline Loss : 0.9985060691833496
Initial_DataCollection_AverageReturn : 9.580930709838867
Done logging...




********** Iteration 9 ************

Beginning logging procedure...

Collecting data for eval...
Eval_AverageReturn : 23.192049026489258
Eval_StdReturn : 13.828274726867676
Eval_MaxReturn : 61.66012191772461
Eval_MinReturn : 6.458019733428955
Eval_AverageEpLen : 29.071428571428573
Train_AverageReturn : 22.221698760986328
Train_StdReturn : 27.758197784423828
Train_MaxReturn : 157.45640563964844
Train_MinReturn : 4.910826683044434
Train_AverageEpLen : 23.290697674418606
Train_EnvstepsSoFar : 20086
TimeSinceStart : 7.503581285476685
Training Loss : 0.03317202255129814
Baseline Loss : 0.9929620623588562
Initial_DataCollection_AverageReturn : 9.580930709838867
Done logging...




********** Iteration 10 ************

Beginning logging procedure...

Collecting data for eval...
Eval_AverageReturn : 15.30751895904541
Eval_StdReturn : 8.479809761047363
Eval_MaxReturn : 34.63114547729492
Eval_MinReturn : 6.333919525146484
Eval_AverageEpLen : 18.59090909090909
Train_AverageReturn : 21.12944984436035
Train_StdReturn : 19.40668487548828
Train_MaxReturn : 125.03422546386719
Train_MinReturn : 3.9129691123962402
Train_AverageEpLen : 22.12087912087912
Train_EnvstepsSoFar : 22099
TimeSinceStart : 8.363948822021484
Training Loss : -0.03576060011982918
Baseline Loss : 0.9692765474319458
Initial_DataCollection_AverageReturn : 9.580930709838867
Done logging...




********** Iteration 11 ************

Beginning logging procedure...

Collecting data for eval...
Eval_AverageReturn : 17.062179565429688
Eval_StdReturn : 10.769882202148438
Eval_MaxReturn : 54.308197021484375
Eval_MinReturn : 6.263979911804199
Eval_AverageEpLen : 20.333333333333332
Train_AverageReturn : 21.696762084960938
Train_StdReturn : 20.82386016845703
Train_MaxReturn : 114.86930084228516
Train_MinReturn : 3.562994956970215
Train_AverageEpLen : 22.21978021978022
Train_EnvstepsSoFar : 24121
TimeSinceStart : 9.192207336425781
Training Loss : -0.059621412307024
Baseline Loss : 0.9687111377716064
Initial_DataCollection_AverageReturn : 9.580930709838867
Done logging...




********** Iteration 12 ************

Beginning logging procedure...

Collecting data for eval...
Eval_AverageReturn : 27.322895050048828
Eval_StdReturn : 40.25520706176758
Eval_MaxReturn : 185.1952667236328
Eval_MinReturn : 7.6005682945251465
Eval_AverageEpLen : 24.0
Train_AverageReturn : 29.482633590698242
Train_StdReturn : 37.080322265625
Train_MaxReturn : 214.20071411132812
Train_MinReturn : 5.292522430419922
Train_AverageEpLen : 26.93421052631579
Train_EnvstepsSoFar : 26168
TimeSinceStart : 10.066751718521118
Training Loss : -0.02725639007985592
Baseline Loss : 0.9744965434074402
Initial_DataCollection_AverageReturn : 9.580930709838867
Done logging...




********** Iteration 13 ************

Beginning logging procedure...

Collecting data for eval...
Eval_AverageReturn : 25.03175926208496
Eval_StdReturn : 14.93476390838623
Eval_MaxReturn : 62.62068176269531
Eval_MinReturn : 10.920451164245605
Eval_AverageEpLen : 27.133333333333333
Train_AverageReturn : 26.866060256958008
Train_StdReturn : 28.772077560424805
Train_MaxReturn : 157.08200073242188
Train_MinReturn : 6.470656871795654
Train_AverageEpLen : 25.705128205128204
Train_EnvstepsSoFar : 28173
TimeSinceStart : 11.01859736442566
Training Loss : -0.026737255975604057
Baseline Loss : 0.9574016332626343
Initial_DataCollection_AverageReturn : 9.580930709838867
Done logging...




********** Iteration 14 ************

Beginning logging procedure...

Collecting data for eval...
Eval_AverageReturn : 49.84870529174805
Eval_StdReturn : 52.096168518066406
Eval_MaxReturn : 162.63916015625
Eval_MinReturn : 8.375508308410645
Eval_AverageEpLen : 39.18181818181818
Train_AverageReturn : 28.141176223754883
Train_StdReturn : 31.916282653808594
Train_MaxReturn : 158.06436157226562
Train_MinReturn : 6.498417854309082
Train_AverageEpLen : 27.12162162162162
Train_EnvstepsSoFar : 30180
TimeSinceStart : 11.85899019241333
Training Loss : -0.022465303540229797
Baseline Loss : 0.9611994624137878
Initial_DataCollection_AverageReturn : 9.580930709838867
Done logging...




********** Iteration 15 ************

Beginning logging procedure...

Collecting data for eval...
Eval_AverageReturn : 33.3249626159668
Eval_StdReturn : 29.943925857543945
Eval_MaxReturn : 96.83551025390625
Eval_MinReturn : 8.168489456176758
Eval_AverageEpLen : 34.666666666666664
Train_AverageReturn : 33.073299407958984
Train_StdReturn : 36.0322265625
Train_MaxReturn : 239.48472595214844
Train_MinReturn : 9.2232084274292
Train_AverageEpLen : 29.970588235294116
Train_EnvstepsSoFar : 32218
TimeSinceStart : 12.6840238571167
Training Loss : 0.012136310338973999
Baseline Loss : 0.9467630982398987
Initial_DataCollection_AverageReturn : 9.580930709838867
Done logging...




********** Iteration 16 ************

Beginning logging procedure...

Collecting data for eval...
Eval_AverageReturn : 21.943225860595703
Eval_StdReturn : 13.99277114868164
Eval_MaxReturn : 67.37910461425781
Eval_MinReturn : 6.876980781555176
Eval_AverageEpLen : 23.529411764705884
Train_AverageReturn : 40.13309097290039
Train_StdReturn : 43.47428512573242
Train_MaxReturn : 200.84564208984375
Train_MinReturn : 7.511368274688721
Train_AverageEpLen : 33.55
Train_EnvstepsSoFar : 34231
TimeSinceStart : 13.500375747680664
Training Loss : -0.023280426859855652
Baseline Loss : 0.959667444229126
Initial_DataCollection_AverageReturn : 9.580930709838867
Done logging...




********** Iteration 17 ************

Beginning logging procedure...

Collecting data for eval...
Eval_AverageReturn : 64.23831939697266
Eval_StdReturn : 66.29429626464844
Eval_MaxReturn : 194.12899780273438
Eval_MinReturn : 13.715383529663086
Eval_AverageEpLen : 46.111111111111114
Train_AverageReturn : 35.75159454345703
Train_StdReturn : 37.81040573120117
Train_MaxReturn : 214.194580078125
Train_MinReturn : 7.026021957397461
Train_AverageEpLen : 31.53030303030303
Train_EnvstepsSoFar : 36312
TimeSinceStart : 14.336150407791138
Training Loss : -0.0007309347856789827
Baseline Loss : 0.9536526203155518
Initial_DataCollection_AverageReturn : 9.580930709838867
Done logging...




********** Iteration 18 ************

Beginning logging procedure...

Collecting data for eval...
Eval_AverageReturn : 70.34188842773438
Eval_StdReturn : 59.51811981201172
Eval_MaxReturn : 167.90528869628906
Eval_MinReturn : 12.108181953430176
Eval_AverageEpLen : 49.77777777777778
Train_AverageReturn : 45.690025329589844
Train_StdReturn : 49.22861099243164
Train_MaxReturn : 216.6640167236328
Train_MinReturn : 5.821839332580566
Train_AverageEpLen : 36.482142857142854
Train_EnvstepsSoFar : 38355
TimeSinceStart : 15.269953727722168
Training Loss : -0.02826428785920143
Baseline Loss : 0.9475666284561157
Initial_DataCollection_AverageReturn : 9.580930709838867
Done logging...




********** Iteration 19 ************

Beginning logging procedure...

Collecting data for eval...
Eval_AverageReturn : 67.17410278320312
Eval_StdReturn : 52.18056106567383
Eval_MaxReturn : 144.93284606933594
Eval_MinReturn : 13.948020935058594
Eval_AverageEpLen : 44.666666666666664
Train_AverageReturn : 59.20427322387695
Train_StdReturn : 53.14370346069336
Train_MaxReturn : 223.30953979492188
Train_MinReturn : 9.447314262390137
Train_AverageEpLen : 42.729166666666664
Train_EnvstepsSoFar : 40406
TimeSinceStart : 16.091243505477905
Training Loss : -0.037838928401470184
Baseline Loss : 0.9686576724052429
Initial_DataCollection_AverageReturn : 9.580930709838867
Done logging...




********** Iteration 20 ************

Beginning logging procedure...

Collecting data for eval...
Eval_AverageReturn : 67.70645141601562
Eval_StdReturn : 51.96250915527344
Eval_MaxReturn : 148.88446044921875
Eval_MinReturn : 9.17923355102539
Eval_AverageEpLen : 46.888888888888886
Train_AverageReturn : 63.29155731201172
Train_StdReturn : 59.7055549621582
Train_MaxReturn : 234.02760314941406
Train_MinReturn : 4.344505310058594
Train_AverageEpLen : 43.56521739130435
Train_EnvstepsSoFar : 42410
TimeSinceStart : 16.885072469711304
Training Loss : 0.00787900760769844
Baseline Loss : 0.9602105617523193
Initial_DataCollection_AverageReturn : 9.580930709838867
Done logging...




********** Iteration 21 ************

Beginning logging procedure...

Collecting data for eval...
Eval_AverageReturn : 84.18643951416016
Eval_StdReturn : 55.603271484375
Eval_MaxReturn : 191.5569610595703
Eval_MinReturn : 8.253864288330078
Eval_AverageEpLen : 53.625
Train_AverageReturn : 63.72834014892578
Train_StdReturn : 66.19267272949219
Train_MaxReturn : 216.24627685546875
Train_MinReturn : 5.394679069519043
Train_AverageEpLen : 44.1063829787234
Train_EnvstepsSoFar : 44483
TimeSinceStart : 17.71239161491394
Training Loss : -0.012659919448196888
Baseline Loss : 0.9701302647590637
Initial_DataCollection_AverageReturn : 9.580930709838867
Done logging...




********** Iteration 22 ************

Beginning logging procedure...

Collecting data for eval...
Eval_AverageReturn : 67.15172576904297
Eval_StdReturn : 47.54634475708008
Eval_MaxReturn : 152.02210998535156
Eval_MinReturn : 10.127286911010742
Eval_AverageEpLen : 52.375
Train_AverageReturn : 84.18773651123047
Train_StdReturn : 62.645912170410156
Train_MaxReturn : 238.81532287597656
Train_MinReturn : 9.063850402832031
Train_AverageEpLen : 54.7027027027027
Train_EnvstepsSoFar : 46507
TimeSinceStart : 18.52915620803833
Training Loss : -0.06547296047210693
Baseline Loss : 1.0230424404144287
Initial_DataCollection_AverageReturn : 9.580930709838867
Done logging...




********** Iteration 23 ************

Beginning logging procedure...

Collecting data for eval...
Eval_AverageReturn : 88.27002716064453
Eval_StdReturn : 66.49540710449219
Eval_MaxReturn : 175.9912109375
Eval_MinReturn : 13.344456672668457
Eval_AverageEpLen : 58.142857142857146
Train_AverageReturn : 87.46434783935547
Train_StdReturn : 66.5470199584961
Train_MaxReturn : 240.5247802734375
Train_MinReturn : 11.006261825561523
Train_AverageEpLen : 59.294117647058826
Train_EnvstepsSoFar : 48523
TimeSinceStart : 19.331626415252686
Training Loss : 0.012502280063927174
Baseline Loss : 1.0285608768463135
Initial_DataCollection_AverageReturn : 9.580930709838867
Done logging...




********** Iteration 24 ************

Beginning logging procedure...

Collecting data for eval...
Eval_AverageReturn : 55.6853141784668
Eval_StdReturn : 55.442325592041016
Eval_MaxReturn : 155.36666870117188
Eval_MinReturn : 8.810815811157227
Eval_AverageEpLen : 41.4
Train_AverageReturn : 68.12798309326172
Train_StdReturn : 48.197669982910156
Train_MaxReturn : 203.1216278076172
Train_MinReturn : 8.153677940368652
Train_AverageEpLen : 47.116279069767444
Train_EnvstepsSoFar : 50549
TimeSinceStart : 20.08660387992859
Training Loss : -0.03165194392204285
Baseline Loss : 1.0064969062805176
Initial_DataCollection_AverageReturn : 9.580930709838867
Done logging...




********** Iteration 25 ************

Beginning logging procedure...

Collecting data for eval...
Eval_AverageReturn : 64.33744812011719
Eval_StdReturn : 63.13742446899414
Eval_MaxReturn : 225.7766571044922
Eval_MinReturn : 23.96123504638672
Eval_AverageEpLen : 50.125
Train_AverageReturn : 83.8266830444336
Train_StdReturn : 64.27108001708984
Train_MaxReturn : 206.5325927734375
Train_MinReturn : 10.716559410095215
Train_AverageEpLen : 56.0
Train_EnvstepsSoFar : 52565
TimeSinceStart : 20.912495374679565
Training Loss : -0.0062332069501280785
Baseline Loss : 1.041179895401001
Initial_DataCollection_AverageReturn : 9.580930709838867
Done logging...




********** Iteration 26 ************

Beginning logging procedure...

Collecting data for eval...
Eval_AverageReturn : 118.0178451538086
Eval_StdReturn : 61.47099685668945
Eval_MaxReturn : 213.62124633789062
Eval_MinReturn : 15.928513526916504
Eval_AverageEpLen : 78.83333333333333
Train_AverageReturn : 82.44606018066406
Train_StdReturn : 47.68175506591797
Train_MaxReturn : 182.7302703857422
Train_MinReturn : 6.912379264831543
Train_AverageEpLen : 53.0
Train_EnvstepsSoFar : 54579
TimeSinceStart : 21.71308469772339
Training Loss : -0.05828187242150307
Baseline Loss : 1.080295443534851
Initial_DataCollection_AverageReturn : 9.580930709838867
Done logging...




********** Iteration 27 ************

Beginning logging procedure...

Collecting data for eval...
Eval_AverageReturn : 103.87450408935547
Eval_StdReturn : 48.20566940307617
Eval_MaxReturn : 182.180908203125
Eval_MinReturn : 18.695178985595703
Eval_AverageEpLen : 61.857142857142854
Train_AverageReturn : 89.8641357421875
Train_StdReturn : 55.65071487426758
Train_MaxReturn : 234.0166015625
Train_MinReturn : 11.194863319396973
Train_AverageEpLen : 59.97142857142857
Train_EnvstepsSoFar : 56678
TimeSinceStart : 22.556833267211914
Training Loss : 0.024208296090364456
Baseline Loss : 1.0423468351364136
Initial_DataCollection_AverageReturn : 9.580930709838867
Done logging...




********** Iteration 28 ************

Beginning logging procedure...

Collecting data for eval...
Eval_AverageReturn : 83.80550384521484
Eval_StdReturn : 24.883716583251953
Eval_MaxReturn : 123.29122161865234
Eval_MinReturn : 48.351722717285156
Eval_AverageEpLen : 68.0
Train_AverageReturn : 93.42400360107422
Train_StdReturn : 44.49979019165039
Train_MaxReturn : 191.01010131835938
Train_MinReturn : 13.485718727111816
Train_AverageEpLen : 60.60606060606061
Train_EnvstepsSoFar : 58678
TimeSinceStart : 23.364545106887817
Training Loss : -0.005717925261706114
Baseline Loss : 1.0825918912887573
Initial_DataCollection_AverageReturn : 9.580930709838867
Done logging...




********** Iteration 29 ************

Beginning logging procedure...

Collecting data for eval...
Eval_AverageReturn : 65.2263412475586
Eval_StdReturn : 41.138492584228516
Eval_MaxReturn : 141.84164428710938
Eval_MinReturn : 18.065616607666016
Eval_AverageEpLen : 45.22222222222222
Train_AverageReturn : 95.2872314453125
Train_StdReturn : 55.744083404541016
Train_MaxReturn : 216.27896118164062
Train_MinReturn : 7.509866714477539
Train_AverageEpLen : 62.53125
Train_EnvstepsSoFar : 60679
TimeSinceStart : 24.109943866729736
Training Loss : -0.02845350280404091
Baseline Loss : 1.0573780536651611
Initial_DataCollection_AverageReturn : 9.580930709838867
Done logging...




********** Iteration 30 ************

Beginning logging procedure...

Collecting data for eval...
Eval_AverageReturn : 89.17510223388672
Eval_StdReturn : 65.84507751464844
Eval_MaxReturn : 196.21197509765625
Eval_MinReturn : 11.930706977844238
Eval_AverageEpLen : 63.857142857142854
Train_AverageReturn : 114.68099212646484
Train_StdReturn : 56.6748161315918
Train_MaxReturn : 263.55865478515625
Train_MinReturn : 19.320547103881836
Train_AverageEpLen : 67.63333333333334
Train_EnvstepsSoFar : 62708
TimeSinceStart : 24.954190969467163
Training Loss : 0.02482338808476925
Baseline Loss : 1.1098512411117554
Initial_DataCollection_AverageReturn : 9.580930709838867
Done logging...




********** Iteration 31 ************

Beginning logging procedure...

Collecting data for eval...
Eval_AverageReturn : 106.39430236816406
Eval_StdReturn : 39.683807373046875
Eval_MaxReturn : 176.04766845703125
Eval_MinReturn : 65.91569519042969
Eval_AverageEpLen : 65.28571428571429
Train_AverageReturn : 96.5961685180664
Train_StdReturn : 53.153602600097656
Train_MaxReturn : 197.53675842285156
Train_MinReturn : 11.122541427612305
Train_AverageEpLen : 62.03030303030303
Train_EnvstepsSoFar : 64755
TimeSinceStart : 25.838740587234497
Training Loss : 0.006928039249032736
Baseline Loss : 1.0518511533737183
Initial_DataCollection_AverageReturn : 9.580930709838867
Done logging...




********** Iteration 32 ************

Beginning logging procedure...

Collecting data for eval...
Eval_AverageReturn : 136.7456512451172
Eval_StdReturn : 61.71528244018555
Eval_MaxReturn : 229.53097534179688
Eval_MinReturn : 67.599853515625
Eval_AverageEpLen : 80.2
Train_AverageReturn : 94.1305160522461
Train_StdReturn : 59.90060043334961
Train_MaxReturn : 270.31890869140625
Train_MinReturn : 12.43744945526123
Train_AverageEpLen : 61.15151515151515
Train_EnvstepsSoFar : 66773
TimeSinceStart : 26.70825982093811
Training Loss : -0.04431404545903206
Baseline Loss : 1.039283275604248
Initial_DataCollection_AverageReturn : 9.580930709838867
Done logging...




********** Iteration 33 ************

Beginning logging procedure...

Collecting data for eval...
Eval_AverageReturn : 98.09820556640625
Eval_StdReturn : 47.45545959472656
Eval_MaxReturn : 164.23550415039062
Eval_MinReturn : 10.209284782409668
Eval_AverageEpLen : 57.57142857142857
Train_AverageReturn : 91.42721557617188
Train_StdReturn : 44.752742767333984
Train_MaxReturn : 189.11111450195312
Train_MinReturn : 11.33266544342041
Train_AverageEpLen : 60.90909090909091
Train_EnvstepsSoFar : 68783
TimeSinceStart : 27.484945058822632
Training Loss : -0.02571748197078705
Baseline Loss : 1.0472853183746338
Initial_DataCollection_AverageReturn : 9.580930709838867
Done logging...




********** Iteration 34 ************

Beginning logging procedure...

Collecting data for eval...
Eval_AverageReturn : 100.12409973144531
Eval_StdReturn : 23.98433494567871
Eval_MaxReturn : 144.14334106445312
Eval_MinReturn : 69.0857162475586
Eval_AverageEpLen : 61.285714285714285
Train_AverageReturn : 105.35185241699219
Train_StdReturn : 45.67780303955078
Train_MaxReturn : 224.6597442626953
Train_MinReturn : 22.516117095947266
Train_AverageEpLen : 63.5625
Train_EnvstepsSoFar : 70817
TimeSinceStart : 28.260785341262817
Training Loss : -0.05375043302774429
Baseline Loss : 1.066900372505188
Initial_DataCollection_AverageReturn : 9.580930709838867
Done logging...




********** Iteration 35 ************

Beginning logging procedure...

Collecting data for eval...
Eval_AverageReturn : 112.38031005859375
Eval_StdReturn : 64.72129821777344
Eval_MaxReturn : 221.27613830566406
Eval_MinReturn : 23.3821964263916
Eval_AverageEpLen : 63.0
Train_AverageReturn : 97.8910903930664
Train_StdReturn : 47.55696487426758
Train_MaxReturn : 185.34652709960938
Train_MinReturn : 7.5694899559021
Train_AverageEpLen : 59.26470588235294
Train_EnvstepsSoFar : 72832
TimeSinceStart : 29.0146222114563
Training Loss : -0.037863839417696
Baseline Loss : 1.0240728855133057
Initial_DataCollection_AverageReturn : 9.580930709838867
Done logging...




********** Iteration 36 ************

Beginning logging procedure...

Collecting data for eval...
Eval_AverageReturn : 93.63341522216797
Eval_StdReturn : 47.27461242675781
Eval_MaxReturn : 167.57875061035156
Eval_MinReturn : 14.863917350769043
Eval_AverageEpLen : 57.142857142857146
Train_AverageReturn : 109.31079864501953
Train_StdReturn : 46.647972106933594
Train_MaxReturn : 222.6678466796875
Train_MinReturn : 20.63930892944336
Train_AverageEpLen : 64.70967741935483
Train_EnvstepsSoFar : 74838
TimeSinceStart : 29.87941813468933
Training Loss : 0.0032578827813267708
Baseline Loss : 1.0601913928985596
Initial_DataCollection_AverageReturn : 9.580930709838867
Done logging...




********** Iteration 37 ************

Beginning logging procedure...

Collecting data for eval...
Eval_AverageReturn : 128.10682678222656
Eval_StdReturn : 77.22596740722656
Eval_MaxReturn : 211.84730529785156
Eval_MinReturn : 10.657668113708496
Eval_AverageEpLen : 70.0
Train_AverageReturn : 103.81689453125
Train_StdReturn : 46.918174743652344
Train_MaxReturn : 191.8406524658203
Train_MinReturn : 13.411946296691895
Train_AverageEpLen : 60.35294117647059
Train_EnvstepsSoFar : 76890
TimeSinceStart : 30.64285159111023
Training Loss : -0.007429248187690973
Baseline Loss : 1.0168437957763672
Initial_DataCollection_AverageReturn : 9.580930709838867
Done logging...




********** Iteration 38 ************

Beginning logging procedure...

Collecting data for eval...
Eval_AverageReturn : 91.69495391845703
Eval_StdReturn : 33.5771484375
Eval_MaxReturn : 140.00279235839844
Eval_MinReturn : 51.02756881713867
Eval_AverageEpLen : 63.57142857142857
Train_AverageReturn : 110.5703125
Train_StdReturn : 45.41718292236328
Train_MaxReturn : 254.46925354003906
Train_MinReturn : 24.276317596435547
Train_AverageEpLen : 65.61290322580645
Train_EnvstepsSoFar : 78924
TimeSinceStart : 31.312386989593506
Training Loss : -0.005887259263545275
Baseline Loss : 1.0419310331344604
Initial_DataCollection_AverageReturn : 9.580930709838867
Done logging...




********** Iteration 39 ************

Beginning logging procedure...

Collecting data for eval...
Eval_AverageReturn : 110.10286712646484
Eval_StdReturn : 44.34742736816406
Eval_MaxReturn : 182.40768432617188
Eval_MinReturn : 52.560752868652344
Eval_AverageEpLen : 71.83333333333333
Train_AverageReturn : 114.4294204711914
Train_StdReturn : 54.557010650634766
Train_MaxReturn : 241.85728454589844
Train_MinReturn : 13.576176643371582
Train_AverageEpLen : 67.45161290322581
Train_EnvstepsSoFar : 81015
TimeSinceStart : 32.00080871582031
Training Loss : -0.0002606348425615579
Baseline Loss : 1.0051960945129395
Initial_DataCollection_AverageReturn : 9.580930709838867
Done logging...




********** Iteration 40 ************

Beginning logging procedure...

Collecting data for eval...
Eval_AverageReturn : 121.93492889404297
Eval_StdReturn : 56.979393005371094
Eval_MaxReturn : 199.1944122314453
Eval_MinReturn : 49.8690071105957
Eval_AverageEpLen : 71.83333333333333
Train_AverageReturn : 114.12554168701172
Train_StdReturn : 40.833229064941406
Train_MaxReturn : 205.5902862548828
Train_MinReturn : 48.45857238769531
Train_AverageEpLen : 64.59375
Train_EnvstepsSoFar : 83082
TimeSinceStart : 32.783775091171265
Training Loss : 0.0350370928645134
Baseline Loss : 0.9946633577346802
Initial_DataCollection_AverageReturn : 9.580930709838867
Done logging...




********** Iteration 41 ************

Beginning logging procedure...

Collecting data for eval...
Eval_AverageReturn : 121.56957244873047
Eval_StdReturn : 42.274940490722656
Eval_MaxReturn : 185.7088623046875
Eval_MinReturn : 66.07328796386719
Eval_AverageEpLen : 70.16666666666667
Train_AverageReturn : 128.2300567626953
Train_StdReturn : 49.84752655029297
Train_MaxReturn : 242.9136962890625
Train_MinReturn : 53.001075744628906
Train_AverageEpLen : 72.42857142857143
Train_EnvstepsSoFar : 85110
TimeSinceStart : 33.47428250312805
Training Loss : -0.02047679014503956
Baseline Loss : 0.9917551279067993
Initial_DataCollection_AverageReturn : 9.580930709838867
Done logging...




********** Iteration 42 ************

Beginning logging procedure...

Collecting data for eval...
Eval_AverageReturn : 95.3021469116211
Eval_StdReturn : 40.71039962768555
Eval_MaxReturn : 162.42898559570312
Eval_MinReturn : 38.29792785644531
Eval_AverageEpLen : 65.57142857142857
Train_AverageReturn : 122.35169982910156
Train_StdReturn : 52.57346725463867
Train_MaxReturn : 224.44296264648438
Train_MinReturn : 8.96486759185791
Train_AverageEpLen : 66.83333333333333
Train_EnvstepsSoFar : 87115
TimeSinceStart : 34.133095502853394
Training Loss : -0.05603380128741264
Baseline Loss : 0.9726676344871521
Initial_DataCollection_AverageReturn : 9.580930709838867
Done logging...




********** Iteration 43 ************

Beginning logging procedure...

Collecting data for eval...
Eval_AverageReturn : 184.01112365722656
Eval_StdReturn : 38.275936126708984
Eval_MaxReturn : 228.82984924316406
Eval_MinReturn : 136.2401885986328
Eval_AverageEpLen : 100.5
Train_AverageReturn : 141.80035400390625
Train_StdReturn : 51.18056869506836
Train_MaxReturn : 265.4843444824219
Train_MinReturn : 26.032575607299805
Train_AverageEpLen : 77.73076923076923
Train_EnvstepsSoFar : 89136
TimeSinceStart : 34.97361135482788
Training Loss : 0.045330680906772614
Baseline Loss : 0.9460212588310242
Initial_DataCollection_AverageReturn : 9.580930709838867
Done logging...




********** Iteration 44 ************

Beginning logging procedure...

Collecting data for eval...
Eval_AverageReturn : 124.2163314819336
Eval_StdReturn : 40.32438659667969
Eval_MaxReturn : 204.58514404296875
Eval_MinReturn : 69.97917175292969
Eval_AverageEpLen : 69.33333333333333
Train_AverageReturn : 112.8258285522461
Train_StdReturn : 54.265045166015625
Train_MaxReturn : 217.53936767578125
Train_MinReturn : 15.528183937072754
Train_AverageEpLen : 62.303030303030305
Train_EnvstepsSoFar : 91192
TimeSinceStart : 35.74895358085632
Training Loss : -0.0043638115748763084
Baseline Loss : 0.9600788950920105
Initial_DataCollection_AverageReturn : 9.580930709838867
Done logging...




********** Iteration 45 ************

Beginning logging procedure...

Collecting data for eval...
Eval_AverageReturn : 160.8332977294922
Eval_StdReturn : 57.416996002197266
Eval_MaxReturn : 213.51846313476562
Eval_MinReturn : 54.097679138183594
Eval_AverageEpLen : 83.4
Train_AverageReturn : 153.84628295898438
Train_StdReturn : 53.93117904663086
Train_MaxReturn : 270.727294921875
Train_MinReturn : 41.61243438720703
Train_AverageEpLen : 84.95833333333333
Train_EnvstepsSoFar : 93231
TimeSinceStart : 36.48227000236511
Training Loss : 0.03209274262189865
Baseline Loss : 0.9370468258857727
Initial_DataCollection_AverageReturn : 9.580930709838867
Done logging...




********** Iteration 46 ************

Beginning logging procedure...

Collecting data for eval...
Eval_AverageReturn : 147.2532958984375
Eval_StdReturn : 48.10139846801758
Eval_MaxReturn : 201.746337890625
Eval_MinReturn : 80.32624053955078
Eval_AverageEpLen : 73.16666666666667
Train_AverageReturn : 145.93438720703125
Train_StdReturn : 56.26951599121094
Train_MaxReturn : 248.60287475585938
Train_MinReturn : 47.3736572265625
Train_AverageEpLen : 77.23076923076923
Train_EnvstepsSoFar : 95239
TimeSinceStart : 37.15620541572571
Training Loss : 0.018651727586984634
Baseline Loss : 0.9301522374153137
Initial_DataCollection_AverageReturn : 9.580930709838867
Done logging...




********** Iteration 47 ************

Beginning logging procedure...

Collecting data for eval...
Eval_AverageReturn : 128.90232849121094
Eval_StdReturn : 25.320661544799805
Eval_MaxReturn : 165.2127685546875
Eval_MinReturn : 97.03073120117188
Eval_AverageEpLen : 73.66666666666667
Train_AverageReturn : 168.91111755371094
Train_StdReturn : 46.98556137084961
Train_MaxReturn : 242.58775329589844
Train_MinReturn : 69.72179412841797
Train_AverageEpLen : 88.21739130434783
Train_EnvstepsSoFar : 97268
TimeSinceStart : 37.95707440376282
Training Loss : 0.029415108263492584
Baseline Loss : 0.878585696220398
Initial_DataCollection_AverageReturn : 9.580930709838867
Done logging...




********** Iteration 48 ************

Beginning logging procedure...

Collecting data for eval...
Eval_AverageReturn : 174.5369415283203
Eval_StdReturn : 42.63441848754883
Eval_MaxReturn : 223.3468017578125
Eval_MinReturn : 111.39468383789062
Eval_AverageEpLen : 83.8
Train_AverageReturn : 151.3155517578125
Train_StdReturn : 59.299896240234375
Train_MaxReturn : 261.70391845703125
Train_MinReturn : 24.771900177001953
Train_AverageEpLen : 77.46153846153847
Train_EnvstepsSoFar : 99282
TimeSinceStart : 38.805882692337036
Training Loss : -0.018931297585368156
Baseline Loss : 0.8892664909362793
Initial_DataCollection_AverageReturn : 9.580930709838867
Done logging...




********** Iteration 49 ************

Beginning logging procedure...

Collecting data for eval...
Eval_AverageReturn : 187.73593139648438
Eval_StdReturn : 26.7750301361084
Eval_MaxReturn : 214.4813690185547
Eval_MinReturn : 142.07823181152344
Eval_AverageEpLen : 97.8
Train_AverageReturn : 145.23049926757812
Train_StdReturn : 61.20244598388672
Train_MaxReturn : 251.01168823242188
Train_MinReturn : 18.592287063598633
Train_AverageEpLen : 76.03703703703704
Train_EnvstepsSoFar : 101335
TimeSinceStart : 39.55628299713135
Training Loss : -0.038196906447410583
Baseline Loss : 0.8837166428565979
Initial_DataCollection_AverageReturn : 9.580930709838867
Done logging...




********** Iteration 50 ************

Beginning logging procedure...

Collecting data for eval...
Eval_AverageReturn : 135.74803161621094
Eval_StdReturn : 64.92918395996094
Eval_MaxReturn : 209.74888610839844
Eval_MinReturn : 52.01847457885742
Eval_AverageEpLen : 72.16666666666667
Train_AverageReturn : 153.0139617919922
Train_StdReturn : 49.82600021362305
Train_MaxReturn : 225.97596740722656
Train_MinReturn : 15.904590606689453
Train_AverageEpLen : 77.88888888888889
Train_EnvstepsSoFar : 103438
TimeSinceStart : 40.347190856933594
Training Loss : -0.04289541766047478
Baseline Loss : 0.8634046316146851
Initial_DataCollection_AverageReturn : 9.580930709838867
Done logging...




********** Iteration 51 ************

Beginning logging procedure...

Collecting data for eval...
Eval_AverageReturn : 168.2377166748047
Eval_StdReturn : 41.74931716918945
Eval_MaxReturn : 232.27182006835938
Eval_MinReturn : 112.845458984375
Eval_AverageEpLen : 85.0
Train_AverageReturn : 156.55923461914062
Train_StdReturn : 72.93841552734375
Train_MaxReturn : 253.14662170410156
Train_MinReturn : 15.481203079223633
Train_AverageEpLen : 79.03846153846153
Train_EnvstepsSoFar : 105493
TimeSinceStart : 41.13923096656799
Training Loss : -0.014757747761905193
Baseline Loss : 0.8463682532310486
Initial_DataCollection_AverageReturn : 9.580930709838867
Done logging...




********** Iteration 52 ************

Beginning logging procedure...

Collecting data for eval...
Eval_AverageReturn : 159.13656616210938
Eval_StdReturn : 60.90679168701172
Eval_MaxReturn : 239.58294677734375
Eval_MinReturn : 91.6087875366211
Eval_AverageEpLen : 84.0
Train_AverageReturn : 179.62965393066406
Train_StdReturn : 68.4539794921875
Train_MaxReturn : 325.1649169921875
Train_MinReturn : 11.891542434692383
Train_AverageEpLen : 93.81818181818181
Train_EnvstepsSoFar : 107557
TimeSinceStart : 41.84645128250122
Training Loss : -0.02539544366300106
Baseline Loss : 0.8218950629234314
Initial_DataCollection_AverageReturn : 9.580930709838867
Done logging...




********** Iteration 53 ************

Beginning logging procedure...

Collecting data for eval...
Eval_AverageReturn : 144.8513946533203
Eval_StdReturn : 68.29167938232422
Eval_MaxReturn : 209.55239868164062
Eval_MinReturn : 44.72648620605469
Eval_AverageEpLen : 72.66666666666667
Train_AverageReturn : 161.1457061767578
Train_StdReturn : 58.685997009277344
Train_MaxReturn : 241.58013916015625
Train_MinReturn : 46.12204360961914
Train_AverageEpLen : 83.91666666666667
Train_EnvstepsSoFar : 109571
TimeSinceStart : 42.57906174659729
Training Loss : -0.0070016891695559025
Baseline Loss : 0.8459140062332153
Initial_DataCollection_AverageReturn : 9.580930709838867
Done logging...




********** Iteration 54 ************

Beginning logging procedure...

Collecting data for eval...
Eval_AverageReturn : 207.58340454101562
Eval_StdReturn : 26.321447372436523
Eval_MaxReturn : 234.52145385742188
Eval_MinReturn : 160.1052703857422
Eval_AverageEpLen : 98.0
Train_AverageReturn : 172.9769287109375
Train_StdReturn : 62.9146728515625
Train_MaxReturn : 253.847900390625
Train_MinReturn : 30.99873924255371
Train_AverageEpLen : 87.91304347826087
Train_EnvstepsSoFar : 111593
TimeSinceStart : 43.36079239845276
Training Loss : -0.002299356972798705
Baseline Loss : 0.8318045735359192
Initial_DataCollection_AverageReturn : 9.580930709838867
Done logging...




********** Iteration 55 ************

Beginning logging procedure...

Collecting data for eval...
Eval_AverageReturn : 186.8101806640625
Eval_StdReturn : 79.79708099365234
Eval_MaxReturn : 303.7437744140625
Eval_MinReturn : 82.01499938964844
Eval_AverageEpLen : 90.66666666666667
Train_AverageReturn : 171.81744384765625
Train_StdReturn : 67.85110473632812
Train_MaxReturn : 240.37680053710938
Train_MinReturn : 22.55560874938965
Train_AverageEpLen : 83.625
Train_EnvstepsSoFar : 113600
TimeSinceStart : 44.177149295806885
Training Loss : -0.045230988413095474
Baseline Loss : 0.8225658535957336
Initial_DataCollection_AverageReturn : 9.580930709838867
Done logging...




********** Iteration 56 ************

Beginning logging procedure...

Collecting data for eval...
Eval_AverageReturn : 135.55032348632812
Eval_StdReturn : 52.951210021972656
Eval_MaxReturn : 186.34979248046875
Eval_MinReturn : 41.527034759521484
Eval_AverageEpLen : 68.0
Train_AverageReturn : 179.05943298339844
Train_StdReturn : 63.560691833496094
Train_MaxReturn : 241.74339294433594
Train_MinReturn : 24.674121856689453
Train_AverageEpLen : 84.5
Train_EnvstepsSoFar : 115628
TimeSinceStart : 44.985657691955566
Training Loss : 0.009462572634220123
Baseline Loss : 0.7635520696640015
Initial_DataCollection_AverageReturn : 9.580930709838867
Done logging...




********** Iteration 57 ************

Beginning logging procedure...

Collecting data for eval...
Eval_AverageReturn : 194.20236206054688
Eval_StdReturn : 43.92200469970703
Eval_MaxReturn : 227.39024353027344
Eval_MinReturn : 107.44091796875
Eval_AverageEpLen : 91.0
Train_AverageReturn : 173.34902954101562
Train_StdReturn : 61.15211486816406
Train_MaxReturn : 276.2197570800781
Train_MinReturn : 31.46551513671875
Train_AverageEpLen : 88.34782608695652
Train_EnvstepsSoFar : 117660
TimeSinceStart : 45.7898805141449
Training Loss : -0.03688335791230202
Baseline Loss : 0.8237915635108948
Initial_DataCollection_AverageReturn : 9.580930709838867
Done logging...




********** Iteration 58 ************

Beginning logging procedure...

Collecting data for eval...
Eval_AverageReturn : 230.31101989746094
Eval_StdReturn : 22.693286895751953
Eval_MaxReturn : 267.11077880859375
Eval_MinReturn : 205.05856323242188
Eval_AverageEpLen : 113.0
Train_AverageReturn : 192.04234313964844
Train_StdReturn : 41.02393341064453
Train_MaxReturn : 240.13218688964844
Train_MinReturn : 86.35400390625
Train_AverageEpLen : 94.36363636363636
Train_EnvstepsSoFar : 119736
TimeSinceStart : 46.58601212501526
Training Loss : -0.030485481023788452
Baseline Loss : 0.6893696784973145
Initial_DataCollection_AverageReturn : 9.580930709838867
Done logging...




********** Iteration 59 ************

Beginning logging procedure...

Collecting data for eval...
Eval_AverageReturn : 156.15322875976562
Eval_StdReturn : 59.787078857421875
Eval_MaxReturn : 253.17013549804688
Eval_MinReturn : 77.1705322265625
Eval_AverageEpLen : 82.8
Train_AverageReturn : 169.88201904296875
Train_StdReturn : 66.8420639038086
Train_MaxReturn : 247.24105834960938
Train_MinReturn : 35.42628479003906
Train_AverageEpLen : 82.44
Train_EnvstepsSoFar : 121797
TimeSinceStart : 47.335541009902954
Training Loss : -0.038093432784080505
Baseline Loss : 0.7958919405937195
Initial_DataCollection_AverageReturn : 9.580930709838867
Done logging...




********** Iteration 60 ************

Beginning logging procedure...

Collecting data for eval...
Eval_AverageReturn : 170.82821655273438
Eval_StdReturn : 57.793479919433594
Eval_MaxReturn : 223.05389404296875
Eval_MinReturn : 61.69032287597656
Eval_AverageEpLen : 82.4
Train_AverageReturn : 173.9519805908203
Train_StdReturn : 61.498756408691406
Train_MaxReturn : 232.71975708007812
Train_MinReturn : 11.652310371398926
Train_AverageEpLen : 85.29166666666667
Train_EnvstepsSoFar : 123844
TimeSinceStart : 48.04059076309204
Training Loss : -0.03891247138381004
Baseline Loss : 0.7481042146682739
Initial_DataCollection_AverageReturn : 9.580930709838867
Done logging...




********** Iteration 61 ************

Beginning logging procedure...

Collecting data for eval...
Eval_AverageReturn : 213.28268432617188
Eval_StdReturn : 2.511403799057007
Eval_MaxReturn : 217.87841796875
Eval_MinReturn : 210.17384338378906
Eval_AverageEpLen : 99.2
Train_AverageReturn : 169.7102508544922
Train_StdReturn : 70.97615814208984
Train_MaxReturn : 271.92327880859375
Train_MinReturn : 15.646556854248047
Train_AverageEpLen : 86.25
Train_EnvstepsSoFar : 125914
TimeSinceStart : 48.80185651779175
Training Loss : -0.039425868541002274
Baseline Loss : 0.7607387900352478
Initial_DataCollection_AverageReturn : 9.580930709838867
Done logging...




********** Iteration 62 ************

Beginning logging procedure...

Collecting data for eval...
Eval_AverageReturn : 169.01931762695312
Eval_StdReturn : 69.28518676757812
Eval_MaxReturn : 226.81036376953125
Eval_MinReturn : 40.8198356628418
Eval_AverageEpLen : 83.2
Train_AverageReturn : 192.19606018066406
Train_StdReturn : 54.65279769897461
Train_MaxReturn : 261.42022705078125
Train_MinReturn : 13.816656112670898
Train_AverageEpLen : 92.22727272727273
Train_EnvstepsSoFar : 127943
TimeSinceStart : 49.522035121917725
Training Loss : 0.053209088742733
Baseline Loss : 0.7033283710479736
Initial_DataCollection_AverageReturn : 9.580930709838867
Done logging...




********** Iteration 63 ************

Beginning logging procedure...

Collecting data for eval...
Eval_AverageReturn : 174.420166015625
Eval_StdReturn : 44.55057144165039
Eval_MaxReturn : 212.30599975585938
Eval_MinReturn : 89.72955322265625
Eval_AverageEpLen : 86.2
Train_AverageReturn : 186.8936004638672
Train_StdReturn : 46.21276092529297
Train_MaxReturn : 229.07684326171875
Train_MinReturn : 44.893550872802734
Train_AverageEpLen : 88.69565217391305
Train_EnvstepsSoFar : 129983
TimeSinceStart : 50.27925086021423
Training Loss : -0.0474327951669693
Baseline Loss : 0.6169052720069885
Initial_DataCollection_AverageReturn : 9.580930709838867
Done logging...




********** Iteration 64 ************

Beginning logging procedure...

Collecting data for eval...
Eval_AverageReturn : 173.79061889648438
Eval_StdReturn : 63.488746643066406
Eval_MaxReturn : 219.11424255371094
Eval_MinReturn : 48.8136100769043
Eval_AverageEpLen : 81.4
Train_AverageReturn : 159.43142700195312
Train_StdReturn : 65.12411499023438
Train_MaxReturn : 266.2355651855469
Train_MinReturn : 35.659584045410156
Train_AverageEpLen : 81.3076923076923
Train_EnvstepsSoFar : 132097
TimeSinceStart : 51.1274995803833
Training Loss : -0.10573238134384155
Baseline Loss : 0.8126148581504822
Initial_DataCollection_AverageReturn : 9.580930709838867
Done logging...




********** Iteration 65 ************

Beginning logging procedure...

Collecting data for eval...
Eval_AverageReturn : 189.98348999023438
Eval_StdReturn : 45.87333679199219
Eval_MaxReturn : 231.56333923339844
Eval_MinReturn : 100.5885238647461
Eval_AverageEpLen : 94.8
Train_AverageReturn : 177.18055725097656
Train_StdReturn : 56.58177185058594
Train_MaxReturn : 239.34312438964844
Train_MinReturn : 9.455056190490723
Train_AverageEpLen : 84.91666666666667
Train_EnvstepsSoFar : 134135
TimeSinceStart : 51.88857913017273
Training Loss : -0.05624355003237724
Baseline Loss : 0.6747314929962158
Initial_DataCollection_AverageReturn : 9.580930709838867
Done logging...




********** Iteration 66 ************

Beginning logging procedure...

Collecting data for eval...
Eval_AverageReturn : 224.68052673339844
Eval_StdReturn : 42.94559097290039
Eval_MaxReturn : 267.5834045410156
Eval_MinReturn : 161.01168823242188
Eval_AverageEpLen : 112.75
Train_AverageReturn : 175.72515869140625
Train_StdReturn : 81.56035614013672
Train_MaxReturn : 304.7018127441406
Train_MinReturn : 22.828454971313477
Train_AverageEpLen : 89.78260869565217
Train_EnvstepsSoFar : 136200
TimeSinceStart : 52.73984980583191
Training Loss : -0.004630518611520529
Baseline Loss : 0.768212616443634
Initial_DataCollection_AverageReturn : 9.580930709838867
Done logging...




********** Iteration 67 ************

Beginning logging procedure...

Collecting data for eval...
Eval_AverageReturn : 200.1007843017578
Eval_StdReturn : 30.5318603515625
Eval_MaxReturn : 224.96763610839844
Eval_MinReturn : 142.04209899902344
Eval_AverageEpLen : 93.6
Train_AverageReturn : 196.75311279296875
Train_StdReturn : 31.45022201538086
Train_MaxReturn : 234.97125244140625
Train_MinReturn : 98.8324966430664
Train_AverageEpLen : 93.22727272727273
Train_EnvstepsSoFar : 138251
TimeSinceStart : 53.53392481803894
Training Loss : 0.005100016016513109
Baseline Loss : 0.5183424353599548
Initial_DataCollection_AverageReturn : 9.580930709838867
Done logging...




********** Iteration 68 ************

Beginning logging procedure...

Collecting data for eval...
Eval_AverageReturn : 220.42282104492188
Eval_StdReturn : 7.239576816558838
Eval_MaxReturn : 228.5106201171875
Eval_MinReturn : 209.95358276367188
Eval_AverageEpLen : 101.0
Train_AverageReturn : 193.129150390625
Train_StdReturn : 57.002525329589844
Train_MaxReturn : 262.1688232421875
Train_MinReturn : 25.16663932800293
Train_AverageEpLen : 93.5909090909091
Train_EnvstepsSoFar : 140310
TimeSinceStart : 54.26778721809387
Training Loss : 0.0006184220546856523
Baseline Loss : 0.5957692265510559
Initial_DataCollection_AverageReturn : 9.580930709838867
Done logging...




********** Iteration 69 ************

Beginning logging procedure...

Collecting data for eval...
Eval_AverageReturn : 165.6826629638672
Eval_StdReturn : 54.50941848754883
Eval_MaxReturn : 231.1949462890625
Eval_MinReturn : 76.25186157226562
Eval_AverageEpLen : 82.8
Train_AverageReturn : 184.9446258544922
Train_StdReturn : 50.340328216552734
Train_MaxReturn : 253.27223205566406
Train_MinReturn : 66.04835510253906
Train_AverageEpLen : 88.43478260869566
Train_EnvstepsSoFar : 142344
TimeSinceStart : 55.03361892700195
Training Loss : -0.006830516271293163
Baseline Loss : 0.6236566305160522
Initial_DataCollection_AverageReturn : 9.580930709838867
Done logging...




********** Iteration 70 ************

Beginning logging procedure...

Collecting data for eval...
Eval_AverageReturn : 208.45889282226562
Eval_StdReturn : 6.0547285079956055
Eval_MaxReturn : 217.34854125976562
Eval_MinReturn : 199.9295196533203
Eval_AverageEpLen : 96.2
Train_AverageReturn : 192.67042541503906
Train_StdReturn : 56.964290618896484
Train_MaxReturn : 292.97235107421875
Train_MinReturn : 16.948156356811523
Train_AverageEpLen : 95.61904761904762
Train_EnvstepsSoFar : 144352
TimeSinceStart : 55.86982035636902
Training Loss : -0.02282780595123768
Baseline Loss : 0.6066938042640686
Initial_DataCollection_AverageReturn : 9.580930709838867
Done logging...




********** Iteration 71 ************

Beginning logging procedure...

Collecting data for eval...
Eval_AverageReturn : 192.49728393554688
Eval_StdReturn : 54.96575927734375
Eval_MaxReturn : 253.75433349609375
Eval_MinReturn : 88.97200775146484
Eval_AverageEpLen : 93.4
Train_AverageReturn : 193.52273559570312
Train_StdReturn : 49.6563720703125
Train_MaxReturn : 276.45440673828125
Train_MinReturn : 76.52098083496094
Train_AverageEpLen : 95.42857142857143
Train_EnvstepsSoFar : 146356
TimeSinceStart : 56.78256797790527
Training Loss : -0.0013561515370383859
Baseline Loss : 0.5867500901222229
Initial_DataCollection_AverageReturn : 9.580930709838867
Done logging...




********** Iteration 72 ************

Beginning logging procedure...

Collecting data for eval...
Eval_AverageReturn : 221.00582885742188
Eval_StdReturn : 10.306796073913574
Eval_MaxReturn : 235.94842529296875
Eval_MinReturn : 207.423583984375
Eval_AverageEpLen : 101.25
Train_AverageReturn : 184.51820373535156
Train_StdReturn : 59.21825408935547
Train_MaxReturn : 265.8200988769531
Train_MinReturn : 40.88316345214844
Train_AverageEpLen : 92.63636363636364
Train_EnvstepsSoFar : 148394
TimeSinceStart : 57.60603928565979
Training Loss : 0.0181448794901371
Baseline Loss : 0.6973366737365723
Initial_DataCollection_AverageReturn : 9.580930709838867
Done logging...




********** Iteration 73 ************

Beginning logging procedure...

Collecting data for eval...
Eval_AverageReturn : 196.7882843017578
Eval_StdReturn : 25.195632934570312
Eval_MaxReturn : 217.42767333984375
Eval_MinReturn : 149.79898071289062
Eval_AverageEpLen : 93.8
Train_AverageReturn : 200.6749267578125
Train_StdReturn : 35.28166961669922
Train_MaxReturn : 258.9395751953125
Train_MinReturn : 90.5043716430664
Train_AverageEpLen : 95.57142857142857
Train_EnvstepsSoFar : 150401
TimeSinceStart : 58.504080057144165
Training Loss : -0.03574955463409424
Baseline Loss : 0.5247244834899902
Initial_DataCollection_AverageReturn : 9.580930709838867
Done logging...




********** Iteration 74 ************

Beginning logging procedure...

Collecting data for eval...
Eval_AverageReturn : 214.2919921875
Eval_StdReturn : 20.04353141784668
Eval_MaxReturn : 237.94607543945312
Eval_MinReturn : 182.4745635986328
Eval_AverageEpLen : 100.5
Train_AverageReturn : 211.25686645507812
Train_StdReturn : 30.595233917236328
Train_MaxReturn : 265.8185119628906
Train_MinReturn : 111.03498840332031
Train_AverageEpLen : 100.2
Train_EnvstepsSoFar : 152405
TimeSinceStart : 59.320096015930176
Training Loss : 0.017444267868995667
Baseline Loss : 0.4172007441520691
Initial_DataCollection_AverageReturn : 9.580930709838867
Done logging...




********** Iteration 75 ************

Beginning logging procedure...

Collecting data for eval...
Eval_AverageReturn : 209.6708221435547
Eval_StdReturn : 28.247087478637695
Eval_MaxReturn : 235.49964904785156
Eval_MinReturn : 155.4225311279297
Eval_AverageEpLen : 97.6
Train_AverageReturn : 210.0120086669922
Train_StdReturn : 27.041183471679688
Train_MaxReturn : 267.35595703125
Train_MinReturn : 134.49879455566406
Train_AverageEpLen : 102.4
Train_EnvstepsSoFar : 154453
TimeSinceStart : 60.25071573257446
Training Loss : 0.016640182584524155
Baseline Loss : 0.4599630832672119
Initial_DataCollection_AverageReturn : 9.580930709838867
Done logging...




********** Iteration 76 ************

Beginning logging procedure...

Collecting data for eval...
Eval_AverageReturn : 210.9458770751953
Eval_StdReturn : 18.439064025878906
Eval_MaxReturn : 232.42538452148438
Eval_MinReturn : 185.40476989746094
Eval_AverageEpLen : 95.8
Train_AverageReturn : 182.98306274414062
Train_StdReturn : 52.773536682128906
Train_MaxReturn : 250.01841735839844
Train_MinReturn : 17.255250930786133
Train_AverageEpLen : 88.08695652173913
Train_EnvstepsSoFar : 156479
TimeSinceStart : 61.17515540122986
Training Loss : -0.034041717648506165
Baseline Loss : 0.5546614527702332
Initial_DataCollection_AverageReturn : 9.580930709838867
Done logging...




********** Iteration 77 ************

Beginning logging procedure...

Collecting data for eval...
Eval_AverageReturn : 209.2882537841797
Eval_StdReturn : 11.217768669128418
Eval_MaxReturn : 231.04611206054688
Eval_MinReturn : 199.35052490234375
Eval_AverageEpLen : 96.4
Train_AverageReturn : 201.87588500976562
Train_StdReturn : 44.91859817504883
Train_MaxReturn : 253.43841552734375
Train_MinReturn : 81.38966369628906
Train_AverageEpLen : 96.23809523809524
Train_EnvstepsSoFar : 158500
TimeSinceStart : 62.039633989334106
Training Loss : -0.0320027619600296
Baseline Loss : 0.5070191621780396
Initial_DataCollection_AverageReturn : 9.580930709838867
Done logging...




********** Iteration 78 ************

Beginning logging procedure...

Collecting data for eval...
Eval_AverageReturn : 238.61529541015625
Eval_StdReturn : 30.082386016845703
Eval_MaxReturn : 288.89581298828125
Eval_MinReturn : 208.97300720214844
Eval_AverageEpLen : 115.25
Train_AverageReturn : 206.5281524658203
Train_StdReturn : 34.53526306152344
Train_MaxReturn : 266.35064697265625
Train_MinReturn : 110.58358001708984
Train_AverageEpLen : 97.76190476190476
Train_EnvstepsSoFar : 160553
TimeSinceStart : 62.87657809257507
Training Loss : -0.01961354911327362
Baseline Loss : 0.40856844186782837
Initial_DataCollection_AverageReturn : 9.580930709838867
Done logging...




********** Iteration 79 ************

Beginning logging procedure...

Collecting data for eval...
Eval_AverageReturn : 209.26510620117188
Eval_StdReturn : 21.97519302368164
Eval_MaxReturn : 239.61354064941406
Eval_MinReturn : 174.9158172607422
Eval_AverageEpLen : 97.8
Train_AverageReturn : 198.1487274169922
Train_StdReturn : 39.90452194213867
Train_MaxReturn : 246.02407836914062
Train_MinReturn : 87.78843688964844
Train_AverageEpLen : 95.31818181818181
Train_EnvstepsSoFar : 162650
TimeSinceStart : 63.71636486053467
Training Loss : -0.03248918056488037
Baseline Loss : 0.45384588837623596
Initial_DataCollection_AverageReturn : 9.580930709838867
Done logging...




********** Iteration 80 ************

Beginning logging procedure...

Collecting data for eval...
Eval_AverageReturn : 223.17013549804688
Eval_StdReturn : 7.796236038208008
Eval_MaxReturn : 232.12416076660156
Eval_MinReturn : 214.89910888671875
Eval_AverageEpLen : 100.25
Train_AverageReturn : 202.70144653320312
Train_StdReturn : 41.2837028503418
Train_MaxReturn : 254.3544921875
Train_MinReturn : 90.71614074707031
Train_AverageEpLen : 97.95238095238095
Train_EnvstepsSoFar : 164707
TimeSinceStart : 64.61434841156006
Training Loss : 0.022384149953722954
Baseline Loss : 0.457621693611145
Initial_DataCollection_AverageReturn : 9.580930709838867
Done logging...




********** Iteration 81 ************

Beginning logging procedure...

Collecting data for eval...
Eval_AverageReturn : 207.9895477294922
Eval_StdReturn : 34.999088287353516
Eval_MaxReturn : 252.67916870117188
Eval_MinReturn : 145.275634765625
Eval_AverageEpLen : 101.0
Train_AverageReturn : 207.8890838623047
Train_StdReturn : 35.89741516113281
Train_MaxReturn : 262.0306396484375
Train_MinReturn : 95.0633316040039
Train_AverageEpLen : 98.57142857142857
Train_EnvstepsSoFar : 166777
TimeSinceStart : 65.52959680557251
Training Loss : -0.008646470494568348
Baseline Loss : 0.3556385934352875
Initial_DataCollection_AverageReturn : 9.580930709838867
Done logging...




********** Iteration 82 ************

Beginning logging procedure...

Collecting data for eval...
Eval_AverageReturn : 227.90065002441406
Eval_StdReturn : 13.82888412475586
Eval_MaxReturn : 251.0946044921875
Eval_MinReturn : 214.9523468017578
Eval_AverageEpLen : 106.0
Train_AverageReturn : 198.01644897460938
Train_StdReturn : 47.14873123168945
Train_MaxReturn : 240.14599609375
Train_MinReturn : 59.32737731933594
Train_AverageEpLen : 91.5
Train_EnvstepsSoFar : 168790
TimeSinceStart : 66.42857837677002
Training Loss : -0.009503940120339394
Baseline Loss : 0.42860323190689087
Initial_DataCollection_AverageReturn : 9.580930709838867
Done logging...




********** Iteration 83 ************

Beginning logging procedure...

Collecting data for eval...
Eval_AverageReturn : 226.3534393310547
Eval_StdReturn : 12.63696575164795
Eval_MaxReturn : 242.87896728515625
Eval_MinReturn : 209.0858154296875
Eval_AverageEpLen : 108.5
Train_AverageReturn : 207.23190307617188
Train_StdReturn : 37.29585266113281
Train_MaxReturn : 255.20687866210938
Train_MinReturn : 95.25641632080078
Train_AverageEpLen : 97.38095238095238
Train_EnvstepsSoFar : 170835
TimeSinceStart : 67.25512886047363
Training Loss : 0.014883505180478096
Baseline Loss : 0.3778321444988251
Initial_DataCollection_AverageReturn : 9.580930709838867
Done logging...




********** Iteration 84 ************

Beginning logging procedure...

Collecting data for eval...
Eval_AverageReturn : 234.77206420898438
Eval_StdReturn : 12.894421577453613
Eval_MaxReturn : 249.31655883789062
Eval_MinReturn : 221.45101928710938
Eval_AverageEpLen : 112.5
Train_AverageReturn : 206.62789916992188
Train_StdReturn : 36.05486297607422
Train_MaxReturn : 258.067626953125
Train_MinReturn : 100.7420883178711
Train_AverageEpLen : 99.95238095238095
Train_EnvstepsSoFar : 172934
TimeSinceStart : 68.142733335495
Training Loss : -0.005509740673005581
Baseline Loss : 0.4023717939853668
Initial_DataCollection_AverageReturn : 9.580930709838867
Done logging...




********** Iteration 85 ************

Beginning logging procedure...

Collecting data for eval...
Eval_AverageReturn : 209.46160888671875
Eval_StdReturn : 29.312671661376953
Eval_MaxReturn : 235.99163818359375
Eval_MinReturn : 160.59027099609375
Eval_AverageEpLen : 102.25
Train_AverageReturn : 216.24258422851562
Train_StdReturn : 18.80487823486328
Train_MaxReturn : 247.16220092773438
Train_MinReturn : 164.1305694580078
Train_AverageEpLen : 100.5
Train_EnvstepsSoFar : 174944
TimeSinceStart : 68.89313387870789
Training Loss : -0.06287240982055664
Baseline Loss : 0.25438934564590454
Initial_DataCollection_AverageReturn : 9.580930709838867
Done logging...




********** Iteration 86 ************

Beginning logging procedure...

Collecting data for eval...
Eval_AverageReturn : 217.71826171875
Eval_StdReturn : 6.99945592880249
Eval_MaxReturn : 226.6709747314453
Eval_MinReturn : 209.76882934570312
Eval_AverageEpLen : 100.25
Train_AverageReturn : 217.90835571289062
Train_StdReturn : 19.89654541015625
Train_MaxReturn : 259.9916076660156
Train_MinReturn : 161.8114776611328
Train_AverageEpLen : 103.1
Train_EnvstepsSoFar : 177006
TimeSinceStart : 69.60863137245178
Training Loss : -0.07642862200737
Baseline Loss : 0.26683691143989563
Initial_DataCollection_AverageReturn : 9.580930709838867
Done logging...




********** Iteration 87 ************

Beginning logging procedure...

Collecting data for eval...
Eval_AverageReturn : 232.84194946289062
Eval_StdReturn : 13.975878715515137
Eval_MaxReturn : 250.58181762695312
Eval_MinReturn : 213.51589965820312
Eval_AverageEpLen : 113.0
Train_AverageReturn : 230.2558135986328
Train_StdReturn : 16.19740867614746
Train_MaxReturn : 266.9823913574219
Train_MinReturn : 202.53912353515625
Train_AverageEpLen : 107.84210526315789
Train_EnvstepsSoFar : 179055
TimeSinceStart : 70.45105743408203
Training Loss : -0.0013179550878703594
Baseline Loss : 0.23333735764026642
Initial_DataCollection_AverageReturn : 9.580930709838867
Done logging...




********** Iteration 88 ************

Beginning logging procedure...

Collecting data for eval...
Eval_AverageReturn : 191.17422485351562
Eval_StdReturn : 57.57402801513672
Eval_MaxReturn : 274.23760986328125
Eval_MinReturn : 99.9146499633789
Eval_AverageEpLen : 95.6
Train_AverageReturn : 213.5672149658203
Train_StdReturn : 42.17317581176758
Train_MaxReturn : 251.31997680664062
Train_MinReturn : 44.199073791503906
Train_AverageEpLen : 101.5
Train_EnvstepsSoFar : 181085
TimeSinceStart : 71.35754704475403
Training Loss : 0.05538073182106018
Baseline Loss : 0.3458296060562134
Initial_DataCollection_AverageReturn : 9.580930709838867
Done logging...




********** Iteration 89 ************

Beginning logging procedure...

Collecting data for eval...
Eval_AverageReturn : 213.2498779296875
Eval_StdReturn : 25.0681209564209
Eval_MaxReturn : 239.74606323242188
Eval_MinReturn : 173.256591796875
Eval_AverageEpLen : 102.75
Train_AverageReturn : 215.4183349609375
Train_StdReturn : 36.06880187988281
Train_MaxReturn : 282.4337463378906
Train_MinReturn : 112.661865234375
Train_AverageEpLen : 102.57142857142857
Train_EnvstepsSoFar : 183239
TimeSinceStart : 72.18866991996765
Training Loss : -0.009561409242451191
Baseline Loss : 0.34021779894828796
Initial_DataCollection_AverageReturn : 9.580930709838867
Done logging...




********** Iteration 90 ************

Beginning logging procedure...

Collecting data for eval...
Eval_AverageReturn : 234.94674682617188
Eval_StdReturn : 26.27920913696289
Eval_MaxReturn : 275.65625
Eval_MinReturn : 202.34262084960938
Eval_AverageEpLen : 120.5
Train_AverageReturn : 207.2451171875
Train_StdReturn : 48.49362564086914
Train_MaxReturn : 273.9859924316406
Train_MinReturn : 82.98580932617188
Train_AverageEpLen : 101.1
Train_EnvstepsSoFar : 185261
TimeSinceStart : 73.05660963058472
Training Loss : 0.004908240865916014
Baseline Loss : 0.3525508642196655
Initial_DataCollection_AverageReturn : 9.580930709838867
Done logging...




********** Iteration 91 ************

Beginning logging procedure...

Collecting data for eval...
Eval_AverageReturn : 192.94810485839844
Eval_StdReturn : 67.71711730957031
Eval_MaxReturn : 240.73348999023438
Eval_MinReturn : 76.56262969970703
Eval_AverageEpLen : 100.25
Train_AverageReturn : 233.5541229248047
Train_StdReturn : 20.206743240356445
Train_MaxReturn : 259.4841003417969
Train_MinReturn : 197.79505920410156
Train_AverageEpLen : 113.05555555555556
Train_EnvstepsSoFar : 187296
TimeSinceStart : 73.9754102230072
Training Loss : 0.012791831977665424
Baseline Loss : 0.20583876967430115
Initial_DataCollection_AverageReturn : 9.580930709838867
Done logging...




********** Iteration 92 ************

Beginning logging procedure...

Collecting data for eval...
Eval_AverageReturn : 161.53480529785156
Eval_StdReturn : 82.84355163574219
Eval_MaxReturn : 258.3756408691406
Eval_MinReturn : 30.887624740600586
Eval_AverageEpLen : 81.16666666666667
Train_AverageReturn : 196.11993408203125
Train_StdReturn : 61.46529769897461
Train_MaxReturn : 288.09771728515625
Train_MinReturn : 42.779388427734375
Train_AverageEpLen : 100.38095238095238
Train_EnvstepsSoFar : 189404
TimeSinceStart : 74.96531915664673
Training Loss : 0.028224917128682137
Baseline Loss : 0.8354950547218323
Initial_DataCollection_AverageReturn : 9.580930709838867
Done logging...




********** Iteration 93 ************

Beginning logging procedure...

Collecting data for eval...
Eval_AverageReturn : 226.35089111328125
Eval_StdReturn : 23.163034439086914
Eval_MaxReturn : 265.1197509765625
Eval_MinReturn : 208.48953247070312
Eval_AverageEpLen : 118.5
Train_AverageReturn : 208.1487579345703
Train_StdReturn : 49.06428909301758
Train_MaxReturn : 292.5451354980469
Train_MinReturn : 61.032535552978516
Train_AverageEpLen : 104.85
Train_EnvstepsSoFar : 191501
TimeSinceStart : 75.884592294693
Training Loss : -0.06268319487571716
Baseline Loss : 0.5089864730834961
Initial_DataCollection_AverageReturn : 9.580930709838867
Done logging...




********** Iteration 94 ************

Beginning logging procedure...

Collecting data for eval...
Eval_AverageReturn : 212.19241333007812
Eval_StdReturn : 37.76932144165039
Eval_MaxReturn : 248.58946228027344
Eval_MinReturn : 149.73419189453125
Eval_AverageEpLen : 104.5
Train_AverageReturn : 219.68955993652344
Train_StdReturn : 37.37310028076172
Train_MaxReturn : 286.55841064453125
Train_MinReturn : 83.50029754638672
Train_AverageEpLen : 107.3157894736842
Train_EnvstepsSoFar : 193540
TimeSinceStart : 76.73839092254639
Training Loss : -0.002443992765620351
Baseline Loss : 0.4152352511882782
Initial_DataCollection_AverageReturn : 9.580930709838867
Done logging...




********** Iteration 95 ************

Beginning logging procedure...

Collecting data for eval...
Eval_AverageReturn : 223.03085327148438
Eval_StdReturn : 8.393258094787598
Eval_MaxReturn : 233.26622009277344
Eval_MinReturn : 210.86175537109375
Eval_AverageEpLen : 100.5
Train_AverageReturn : 222.2189483642578
Train_StdReturn : 31.220500946044922
Train_MaxReturn : 323.65155029296875
Train_MinReturn : 159.31753540039062
Train_AverageEpLen : 107.6842105263158
Train_EnvstepsSoFar : 195586
TimeSinceStart : 77.58547639846802
Training Loss : -0.03783028945326805
Baseline Loss : 0.2510392665863037
Initial_DataCollection_AverageReturn : 9.580930709838867
Done logging...




********** Iteration 96 ************

Beginning logging procedure...

Collecting data for eval...
Eval_AverageReturn : 223.8240203857422
Eval_StdReturn : 9.261577606201172
Eval_MaxReturn : 237.86595153808594
Eval_MinReturn : 214.21270751953125
Eval_AverageEpLen : 104.25
Train_AverageReturn : 226.63938903808594
Train_StdReturn : 27.242727279663086
Train_MaxReturn : 321.11187744140625
Train_MinReturn : 202.33926391601562
Train_AverageEpLen : 108.78947368421052
Train_EnvstepsSoFar : 197653
TimeSinceStart : 78.38472485542297
Training Loss : 0.01034617330878973
Baseline Loss : 0.16281992197036743
Initial_DataCollection_AverageReturn : 9.580930709838867
Done logging...




********** Iteration 97 ************

Beginning logging procedure...

Collecting data for eval...
Eval_AverageReturn : 191.79837036132812
Eval_StdReturn : 56.336082458496094
Eval_MaxReturn : 236.93582153320312
Eval_MinReturn : 95.87474822998047
Eval_AverageEpLen : 104.0
Train_AverageReturn : 212.30990600585938
Train_StdReturn : 38.49232482910156
Train_MaxReturn : 266.5331726074219
Train_MinReturn : 89.52067565917969
Train_AverageEpLen : 104.95
Train_EnvstepsSoFar : 199752
TimeSinceStart : 79.28885126113892
Training Loss : 0.00035484498948790133
Baseline Loss : 0.3432634472846985
Initial_DataCollection_AverageReturn : 9.580930709838867
Done logging...




********** Iteration 98 ************

Beginning logging procedure...

Collecting data for eval...
Eval_AverageReturn : 238.4125518798828
Eval_StdReturn : 14.045035362243652
Eval_MaxReturn : 251.90228271484375
Eval_MinReturn : 214.8809814453125
Eval_AverageEpLen : 116.25
Train_AverageReturn : 230.4931640625
Train_StdReturn : 17.99498176574707
Train_MaxReturn : 262.8604736328125
Train_MinReturn : 187.11842346191406
Train_AverageEpLen : 108.36842105263158
Train_EnvstepsSoFar : 201811
TimeSinceStart : 80.08709478378296
Training Loss : -0.04651632532477379
Baseline Loss : 0.1683133840560913
Initial_DataCollection_AverageReturn : 9.580930709838867
Done logging...




********** Iteration 99 ************

Beginning logging procedure...

Collecting data for eval...
Eval_AverageReturn : 230.59445190429688
Eval_StdReturn : 16.043193817138672
Eval_MaxReturn : 249.50408935546875
Eval_MinReturn : 214.1844482421875
Eval_AverageEpLen : 113.25
Train_AverageReturn : 212.40159606933594
Train_StdReturn : 48.52043914794922
Train_MaxReturn : 260.716552734375
Train_MinReturn : 63.99957275390625
Train_AverageEpLen : 105.94736842105263
Train_EnvstepsSoFar : 203824
TimeSinceStart : 80.76537370681763
Training Loss : 0.0018235115567222238
Baseline Loss : 0.5482129454612732
Initial_DataCollection_AverageReturn : 9.580930709838867
Done logging...




********** Iteration 100 ************

Beginning logging procedure...

Collecting data for eval...
Eval_AverageReturn : 222.6440887451172
Eval_StdReturn : 8.40870475769043
Eval_MaxReturn : 233.31675720214844
Eval_MinReturn : 212.30258178710938
Eval_AverageEpLen : 102.75
Train_AverageReturn : 213.20559692382812
Train_StdReturn : 47.27864456176758
Train_MaxReturn : 251.2225799560547
Train_MinReturn : 16.408151626586914
Train_AverageEpLen : 100.35
Train_EnvstepsSoFar : 205831
TimeSinceStart : 81.40878200531006
Training Loss : 0.027229247614741325
Baseline Loss : 0.40353137254714966
Initial_DataCollection_AverageReturn : 9.580930709838867
Done logging...




********** Iteration 101 ************

Beginning logging procedure...

Collecting data for eval...
Eval_AverageReturn : 216.50540161132812
Eval_StdReturn : 11.658130645751953
Eval_MaxReturn : 233.88246154785156
Eval_MinReturn : 199.75796508789062
Eval_AverageEpLen : 97.6
Train_AverageReturn : 234.4503936767578
Train_StdReturn : 34.5314826965332
Train_MaxReturn : 286.9700622558594
Train_MinReturn : 168.94471740722656
Train_AverageEpLen : 119.41176470588235
Train_EnvstepsSoFar : 207861
TimeSinceStart : 82.17249274253845
Training Loss : -0.06138703599572182
Baseline Loss : 0.21133096516132355
Initial_DataCollection_AverageReturn : 9.580930709838867
Done logging...




********** Iteration 102 ************

Beginning logging procedure...

Collecting data for eval...
Eval_AverageReturn : 229.24179077148438
Eval_StdReturn : 6.202354907989502
Eval_MaxReturn : 237.5353240966797
Eval_MinReturn : 221.93885803222656
Eval_AverageEpLen : 108.75
Train_AverageReturn : 206.9946746826172
Train_StdReturn : 45.92326354980469
Train_MaxReturn : 267.66583251953125
Train_MinReturn : 72.67383575439453
Train_AverageEpLen : 101.2
Train_EnvstepsSoFar : 209885
TimeSinceStart : 82.97190189361572
Training Loss : 0.029823141172528267
Baseline Loss : 0.39473289251327515
Initial_DataCollection_AverageReturn : 9.580930709838867
Done logging...




********** Iteration 103 ************

Beginning logging procedure...

Collecting data for eval...
Eval_AverageReturn : 227.6980743408203
Eval_StdReturn : 8.936298370361328
Eval_MaxReturn : 234.4864044189453
Eval_MinReturn : 212.35574340820312
Eval_AverageEpLen : 105.75
Train_AverageReturn : 233.9250030517578
Train_StdReturn : 26.904577255249023
Train_MaxReturn : 320.79901123046875
Train_MinReturn : 195.07345581054688
Train_AverageEpLen : 111.94736842105263
Train_EnvstepsSoFar : 212012
TimeSinceStart : 83.76916885375977
Training Loss : 0.046006131917238235
Baseline Loss : 0.1857302188873291
Initial_DataCollection_AverageReturn : 9.580930709838867
Done logging...




********** Iteration 104 ************

Beginning logging procedure...

Collecting data for eval...
Eval_AverageReturn : 217.89584350585938
Eval_StdReturn : 36.17820358276367
Eval_MaxReturn : 256.2855529785156
Eval_MinReturn : 158.69125366210938
Eval_AverageEpLen : 102.5
Train_AverageReturn : 224.13893127441406
Train_StdReturn : 18.056293487548828
Train_MaxReturn : 252.50502014160156
Train_MinReturn : 166.1352996826172
Train_AverageEpLen : 105.89473684210526
Train_EnvstepsSoFar : 214024
TimeSinceStart : 84.4951102733612
Training Loss : -0.02611922286450863
Baseline Loss : 0.1846270114183426
Initial_DataCollection_AverageReturn : 9.580930709838867
Done logging...




********** Iteration 105 ************

Beginning logging procedure...

Collecting data for eval...
Eval_AverageReturn : 228.05029296875
Eval_StdReturn : 13.504207611083984
Eval_MaxReturn : 246.32705688476562
Eval_MinReturn : 210.89849853515625
Eval_AverageEpLen : 108.25
Train_AverageReturn : 223.06982421875
Train_StdReturn : 31.79784393310547
Train_MaxReturn : 305.2938537597656
Train_MinReturn : 154.09722900390625
Train_AverageEpLen : 108.26315789473684
Train_EnvstepsSoFar : 216081
TimeSinceStart : 85.2445752620697
Training Loss : -0.0445803739130497
Baseline Loss : 0.18880026042461395
Initial_DataCollection_AverageReturn : 9.580930709838867
Done logging...




********** Iteration 106 ************

Beginning logging procedure...

Collecting data for eval...
Eval_AverageReturn : 226.94598388671875
Eval_StdReturn : 11.066017150878906
Eval_MaxReturn : 246.07974243164062
Eval_MinReturn : 219.50982666015625
Eval_AverageEpLen : 108.0
Train_AverageReturn : 225.9455108642578
Train_StdReturn : 19.195636749267578
Train_MaxReturn : 258.11334228515625
Train_MinReturn : 179.00912475585938
Train_AverageEpLen : 107.57894736842105
Train_EnvstepsSoFar : 218125
TimeSinceStart : 85.96302533149719
Training Loss : 0.027859613299369812
Baseline Loss : 0.16129064559936523
Initial_DataCollection_AverageReturn : 9.580930709838867
Done logging...




********** Iteration 107 ************

Beginning logging procedure...

Collecting data for eval...
Eval_AverageReturn : 218.62100219726562
Eval_StdReturn : 23.519641876220703
Eval_MaxReturn : 235.6995086669922
Eval_MinReturn : 178.36241149902344
Eval_AverageEpLen : 101.25
Train_AverageReturn : 212.58059692382812
Train_StdReturn : 22.420024871826172
Train_MaxReturn : 239.51779174804688
Train_MinReturn : 132.83364868164062
Train_AverageEpLen : 99.85714285714286
Train_EnvstepsSoFar : 220222
TimeSinceStart : 86.71829676628113
Training Loss : -0.022250421345233917
Baseline Loss : 0.21283099055290222
Initial_DataCollection_AverageReturn : 9.580930709838867
Done logging...




********** Iteration 108 ************

Beginning logging procedure...

Collecting data for eval...
Eval_AverageReturn : 223.0073699951172
Eval_StdReturn : 39.734554290771484
Eval_MaxReturn : 273.7123718261719
Eval_MinReturn : 163.0537109375
Eval_AverageEpLen : 110.25
Train_AverageReturn : 220.252685546875
Train_StdReturn : 31.643686294555664
Train_MaxReturn : 263.5533752441406
Train_MinReturn : 139.5210723876953
Train_AverageEpLen : 104.8
Train_EnvstepsSoFar : 222318
TimeSinceStart : 87.50375866889954
Training Loss : 0.010574315674602985
Baseline Loss : 0.3139766752719879
Initial_DataCollection_AverageReturn : 9.580930709838867
Done logging...




********** Iteration 109 ************

Beginning logging procedure...

Collecting data for eval...
Eval_AverageReturn : 232.32077026367188
Eval_StdReturn : 11.834538459777832
Eval_MaxReturn : 245.6039276123047
Eval_MinReturn : 213.69374084472656
Eval_AverageEpLen : 107.0
Train_AverageReturn : 215.96334838867188
Train_StdReturn : 24.058332443237305
Train_MaxReturn : 245.8836669921875
Train_MinReturn : 158.10516357421875
Train_AverageEpLen : 103.0
Train_EnvstepsSoFar : 224378
TimeSinceStart : 88.27152466773987
Training Loss : -0.009739963337779045
Baseline Loss : 0.3003181219100952
Initial_DataCollection_AverageReturn : 9.580930709838867
Done logging...




********** Iteration 110 ************

Beginning logging procedure...

Collecting data for eval...
Eval_AverageReturn : 218.672119140625
Eval_StdReturn : 17.619216918945312
Eval_MaxReturn : 245.4286346435547
Eval_MinReturn : 190.75816345214844
Eval_AverageEpLen : 99.6
Train_AverageReturn : 227.81069946289062
Train_StdReturn : 28.19744110107422
Train_MaxReturn : 270.68341064453125
Train_MinReturn : 130.56256103515625
Train_AverageEpLen : 106.84210526315789
Train_EnvstepsSoFar : 226408
TimeSinceStart : 88.96513795852661
Training Loss : 0.04373982176184654
Baseline Loss : 0.18206501007080078
Initial_DataCollection_AverageReturn : 9.580930709838867
Done logging...




********** Iteration 111 ************

Beginning logging procedure...

Collecting data for eval...
Eval_AverageReturn : 245.05398559570312
Eval_StdReturn : 29.698884963989258
Eval_MaxReturn : 294.90338134765625
Eval_MinReturn : 221.87368774414062
Eval_AverageEpLen : 118.0
Train_AverageReturn : 230.05889892578125
Train_StdReturn : 18.665605545043945
Train_MaxReturn : 275.8857116699219
Train_MinReturn : 203.2204132080078
Train_AverageEpLen : 109.3157894736842
Train_EnvstepsSoFar : 228485
TimeSinceStart : 89.73865294456482
Training Loss : -0.0562182255089283
Baseline Loss : 0.13918711245059967
Initial_DataCollection_AverageReturn : 9.580930709838867
Done logging...




********** Iteration 112 ************

Beginning logging procedure...

Collecting data for eval...
Eval_AverageReturn : 220.1289520263672
Eval_StdReturn : 14.315284729003906
Eval_MaxReturn : 234.71829223632812
Eval_MinReturn : 194.85671997070312
Eval_AverageEpLen : 101.0
Train_AverageReturn : 226.13772583007812
Train_StdReturn : 30.855398178100586
Train_MaxReturn : 307.59173583984375
Train_MinReturn : 139.95533752441406
Train_AverageEpLen : 108.15789473684211
Train_EnvstepsSoFar : 230540
TimeSinceStart : 90.52450776100159
Training Loss : -0.004782515577971935
Baseline Loss : 0.2068651169538498
Initial_DataCollection_AverageReturn : 9.580930709838867
Done logging...




********** Iteration 113 ************

Beginning logging procedure...

Collecting data for eval...
Eval_AverageReturn : 231.76502990722656
Eval_StdReturn : 20.66656494140625
Eval_MaxReturn : 266.064208984375
Eval_MinReturn : 214.44894409179688
Eval_AverageEpLen : 112.5
Train_AverageReturn : 231.06442260742188
Train_StdReturn : 11.229243278503418
Train_MaxReturn : 249.52455139160156
Train_MinReturn : 214.960205078125
Train_AverageEpLen : 111.22222222222223
Train_EnvstepsSoFar : 232542
TimeSinceStart : 91.29509902000427
Training Loss : -0.029155122116208076
Baseline Loss : 0.1354089081287384
Initial_DataCollection_AverageReturn : 9.580930709838867
Done logging...




********** Iteration 114 ************

Beginning logging procedure...

Collecting data for eval...
Eval_AverageReturn : 239.3845977783203
Eval_StdReturn : 6.338803291320801
Eval_MaxReturn : 249.2760009765625
Eval_MinReturn : 231.60140991210938
Eval_AverageEpLen : 113.25
Train_AverageReturn : 228.7769317626953
Train_StdReturn : 16.352373123168945
Train_MaxReturn : 280.53485107421875
Train_MinReturn : 203.03900146484375
Train_AverageEpLen : 106.8
Train_EnvstepsSoFar : 234678
TimeSinceStart : 92.12503504753113
Training Loss : 0.016555847600102425
Baseline Loss : 0.11489646881818771
Initial_DataCollection_AverageReturn : 9.580930709838867
Done logging...




********** Iteration 115 ************

Beginning logging procedure...

Collecting data for eval...
Eval_AverageReturn : 214.95553588867188
Eval_StdReturn : 21.518278121948242
Eval_MaxReturn : 236.98452758789062
Eval_MinReturn : 182.19387817382812
Eval_AverageEpLen : 101.5
Train_AverageReturn : 229.82843017578125
Train_StdReturn : 11.974678993225098
Train_MaxReturn : 246.53103637695312
Train_MinReturn : 207.44972229003906
Train_AverageEpLen : 105.3157894736842
Train_EnvstepsSoFar : 236679
TimeSinceStart : 92.8870918750763
Training Loss : 0.007513483986258507
Baseline Loss : 0.14427098631858826
Initial_DataCollection_AverageReturn : 9.580930709838867
Done logging...




********** Iteration 116 ************

Beginning logging procedure...

Collecting data for eval...
Eval_AverageReturn : 237.49639892578125
Eval_StdReturn : 19.7390193939209
Eval_MaxReturn : 259.37249755859375
Eval_MinReturn : 211.3643798828125
Eval_AverageEpLen : 117.0
Train_AverageReturn : 220.06170654296875
Train_StdReturn : 42.93750762939453
Train_MaxReturn : 271.7663879394531
Train_MinReturn : 82.90096282958984
Train_AverageEpLen : 110.57894736842105
Train_EnvstepsSoFar : 238780
TimeSinceStart : 93.52059745788574
Training Loss : 0.02223331667482853
Baseline Loss : 0.5544007420539856
Initial_DataCollection_AverageReturn : 9.580930709838867
Done logging...




********** Iteration 117 ************

Beginning logging procedure...

Collecting data for eval...
Eval_AverageReturn : 240.00146484375
Eval_StdReturn : 18.15992546081543
Eval_MaxReturn : 265.6465148925781
Eval_MinReturn : 217.87240600585938
Eval_AverageEpLen : 112.25
Train_AverageReturn : 226.33778381347656
Train_StdReturn : 24.03357696533203
Train_MaxReturn : 266.1842041015625
Train_MinReturn : 151.4130401611328
Train_AverageEpLen : 107.84210526315789
Train_EnvstepsSoFar : 240829
TimeSinceStart : 94.23050451278687
Training Loss : -0.01454075612127781
Baseline Loss : 0.20086967945098877
Initial_DataCollection_AverageReturn : 9.580930709838867
Done logging...




********** Iteration 118 ************

Beginning logging procedure...

Collecting data for eval...
Eval_AverageReturn : 236.14547729492188
Eval_StdReturn : 29.035419464111328
Eval_MaxReturn : 268.3526611328125
Eval_MinReturn : 189.41281127929688
Eval_AverageEpLen : 115.75
Train_AverageReturn : 231.79405212402344
Train_StdReturn : 24.035005569458008
Train_MaxReturn : 278.0847473144531
Train_MinReturn : 192.1348114013672
Train_AverageEpLen : 109.73684210526316
Train_EnvstepsSoFar : 242914
TimeSinceStart : 95.11993074417114
Training Loss : -0.024860277771949768
Baseline Loss : 0.22651976346969604
Initial_DataCollection_AverageReturn : 9.580930709838867
Done logging...




********** Iteration 119 ************

Beginning logging procedure...

Collecting data for eval...
Eval_AverageReturn : 213.3110809326172
Eval_StdReturn : 44.06981658935547
Eval_MaxReturn : 265.1059265136719
Eval_MinReturn : 133.0761260986328
Eval_AverageEpLen : 102.2
Train_AverageReturn : 229.2412872314453
Train_StdReturn : 30.705806732177734
Train_MaxReturn : 300.2782897949219
Train_MinReturn : 160.5906524658203
Train_AverageEpLen : 112.83333333333333
Train_EnvstepsSoFar : 244945
TimeSinceStart : 95.78696298599243
Training Loss : -0.0023125731386244297
Baseline Loss : 0.31557682156562805
Initial_DataCollection_AverageReturn : 9.580930709838867
Done logging...




********** Iteration 120 ************

Beginning logging procedure...

Collecting data for eval...
Eval_AverageReturn : 240.37460327148438
Eval_StdReturn : 7.748406887054443
Eval_MaxReturn : 250.83578491210938
Eval_MinReturn : 228.98565673828125
Eval_AverageEpLen : 111.5
Train_AverageReturn : 232.9401397705078
Train_StdReturn : 16.615018844604492
Train_MaxReturn : 268.92352294921875
Train_MinReturn : 193.08975219726562
Train_AverageEpLen : 110.57894736842105
Train_EnvstepsSoFar : 247046
TimeSinceStart : 96.52706503868103
Training Loss : 0.009827152825891972
Baseline Loss : 0.15949058532714844
Initial_DataCollection_AverageReturn : 9.580930709838867
Done logging...




********** Iteration 121 ************

Beginning logging procedure...

Collecting data for eval...
Eval_AverageReturn : 250.9564971923828
Eval_StdReturn : 18.23129653930664
Eval_MaxReturn : 271.00152587890625
Eval_MinReturn : 231.5557098388672
Eval_AverageEpLen : 123.25
Train_AverageReturn : 226.2134552001953
Train_StdReturn : 43.20320129394531
Train_MaxReturn : 274.9073181152344
Train_MinReturn : 62.6148681640625
Train_AverageEpLen : 110.15789473684211
Train_EnvstepsSoFar : 249139
TimeSinceStart : 97.27558064460754
Training Loss : -0.030722128227353096
Baseline Loss : 0.4477803707122803
Initial_DataCollection_AverageReturn : 9.580930709838867
Done logging...




********** Iteration 122 ************

Beginning logging procedure...

Collecting data for eval...
Eval_AverageReturn : 226.87850952148438
Eval_StdReturn : 6.3388519287109375
Eval_MaxReturn : 235.2877655029297
Eval_MinReturn : 218.5608673095703
Eval_AverageEpLen : 102.0
Train_AverageReturn : 240.51544189453125
Train_StdReturn : 25.52250099182129
Train_MaxReturn : 296.498291015625
Train_MinReturn : 190.96551513671875
Train_AverageEpLen : 116.66666666666667
Train_EnvstepsSoFar : 251239
TimeSinceStart : 97.96143627166748
Training Loss : 0.02671760879456997
Baseline Loss : 0.1681813895702362
Initial_DataCollection_AverageReturn : 9.580930709838867
Done logging...




********** Iteration 123 ************

Beginning logging procedure...

Collecting data for eval...
Eval_AverageReturn : 212.1460723876953
Eval_StdReturn : 49.67055892944336
Eval_MaxReturn : 272.96405029296875
Eval_MinReturn : 135.81956481933594
Eval_AverageEpLen : 103.0
Train_AverageReturn : 234.44927978515625
Train_StdReturn : 44.933006286621094
Train_MaxReturn : 304.2101745605469
Train_MinReturn : 98.66845703125
Train_AverageEpLen : 116.72222222222223
Train_EnvstepsSoFar : 253340
TimeSinceStart : 98.76968145370483
Training Loss : -0.06850500404834747
Baseline Loss : 0.26984208822250366
Initial_DataCollection_AverageReturn : 9.580930709838867
Done logging...




********** Iteration 124 ************

Beginning logging procedure...

Collecting data for eval...
Eval_AverageReturn : 234.72482299804688
Eval_StdReturn : 7.557467937469482
Eval_MaxReturn : 245.42459106445312
Eval_MinReturn : 224.1768035888672
Eval_AverageEpLen : 114.75
Train_AverageReturn : 249.0890655517578
Train_StdReturn : 31.24699592590332
Train_MaxReturn : 311.48583984375
Train_MinReturn : 184.71075439453125
Train_AverageEpLen : 125.375
Train_EnvstepsSoFar : 255346
TimeSinceStart : 99.51106476783752
Training Loss : -0.012185395695269108
Baseline Loss : 0.16256579756736755
Initial_DataCollection_AverageReturn : 9.580930709838867
Done logging...




********** Iteration 125 ************

Beginning logging procedure...

Collecting data for eval...
Eval_AverageReturn : 236.3438262939453
Eval_StdReturn : 8.835772514343262
Eval_MaxReturn : 250.6817626953125
Eval_MinReturn : 226.5467529296875
Eval_AverageEpLen : 113.5
Train_AverageReturn : 249.15625
Train_StdReturn : 37.65329360961914
Train_MaxReturn : 311.28375244140625
Train_MinReturn : 150.9814453125
Train_AverageEpLen : 122.82352941176471
Train_EnvstepsSoFar : 257434
TimeSinceStart : 100.30619168281555
Training Loss : -0.011377150192856789
Baseline Loss : 0.20638008415699005
Initial_DataCollection_AverageReturn : 9.580930709838867
Done logging...




********** Iteration 126 ************

Beginning logging procedure...

Collecting data for eval...
Eval_AverageReturn : 277.4379577636719
Eval_StdReturn : 23.209001541137695
Eval_MaxReturn : 305.548095703125
Eval_MinReturn : 248.70802307128906
Eval_AverageEpLen : 151.66666666666666
Train_AverageReturn : 251.0388946533203
Train_StdReturn : 23.09004783630371
Train_MaxReturn : 294.1392517089844
Train_MinReturn : 219.70303344726562
Train_AverageEpLen : 125.0625
Train_EnvstepsSoFar : 259435
TimeSinceStart : 101.04398536682129
Training Loss : -0.05010540783405304
Baseline Loss : 0.1570870280265808
Initial_DataCollection_AverageReturn : 9.580930709838867
Done logging...




********** Iteration 127 ************

Beginning logging procedure...

Collecting data for eval...
Eval_AverageReturn : 215.3651580810547
Eval_StdReturn : 37.16815948486328
Eval_MaxReturn : 251.9387969970703
Eval_MinReturn : 153.77589416503906
Eval_AverageEpLen : 103.75
Train_AverageReturn : 244.7394561767578
Train_StdReturn : 23.3474178314209
Train_MaxReturn : 289.78094482421875
Train_MinReturn : 199.30145263671875
Train_AverageEpLen : 119.11764705882354
Train_EnvstepsSoFar : 261460
TimeSinceStart : 101.71396160125732
Training Loss : -0.030940746888518333
Baseline Loss : 0.13664481043815613
Initial_DataCollection_AverageReturn : 9.580930709838867
Done logging...




********** Iteration 128 ************

Beginning logging procedure...

Collecting data for eval...
Eval_AverageReturn : 190.4515838623047
Eval_StdReturn : 74.37911224365234
Eval_MaxReturn : 244.95982360839844
Eval_MinReturn : 54.285194396972656
Eval_AverageEpLen : 98.8
Train_AverageReturn : 235.60595703125
Train_StdReturn : 35.9541130065918
Train_MaxReturn : 314.7732849121094
Train_MinReturn : 127.10181427001953
Train_AverageEpLen : 116.83333333333333
Train_EnvstepsSoFar : 263563
TimeSinceStart : 102.53653359413147
Training Loss : -0.021465711295604706
Baseline Loss : 0.16119691729545593
Initial_DataCollection_AverageReturn : 9.580930709838867
Done logging...




********** Iteration 129 ************

Beginning logging procedure...

Collecting data for eval...
Eval_AverageReturn : 252.1220703125
Eval_StdReturn : 10.472267150878906
Eval_MaxReturn : 262.427978515625
Eval_MinReturn : 235.07638549804688
Eval_AverageEpLen : 125.25
Train_AverageReturn : 255.85707092285156
Train_StdReturn : 41.16655349731445
Train_MaxReturn : 326.65216064453125
Train_MinReturn : 142.53482055664062
Train_AverageEpLen : 134.33333333333334
Train_EnvstepsSoFar : 265578
TimeSinceStart : 103.28578209877014
Training Loss : 0.0003765011497307569
Baseline Loss : 0.2824708819389343
Initial_DataCollection_AverageReturn : 9.580930709838867
Done logging...




********** Iteration 130 ************

Beginning logging procedure...

Collecting data for eval...
Eval_AverageReturn : 277.85906982421875
Eval_StdReturn : 39.02185821533203
Eval_MaxReturn : 321.02459716796875
Eval_MinReturn : 226.5002899169922
Eval_AverageEpLen : 137.66666666666666
Train_AverageReturn : 251.219482421875
Train_StdReturn : 21.439334869384766
Train_MaxReturn : 298.066650390625
Train_MinReturn : 215.57827758789062
Train_AverageEpLen : 126.0625
Train_EnvstepsSoFar : 267595
TimeSinceStart : 104.04837226867676
Training Loss : -0.004869597963988781
Baseline Loss : 0.14439943432807922
Initial_DataCollection_AverageReturn : 9.580930709838867
Done logging...




********** Iteration 131 ************

Beginning logging procedure...

Collecting data for eval...
Eval_AverageReturn : 258.09381103515625
Eval_StdReturn : 22.675138473510742
Eval_MaxReturn : 284.74481201171875
Eval_MinReturn : 223.02322387695312
Eval_AverageEpLen : 134.75
Train_AverageReturn : 265.525634765625
Train_StdReturn : 36.13977813720703
Train_MaxReturn : 358.8619384765625
Train_MinReturn : 213.88735961914062
Train_AverageEpLen : 137.86666666666667
Train_EnvstepsSoFar : 269663
TimeSinceStart : 104.92140793800354
Training Loss : -0.00961271021515131
Baseline Loss : 0.2076445072889328
Initial_DataCollection_AverageReturn : 9.580930709838867
Done logging...




********** Iteration 132 ************

Beginning logging procedure...

Collecting data for eval...
Eval_AverageReturn : 259.8901672363281
Eval_StdReturn : 30.453838348388672
Eval_MaxReturn : 299.5314636230469
Eval_MinReturn : 219.582275390625
Eval_AverageEpLen : 128.5
Train_AverageReturn : 250.4907684326172
Train_StdReturn : 37.35002899169922
Train_MaxReturn : 297.1317138671875
Train_MinReturn : 161.29762268066406
Train_AverageEpLen : 136.26666666666668
Train_EnvstepsSoFar : 271707
TimeSinceStart : 105.785973072052
Training Loss : -0.030083250254392624
Baseline Loss : 0.36826959252357483
Initial_DataCollection_AverageReturn : 9.580930709838867
Done logging...




********** Iteration 133 ************

Beginning logging procedure...

Collecting data for eval...
Eval_AverageReturn : 229.14801025390625
Eval_StdReturn : 25.71450424194336
Eval_MaxReturn : 259.70562744140625
Eval_MinReturn : 188.57981872558594
Eval_AverageEpLen : 107.25
Train_AverageReturn : 229.47262573242188
Train_StdReturn : 52.80644226074219
Train_MaxReturn : 275.5207214355469
Train_MinReturn : 39.105159759521484
Train_AverageEpLen : 112.94444444444444
Train_EnvstepsSoFar : 273740
TimeSinceStart : 106.62559056282043
Training Loss : -0.023349540308117867
Baseline Loss : 0.31980061531066895
Initial_DataCollection_AverageReturn : 9.580930709838867
Done logging...




********** Iteration 134 ************

Beginning logging procedure...

Collecting data for eval...
Eval_AverageReturn : 200.49432373046875
Eval_StdReturn : 93.82931518554688
Eval_MaxReturn : 300.3328552246094
Eval_MinReturn : 46.333740234375
Eval_AverageEpLen : 106.0
Train_AverageReturn : 264.86468505859375
Train_StdReturn : 28.3558349609375
Train_MaxReturn : 317.02734375
Train_MinReturn : 215.1088104248047
Train_AverageEpLen : 134.0
Train_EnvstepsSoFar : 275750
TimeSinceStart : 107.49293160438538
Training Loss : 0.027658136561512947
Baseline Loss : 0.2515530288219452
Initial_DataCollection_AverageReturn : 9.580930709838867
Done logging...




********** Iteration 135 ************

Beginning logging procedure...

Collecting data for eval...
Eval_AverageReturn : 218.03733825683594
Eval_StdReturn : 36.37083053588867
Eval_MaxReturn : 245.57135009765625
Eval_MinReturn : 156.21331787109375
Eval_AverageEpLen : 111.0
Train_AverageReturn : 262.28045654296875
Train_StdReturn : 32.81619644165039
Train_MaxReturn : 331.10546875
Train_MinReturn : 218.9619903564453
Train_AverageEpLen : 133.86666666666667
Train_EnvstepsSoFar : 277758
TimeSinceStart : 108.31028819084167
Training Loss : 0.021844446659088135
Baseline Loss : 0.18974238634109497
Initial_DataCollection_AverageReturn : 9.580930709838867
Done logging...




********** Iteration 136 ************

Beginning logging procedure...

Collecting data for eval...
Eval_AverageReturn : 228.37667846679688
Eval_StdReturn : 68.30854797363281
Eval_MaxReturn : 295.1663513183594
Eval_MinReturn : 118.56342315673828
Eval_AverageEpLen : 113.75
Train_AverageReturn : 263.32379150390625
Train_StdReturn : 47.869632720947266
Train_MaxReturn : 400.3656005859375
Train_MinReturn : 167.47564697265625
Train_AverageEpLen : 136.46666666666667
Train_EnvstepsSoFar : 279805
TimeSinceStart : 109.19264793395996
Training Loss : 0.012596724554896355
Baseline Loss : 0.2920543849468231
Initial_DataCollection_AverageReturn : 9.580930709838867
Done logging...




********** Iteration 137 ************

Beginning logging procedure...

Collecting data for eval...
Eval_AverageReturn : 265.1539611816406
Eval_StdReturn : 43.85569381713867
Eval_MaxReturn : 327.12109375
Eval_MinReturn : 231.92547607421875
Eval_AverageEpLen : 134.66666666666666
Train_AverageReturn : 278.13446044921875
Train_StdReturn : 28.905380249023438
Train_MaxReturn : 342.56915283203125
Train_MinReturn : 230.5350341796875
Train_AverageEpLen : 144.14285714285714
Train_EnvstepsSoFar : 281823
TimeSinceStart : 110.02121257781982
Training Loss : -0.03391538932919502
Baseline Loss : 0.21841110289096832
Initial_DataCollection_AverageReturn : 9.580930709838867
Done logging...




********** Iteration 138 ************

Beginning logging procedure...

Collecting data for eval...
Eval_AverageReturn : 272.2330322265625
Eval_StdReturn : 13.578709602355957
Eval_MaxReturn : 288.37884521484375
Eval_MinReturn : 252.31906127929688
Eval_AverageEpLen : 131.5
Train_AverageReturn : 257.7686767578125
Train_StdReturn : 32.53157043457031
Train_MaxReturn : 336.6474609375
Train_MinReturn : 201.72618103027344
Train_AverageEpLen : 128.125
Train_EnvstepsSoFar : 283873
TimeSinceStart : 110.99161911010742
Training Loss : 0.01833166368305683
Baseline Loss : 0.206473246216774
Initial_DataCollection_AverageReturn : 9.580930709838867
Done logging...




********** Iteration 139 ************

Beginning logging procedure...

Collecting data for eval...
Eval_AverageReturn : 257.82696533203125
Eval_StdReturn : 76.6334457397461
Eval_MaxReturn : 335.8843688964844
Eval_MinReturn : 132.14051818847656
Eval_AverageEpLen : 139.75
Train_AverageReturn : 258.7784423828125
Train_StdReturn : 50.461978912353516
Train_MaxReturn : 320.8016052246094
Train_MinReturn : 98.00547790527344
Train_AverageEpLen : 134.33333333333334
Train_EnvstepsSoFar : 285888
TimeSinceStart : 111.98889493942261
Training Loss : -0.05938328057527542
Baseline Loss : 0.2845624089241028
Initial_DataCollection_AverageReturn : 9.580930709838867
Done logging...




********** Iteration 140 ************

Beginning logging procedure...

Collecting data for eval...
Eval_AverageReturn : 257.5441589355469
Eval_StdReturn : 12.024394035339355
Eval_MaxReturn : 275.02960205078125
Eval_MinReturn : 245.43360900878906
Eval_AverageEpLen : 127.75
Train_AverageReturn : 260.720703125
Train_StdReturn : 36.85740661621094
Train_MaxReturn : 313.9474182128906
Train_MinReturn : 170.10879516601562
Train_AverageEpLen : 130.25
Train_EnvstepsSoFar : 287972
TimeSinceStart : 112.93136262893677
Training Loss : -0.04586683586239815
Baseline Loss : 0.3279407322406769
Initial_DataCollection_AverageReturn : 9.580930709838867
Done logging...




********** Iteration 141 ************

Beginning logging procedure...

Collecting data for eval...
Eval_AverageReturn : 273.0151062011719
Eval_StdReturn : 57.29153823852539
Eval_MaxReturn : 352.54150390625
Eval_MinReturn : 219.8301544189453
Eval_AverageEpLen : 137.66666666666666
Train_AverageReturn : 262.22393798828125
Train_StdReturn : 33.78766632080078
Train_MaxReturn : 312.6388854980469
Train_MinReturn : 170.62754821777344
Train_AverageEpLen : 134.73333333333332
Train_EnvstepsSoFar : 289993
TimeSinceStart : 113.85441303253174
Training Loss : -0.015653295442461967
Baseline Loss : 0.27999910712242126
Initial_DataCollection_AverageReturn : 9.580930709838867
Done logging...




********** Iteration 142 ************

Beginning logging procedure...

Collecting data for eval...
Eval_AverageReturn : 272.5844421386719
Eval_StdReturn : 8.351752281188965
Eval_MaxReturn : 281.45587158203125
Eval_MinReturn : 261.3958740234375
Eval_AverageEpLen : 141.66666666666666
Train_AverageReturn : 260.843017578125
Train_StdReturn : 44.9265251159668
Train_MaxReturn : 333.52593994140625
Train_MinReturn : 131.302490234375
Train_AverageEpLen : 135.8
Train_EnvstepsSoFar : 292030
TimeSinceStart : 114.67372703552246
Training Loss : 0.023025592789053917
Baseline Loss : 0.3979801535606384
Initial_DataCollection_AverageReturn : 9.580930709838867
Done logging...




********** Iteration 143 ************

Beginning logging procedure...

Collecting data for eval...
Eval_AverageReturn : 275.3067932128906
Eval_StdReturn : 12.396924018859863
Eval_MaxReturn : 292.0264892578125
Eval_MinReturn : 258.8854675292969
Eval_AverageEpLen : 128.5
Train_AverageReturn : 258.3359680175781
Train_StdReturn : 54.35658264160156
Train_MaxReturn : 337.01416015625
Train_MinReturn : 86.17471313476562
Train_AverageEpLen : 127.0625
Train_EnvstepsSoFar : 294063
TimeSinceStart : 115.6042366027832
Training Loss : 0.0382162369787693
Baseline Loss : 0.3734261095523834
Initial_DataCollection_AverageReturn : 9.580930709838867
Done logging...




********** Iteration 144 ************

Beginning logging procedure...

Collecting data for eval...
Eval_AverageReturn : 271.9930725097656
Eval_StdReturn : 31.42814826965332
Eval_MaxReturn : 316.4376220703125
Eval_MinReturn : 249.44606018066406
Eval_AverageEpLen : 145.0
Train_AverageReturn : 272.8621826171875
Train_StdReturn : 34.65043640136719
Train_MaxReturn : 338.59149169921875
Train_MinReturn : 187.1825408935547
Train_AverageEpLen : 141.8
Train_EnvstepsSoFar : 296190
TimeSinceStart : 116.5823245048523
Training Loss : -0.002747185528278351
Baseline Loss : 0.2924909293651581
Initial_DataCollection_AverageReturn : 9.580930709838867
Done logging...




********** Iteration 145 ************

Beginning logging procedure...

Collecting data for eval...
Eval_AverageReturn : 291.9483642578125
Eval_StdReturn : 37.64828109741211
Eval_MaxReturn : 338.8305358886719
Eval_MinReturn : 246.6523895263672
Eval_AverageEpLen : 149.33333333333334
Train_AverageReturn : 293.4798889160156
Train_StdReturn : 44.8223991394043
Train_MaxReturn : 380.023681640625
Train_MinReturn : 230.2012939453125
Train_AverageEpLen : 157.3846153846154
Train_EnvstepsSoFar : 298236
TimeSinceStart : 117.5256769657135
Training Loss : -0.03602716699242592
Baseline Loss : 0.2924552857875824
Initial_DataCollection_AverageReturn : 9.580930709838867
Done logging...




********** Iteration 146 ************

Beginning logging procedure...

Collecting data for eval...
Eval_AverageReturn : 259.3167419433594
Eval_StdReturn : 36.603240966796875
Eval_MaxReturn : 316.1898193359375
Eval_MinReturn : 220.37245178222656
Eval_AverageEpLen : 129.75
Train_AverageReturn : 269.0133972167969
Train_StdReturn : 59.0522575378418
Train_MaxReturn : 383.352783203125
Train_MinReturn : 115.38729858398438
Train_AverageEpLen : 145.35714285714286
Train_EnvstepsSoFar : 300271
TimeSinceStart : 118.37377572059631
Training Loss : 0.010904473252594471
Baseline Loss : 0.45041215419769287
Initial_DataCollection_AverageReturn : 9.580930709838867
Done logging...




********** Iteration 147 ************

Beginning logging procedure...

Collecting data for eval...
Eval_AverageReturn : 280.376953125
Eval_StdReturn : 25.85059356689453
Eval_MaxReturn : 304.1649169921875
Eval_MinReturn : 244.44175720214844
Eval_AverageEpLen : 143.0
Train_AverageReturn : 284.1004943847656
Train_StdReturn : 66.78965759277344
Train_MaxReturn : 358.8673095703125
Train_MinReturn : 82.60443115234375
Train_AverageEpLen : 152.35714285714286
Train_EnvstepsSoFar : 302404
TimeSinceStart : 119.18515110015869
Training Loss : -0.005352037027478218
Baseline Loss : 0.44344255328178406
Initial_DataCollection_AverageReturn : 9.580930709838867
Done logging...




********** Iteration 148 ************

Beginning logging procedure...

Collecting data for eval...
Eval_AverageReturn : 298.3893737792969
Eval_StdReturn : 42.74724197387695
Eval_MaxReturn : 344.9696350097656
Eval_MinReturn : 241.72711181640625
Eval_AverageEpLen : 150.33333333333334
Train_AverageReturn : 290.5202331542969
Train_StdReturn : 49.097381591796875
Train_MaxReturn : 406.8309631347656
Train_MinReturn : 233.43325805664062
Train_AverageEpLen : 152.57142857142858
Train_EnvstepsSoFar : 304540
TimeSinceStart : 120.1401674747467
Training Loss : -0.02026831917464733
Baseline Loss : 0.21858111023902893
Initial_DataCollection_AverageReturn : 9.580930709838867
Done logging...




********** Iteration 149 ************

Beginning logging procedure...

Collecting data for eval...
Eval_AverageReturn : 294.1118469238281
Eval_StdReturn : 13.445098876953125
Eval_MaxReturn : 308.98187255859375
Eval_MinReturn : 276.4143981933594
Eval_AverageEpLen : 157.0
Train_AverageReturn : 296.964599609375
Train_StdReturn : 34.50699234008789
Train_MaxReturn : 360.12579345703125
Train_MinReturn : 234.20631408691406
Train_AverageEpLen : 159.30769230769232
Train_EnvstepsSoFar : 306611
TimeSinceStart : 121.00833797454834
Training Loss : -0.03688117489218712
Baseline Loss : 0.15404334664344788
Initial_DataCollection_AverageReturn : 9.580930709838867
Done logging...




********** Iteration 150 ************

Beginning logging procedure...

Collecting data for eval...
Eval_AverageReturn : 223.8851776123047
Eval_StdReturn : 80.2254409790039
Eval_MaxReturn : 294.8470458984375
Eval_MinReturn : 111.73944091796875
Eval_AverageEpLen : 134.0
Train_AverageReturn : 304.3000183105469
Train_StdReturn : 47.362491607666016
Train_MaxReturn : 401.0689697265625
Train_MinReturn : 237.35728454589844
Train_AverageEpLen : 163.0
Train_EnvstepsSoFar : 308730
TimeSinceStart : 121.89316058158875
Training Loss : -0.023010732606053352
Baseline Loss : 0.22468779981136322
Initial_DataCollection_AverageReturn : 9.580930709838867
Done logging...




********** Iteration 151 ************

Beginning logging procedure...

Collecting data for eval...
Eval_AverageReturn : 310.173583984375
Eval_StdReturn : 42.37510299682617
Eval_MaxReturn : 343.05462646484375
Eval_MinReturn : 250.34408569335938
Eval_AverageEpLen : 156.33333333333334
Train_AverageReturn : 277.4556579589844
Train_StdReturn : 30.231304168701172
Train_MaxReturn : 327.5682067871094
Train_MinReturn : 216.89271545410156
Train_AverageEpLen : 139.4
Train_EnvstepsSoFar : 310821
TimeSinceStart : 122.80629920959473
Training Loss : -0.03474007919430733
Baseline Loss : 0.2778930962085724
Initial_DataCollection_AverageReturn : 9.580930709838867
Done logging...




********** Iteration 152 ************

Beginning logging procedure...

Collecting data for eval...
Eval_AverageReturn : 309.8080749511719
Eval_StdReturn : 81.23857116699219
Eval_MaxReturn : 420.07574462890625
Eval_MinReturn : 226.7397003173828
Eval_AverageEpLen : 168.0
Train_AverageReturn : 280.9822082519531
Train_StdReturn : 51.42609405517578
Train_MaxReturn : 352.5884704589844
Train_MinReturn : 140.22262573242188
Train_AverageEpLen : 148.85714285714286
Train_EnvstepsSoFar : 312905
TimeSinceStart : 123.72489166259766
Training Loss : -0.009636474773287773
Baseline Loss : 0.2553882300853729
Initial_DataCollection_AverageReturn : 9.580930709838867
Done logging...




********** Iteration 153 ************

Beginning logging procedure...

Collecting data for eval...
Eval_AverageReturn : 317.9237365722656
Eval_StdReturn : 35.160186767578125
Eval_MaxReturn : 355.93115234375
Eval_MinReturn : 271.154296875
Eval_AverageEpLen : 174.33333333333334
Train_AverageReturn : 300.01947021484375
Train_StdReturn : 29.208532333374023
Train_MaxReturn : 353.01177978515625
Train_MinReturn : 249.5000762939453
Train_AverageEpLen : 145.42857142857142
Train_EnvstepsSoFar : 314941
TimeSinceStart : 124.56622242927551
Training Loss : 0.04604383558034897
Baseline Loss : 0.25984320044517517
Initial_DataCollection_AverageReturn : 9.580930709838867
Done logging...




********** Iteration 154 ************

Beginning logging procedure...

Collecting data for eval...
Eval_AverageReturn : 314.4941711425781
Eval_StdReturn : 56.15313720703125
Eval_MaxReturn : 392.83990478515625
Eval_MinReturn : 264.08642578125
Eval_AverageEpLen : 162.66666666666666
Train_AverageReturn : 305.9617919921875
Train_StdReturn : 44.095245361328125
Train_MaxReturn : 369.49334716796875
Train_MinReturn : 212.14837646484375
Train_AverageEpLen : 157.69230769230768
Train_EnvstepsSoFar : 316991
TimeSinceStart : 125.35282015800476
Training Loss : 0.009544776752591133
Baseline Loss : 0.287799596786499
Initial_DataCollection_AverageReturn : 9.580930709838867
Done logging...




********** Iteration 155 ************

Beginning logging procedure...

Collecting data for eval...
Eval_AverageReturn : 311.3769226074219
Eval_StdReturn : 40.967891693115234
Eval_MaxReturn : 346.8586120605469
Eval_MinReturn : 253.9707489013672
Eval_AverageEpLen : 159.0
Train_AverageReturn : 337.679931640625
Train_StdReturn : 62.739295959472656
Train_MaxReturn : 441.2615966796875
Train_MinReturn : 247.78536987304688
Train_AverageEpLen : 182.36363636363637
Train_EnvstepsSoFar : 318997
TimeSinceStart : 126.12297010421753
Training Loss : -0.02878643199801445
Baseline Loss : 0.2682327628135681
Initial_DataCollection_AverageReturn : 9.580930709838867
Done logging...




********** Iteration 156 ************

Beginning logging procedure...

Collecting data for eval...
Eval_AverageReturn : 295.8680114746094
Eval_StdReturn : 17.135225296020508
Eval_MaxReturn : 315.83807373046875
Eval_MinReturn : 273.9951171875
Eval_AverageEpLen : 157.0
Train_AverageReturn : 338.3057861328125
Train_StdReturn : 74.67697143554688
Train_MaxReturn : 513.6260986328125
Train_MinReturn : 190.7957763671875
Train_AverageEpLen : 187.1818181818182
Train_EnvstepsSoFar : 321056
TimeSinceStart : 126.95540452003479
Training Loss : -0.0074130212888121605
Baseline Loss : 0.6138326525688171
Initial_DataCollection_AverageReturn : 9.580930709838867
Done logging...




********** Iteration 157 ************

Beginning logging procedure...

Collecting data for eval...
Eval_AverageReturn : 329.10693359375
Eval_StdReturn : 62.86903762817383
Eval_MaxReturn : 416.0993347167969
Eval_MinReturn : 269.7042541503906
Eval_AverageEpLen : 183.0
Train_AverageReturn : 341.2886047363281
Train_StdReturn : 51.76996994018555
Train_MaxReturn : 424.20526123046875
Train_MinReturn : 269.89678955078125
Train_AverageEpLen : 184.54545454545453
Train_EnvstepsSoFar : 323086
TimeSinceStart : 127.82205748558044
Training Loss : -0.011833510361611843
Baseline Loss : 0.3412453532218933
Initial_DataCollection_AverageReturn : 9.580930709838867
Done logging...




********** Iteration 158 ************

Beginning logging procedure...

Collecting data for eval...
Eval_AverageReturn : 331.5362243652344
Eval_StdReturn : 63.64384460449219
Eval_MaxReturn : 416.56402587890625
Eval_MinReturn : 263.4584045410156
Eval_AverageEpLen : 178.66666666666666
Train_AverageReturn : 354.694580078125
Train_StdReturn : 47.377132415771484
Train_MaxReturn : 478.58837890625
Train_MinReturn : 309.47735595703125
Train_AverageEpLen : 185.8181818181818
Train_EnvstepsSoFar : 325130
TimeSinceStart : 128.7134654521942
Training Loss : 0.0082966024056077
Baseline Loss : 0.31515881419181824
Initial_DataCollection_AverageReturn : 9.580930709838867
Done logging...




********** Iteration 159 ************

Beginning logging procedure...

Collecting data for eval...
Eval_AverageReturn : 333.0635681152344
Eval_StdReturn : 5.809918403625488
Eval_MaxReturn : 340.68902587890625
Eval_MinReturn : 326.6009216308594
Eval_AverageEpLen : 163.66666666666666
Train_AverageReturn : 352.9216613769531
Train_StdReturn : 45.77909469604492
Train_MaxReturn : 427.691162109375
Train_MinReturn : 274.41131591796875
Train_AverageEpLen : 186.45454545454547
Train_EnvstepsSoFar : 327181
TimeSinceStart : 129.55964136123657
Training Loss : -0.0032656523399055004
Baseline Loss : 0.23552420735359192
Initial_DataCollection_AverageReturn : 9.580930709838867
Done logging...




********** Iteration 160 ************

Beginning logging procedure...

Collecting data for eval...
Eval_AverageReturn : 342.9645080566406
Eval_StdReturn : 55.035274505615234
Eval_MaxReturn : 414.9552307128906
Eval_MinReturn : 281.3503112792969
Eval_AverageEpLen : 166.33333333333334
Train_AverageReturn : 370.6914978027344
Train_StdReturn : 85.80328369140625
Train_MaxReturn : 482.87725830078125
Train_MinReturn : 173.3228302001953
Train_AverageEpLen : 204.3
Train_EnvstepsSoFar : 329224
TimeSinceStart : 130.44374871253967
Training Loss : -0.03390054777264595
Baseline Loss : 0.441903680562973
Initial_DataCollection_AverageReturn : 9.580930709838867
Done logging...




********** Iteration 161 ************

Beginning logging procedure...

Collecting data for eval...
Eval_AverageReturn : 310.6866149902344
Eval_StdReturn : 26.704816818237305
Eval_MaxReturn : 337.7784729003906
Eval_MinReturn : 274.353759765625
Eval_AverageEpLen : 183.0
Train_AverageReturn : 343.7784118652344
Train_StdReturn : 60.12062072753906
Train_MaxReturn : 473.8567199707031
Train_MinReturn : 270.10150146484375
Train_AverageEpLen : 182.8181818181818
Train_EnvstepsSoFar : 331235
TimeSinceStart : 131.31554412841797
Training Loss : -0.054455362260341644
Baseline Loss : 0.3120017349720001
Initial_DataCollection_AverageReturn : 9.580930709838867
Done logging...




********** Iteration 162 ************

Beginning logging procedure...

Collecting data for eval...
Eval_AverageReturn : 325.5067138671875
Eval_StdReturn : 30.124021530151367
Eval_MaxReturn : 367.1178894042969
Eval_MinReturn : 296.7911376953125
Eval_AverageEpLen : 170.0
Train_AverageReturn : 346.6204833984375
Train_StdReturn : 73.10568237304688
Train_MaxReturn : 491.02178955078125
Train_MinReturn : 207.96510314941406
Train_AverageEpLen : 190.8181818181818
Train_EnvstepsSoFar : 333334
TimeSinceStart : 132.29269814491272
Training Loss : -0.0014478920493274927
Baseline Loss : 0.4132850468158722
Initial_DataCollection_AverageReturn : 9.580930709838867
Done logging...




********** Iteration 163 ************

Beginning logging procedure...

Collecting data for eval...
Eval_AverageReturn : 387.75482177734375
Eval_StdReturn : 45.57623291015625
Eval_MaxReturn : 433.3310546875
Eval_MinReturn : 342.1785888671875
Eval_AverageEpLen : 209.5
Train_AverageReturn : 368.70916748046875
Train_StdReturn : 45.64279556274414
Train_MaxReturn : 431.1983947753906
Train_MinReturn : 252.44815063476562
Train_AverageEpLen : 195.72727272727272
Train_EnvstepsSoFar : 335487
TimeSinceStart : 133.0435173511505
Training Loss : 0.029192253947257996
Baseline Loss : 0.2535950243473053
Initial_DataCollection_AverageReturn : 9.580930709838867
Done logging...




********** Iteration 164 ************

Beginning logging procedure...

Collecting data for eval...
Eval_AverageReturn : 371.48858642578125
Eval_StdReturn : 102.61309814453125
Eval_MaxReturn : 474.1016845703125
Eval_MinReturn : 268.87548828125
Eval_AverageEpLen : 267.5
Train_AverageReturn : 334.1695556640625
Train_StdReturn : 72.48426055908203
Train_MaxReturn : 463.6706848144531
Train_MinReturn : 202.91665649414062
Train_AverageEpLen : 182.9090909090909
Train_EnvstepsSoFar : 337499
TimeSinceStart : 133.92314672470093
Training Loss : 0.020534882321953773
Baseline Loss : 0.5424993634223938
Initial_DataCollection_AverageReturn : 9.580930709838867
Done logging...




********** Iteration 165 ************

Beginning logging procedure...

Collecting data for eval...
Eval_AverageReturn : 362.6396484375
Eval_StdReturn : 23.573272705078125
Eval_MaxReturn : 391.027587890625
Eval_MinReturn : 333.3082275390625
Eval_AverageEpLen : 175.33333333333334
Train_AverageReturn : 354.6352233886719
Train_StdReturn : 46.30054473876953
Train_MaxReturn : 446.322998046875
Train_MinReturn : 289.0923156738281
Train_AverageEpLen : 183.63636363636363
Train_EnvstepsSoFar : 339519
TimeSinceStart : 134.86642026901245
Training Loss : -0.018010715022683144
Baseline Loss : 0.25922712683677673
Initial_DataCollection_AverageReturn : 9.580930709838867
Done logging...




********** Iteration 166 ************

Beginning logging procedure...

Collecting data for eval...
Eval_AverageReturn : 460.031494140625
Eval_StdReturn : 22.654279708862305
Eval_MaxReturn : 482.6857604980469
Eval_MinReturn : 437.377197265625
Eval_AverageEpLen : 305.0
Train_AverageReturn : 376.55352783203125
Train_StdReturn : 51.91923904418945
Train_MaxReturn : 453.59722900390625
Train_MinReturn : 288.6519470214844
Train_AverageEpLen : 207.5
Train_EnvstepsSoFar : 341594
TimeSinceStart : 135.7327778339386
Training Loss : -0.014857453294098377
Baseline Loss : 0.25020715594291687
Initial_DataCollection_AverageReturn : 9.580930709838867
Done logging...




********** Iteration 167 ************

Beginning logging procedure...

Collecting data for eval...
Eval_AverageReturn : 470.281982421875
Eval_StdReturn : 90.58052062988281
Eval_MaxReturn : 560.8624877929688
Eval_MinReturn : 379.7014465332031
Eval_AverageEpLen : 279.0
Train_AverageReturn : 357.5162048339844
Train_StdReturn : 39.02501678466797
Train_MaxReturn : 416.9190368652344
Train_MinReturn : 271.8646240234375
Train_AverageEpLen : 192.0
Train_EnvstepsSoFar : 343706
TimeSinceStart : 136.64304208755493
Training Loss : -0.030427029356360435
Baseline Loss : 0.3338238596916199
Initial_DataCollection_AverageReturn : 9.580930709838867
Done logging...




********** Iteration 168 ************

Beginning logging procedure...

Collecting data for eval...
Eval_AverageReturn : 463.5753173828125
Eval_StdReturn : 81.8480224609375
Eval_MaxReturn : 545.42333984375
Eval_MinReturn : 381.727294921875
Eval_AverageEpLen : 266.0
Train_AverageReturn : 363.2730712890625
Train_StdReturn : 75.46524810791016
Train_MaxReturn : 481.7076416015625
Train_MinReturn : 139.68116760253906
Train_AverageEpLen : 189.33333333333334
Train_EnvstepsSoFar : 345978
TimeSinceStart : 137.71707439422607
Training Loss : 0.02021942473948002
Baseline Loss : 0.2890605926513672
Initial_DataCollection_AverageReturn : 9.580930709838867
Done logging...




********** Iteration 169 ************

Beginning logging procedure...

Collecting data for eval...
Eval_AverageReturn : 437.1134033203125
Eval_StdReturn : 17.661483764648438
Eval_MaxReturn : 454.77490234375
Eval_MinReturn : 419.4519348144531
Eval_AverageEpLen : 266.0
Train_AverageReturn : 356.85797119140625
Train_StdReturn : 82.17112731933594
Train_MaxReturn : 538.9805908203125
Train_MinReturn : 188.28323364257812
Train_AverageEpLen : 204.2
Train_EnvstepsSoFar : 348020
TimeSinceStart : 138.6467719078064
Training Loss : -0.04802269488573074
Baseline Loss : 0.5769838690757751
Initial_DataCollection_AverageReturn : 9.580930709838867
Done logging...




********** Iteration 170 ************

Beginning logging procedure...

Collecting data for eval...
Eval_AverageReturn : 309.41607666015625
Eval_StdReturn : 12.09024715423584
Eval_MaxReturn : 326.1153869628906
Eval_MinReturn : 297.88665771484375
Eval_AverageEpLen : 169.33333333333334
Train_AverageReturn : 385.30438232421875
Train_StdReturn : 59.181331634521484
Train_MaxReturn : 487.8338317871094
Train_MinReturn : 324.8395080566406
Train_AverageEpLen : 205.4
Train_EnvstepsSoFar : 350074
TimeSinceStart : 139.59724164009094
Training Loss : -0.017164554446935654
Baseline Loss : 0.24863171577453613
Initial_DataCollection_AverageReturn : 9.580930709838867
Done logging...




********** Iteration 171 ************

Beginning logging procedure...

Collecting data for eval...
Eval_AverageReturn : 433.4222412109375
Eval_StdReturn : 37.71479797363281
Eval_MaxReturn : 471.13702392578125
Eval_MinReturn : 395.7074279785156
Eval_AverageEpLen : 243.5
Train_AverageReturn : 353.8587951660156
Train_StdReturn : 31.654752731323242
Train_MaxReturn : 419.98028564453125
Train_MinReturn : 304.043701171875
Train_AverageEpLen : 183.9090909090909
Train_EnvstepsSoFar : 352097
TimeSinceStart : 140.45668196678162
Training Loss : -0.03222215920686722
Baseline Loss : 0.3088052570819855
Initial_DataCollection_AverageReturn : 9.580930709838867
Done logging...




********** Iteration 172 ************

Beginning logging procedure...

Collecting data for eval...
Eval_AverageReturn : 375.4130859375
Eval_StdReturn : 18.610702514648438
Eval_MaxReturn : 394.0237731933594
Eval_MinReturn : 356.8023681640625
Eval_AverageEpLen : 204.5
Train_AverageReturn : 354.0788269042969
Train_StdReturn : 75.22933197021484
Train_MaxReturn : 408.299560546875
Train_MinReturn : 130.7869415283203
Train_AverageEpLen : 188.0909090909091
Train_EnvstepsSoFar : 354166
TimeSinceStart : 141.33413553237915
Training Loss : -0.032747600227594376
Baseline Loss : 0.4746476113796234
Initial_DataCollection_AverageReturn : 9.580930709838867
Done logging...




********** Iteration 173 ************

Beginning logging procedure...

Collecting data for eval...
Eval_AverageReturn : 413.12274169921875
Eval_StdReturn : 20.988082885742188
Eval_MaxReturn : 434.1108093261719
Eval_MinReturn : 392.1346435546875
Eval_AverageEpLen : 231.5
Train_AverageReturn : 357.7430419921875
Train_StdReturn : 48.234737396240234
Train_MaxReturn : 448.0366516113281
Train_MinReturn : 287.0220642089844
Train_AverageEpLen : 186.25
Train_EnvstepsSoFar : 356401
TimeSinceStart : 142.23720121383667
Training Loss : -0.002567184856161475
Baseline Loss : 0.2989247143268585
Initial_DataCollection_AverageReturn : 9.580930709838867
Done logging...




********** Iteration 174 ************

Beginning logging procedure...

Collecting data for eval...
Eval_AverageReturn : 386.2630920410156
Eval_StdReturn : 95.42752075195312
Eval_MaxReturn : 512.97705078125
Eval_MinReturn : 282.6904602050781
Eval_AverageEpLen : 215.66666666666666
Train_AverageReturn : 375.3611755371094
Train_StdReturn : 38.15005874633789
Train_MaxReturn : 415.0225524902344
Train_MinReturn : 296.67462158203125
Train_AverageEpLen : 212.3
Train_EnvstepsSoFar : 358524
TimeSinceStart : 143.12438702583313
Training Loss : 0.03703400120139122
Baseline Loss : 0.32861870527267456
Initial_DataCollection_AverageReturn : 9.580930709838867
Done logging...




********** Iteration 175 ************

Beginning logging procedure...

Collecting data for eval...
Eval_AverageReturn : 390.05426025390625
Eval_StdReturn : 37.76493835449219
Eval_MaxReturn : 427.8191833496094
Eval_MinReturn : 352.289306640625
Eval_AverageEpLen : 210.0
Train_AverageReturn : 373.2457275390625
Train_StdReturn : 50.44849395751953
Train_MaxReturn : 432.26776123046875
Train_MinReturn : 272.74725341796875
Train_AverageEpLen : 204.6
Train_EnvstepsSoFar : 360570
TimeSinceStart : 143.97134447097778
Training Loss : -0.00038575148209929466
Baseline Loss : 0.49024486541748047
Initial_DataCollection_AverageReturn : 9.580930709838867
Done logging...




********** Iteration 176 ************

Beginning logging procedure...

Collecting data for eval...
Eval_AverageReturn : 337.031005859375
Eval_StdReturn : 38.4057731628418
Eval_MaxReturn : 385.1071472167969
Eval_MinReturn : 291.1064453125
Eval_AverageEpLen : 168.66666666666666
Train_AverageReturn : 346.8504638671875
Train_StdReturn : 88.90050506591797
Train_MaxReturn : 461.6435546875
Train_MinReturn : 162.4775390625
Train_AverageEpLen : 196.36363636363637
Train_EnvstepsSoFar : 362730
TimeSinceStart : 144.80458426475525
Training Loss : -0.01950438693165779
Baseline Loss : 0.886258065700531
Initial_DataCollection_AverageReturn : 9.580930709838867
Done logging...




********** Iteration 177 ************

Beginning logging procedure...

Collecting data for eval...
Eval_AverageReturn : 387.18804931640625
Eval_StdReturn : 9.712890625
Eval_MaxReturn : 396.90093994140625
Eval_MinReturn : 377.47515869140625
Eval_AverageEpLen : 208.5
Train_AverageReturn : 365.8385009765625
Train_StdReturn : 82.34906768798828
Train_MaxReturn : 487.57574462890625
Train_MinReturn : 229.4628143310547
Train_AverageEpLen : 207.5
Train_EnvstepsSoFar : 364805
TimeSinceStart : 145.50995349884033
Training Loss : 0.002688182285055518
Baseline Loss : 0.6565261483192444
Initial_DataCollection_AverageReturn : 9.580930709838867
Done logging...




********** Iteration 178 ************

Beginning logging procedure...

Collecting data for eval...
Eval_AverageReturn : 396.61761474609375
Eval_StdReturn : 15.1297607421875
Eval_MaxReturn : 411.74737548828125
Eval_MinReturn : 381.48785400390625
Eval_AverageEpLen : 208.0
Train_AverageReturn : 359.9691162109375
Train_StdReturn : 45.94999694824219
Train_MaxReturn : 413.0079650878906
Train_MinReturn : 264.5894775390625
Train_AverageEpLen : 193.45454545454547
Train_EnvstepsSoFar : 366933
TimeSinceStart : 146.29753303527832
Training Loss : -0.003104276256635785
Baseline Loss : 0.5835959911346436
Initial_DataCollection_AverageReturn : 9.580930709838867
Done logging...




********** Iteration 179 ************

Beginning logging procedure...

Collecting data for eval...
Eval_AverageReturn : 409.23773193359375
Eval_StdReturn : 44.3302001953125
Eval_MaxReturn : 453.56793212890625
Eval_MinReturn : 364.90753173828125
Eval_AverageEpLen : 233.5
Train_AverageReturn : 385.21478271484375
Train_StdReturn : 49.574623107910156
Train_MaxReturn : 467.5079040527344
Train_MinReturn : 314.9299621582031
Train_AverageEpLen : 214.0
Train_EnvstepsSoFar : 369073
TimeSinceStart : 147.11949515342712
Training Loss : -0.018858978524804115
Baseline Loss : 0.32060226798057556
Initial_DataCollection_AverageReturn : 9.580930709838867
Done logging...




********** Iteration 180 ************

Beginning logging procedure...

Collecting data for eval...
Eval_AverageReturn : 409.4081115722656
Eval_StdReturn : 42.61103820800781
Eval_MaxReturn : 462.7642822265625
Eval_MinReturn : 358.4732666015625
Eval_AverageEpLen : 217.66666666666666
Train_AverageReturn : 407.4493408203125
Train_StdReturn : 44.565555572509766
Train_MaxReturn : 469.162109375
Train_MinReturn : 363.83013916015625
Train_AverageEpLen : 224.33333333333334
Train_EnvstepsSoFar : 371092
TimeSinceStart : 147.9312183856964
Training Loss : -0.013366321101784706
Baseline Loss : 0.22819025814533234
Initial_DataCollection_AverageReturn : 9.580930709838867
Done logging...




********** Iteration 181 ************

Beginning logging procedure...

Collecting data for eval...
Eval_AverageReturn : 344.5558776855469
Eval_StdReturn : 22.42632484436035
Eval_MaxReturn : 376.201171875
Eval_MinReturn : 326.90533447265625
Eval_AverageEpLen : 166.66666666666666
Train_AverageReturn : 370.223388671875
Train_StdReturn : 53.513389587402344
Train_MaxReturn : 456.465576171875
Train_MinReturn : 307.53485107421875
Train_AverageEpLen : 205.4
Train_EnvstepsSoFar : 373146
TimeSinceStart : 148.8430094718933
Training Loss : 0.042122453451156616
Baseline Loss : 0.38355475664138794
Initial_DataCollection_AverageReturn : 9.580930709838867
Done logging...




********** Iteration 182 ************

Beginning logging procedure...

Collecting data for eval...
Eval_AverageReturn : 439.93109130859375
Eval_StdReturn : 17.31988525390625
Eval_MaxReturn : 457.2509765625
Eval_MinReturn : 422.6112060546875
Eval_AverageEpLen : 225.0
Train_AverageReturn : 389.36151123046875
Train_StdReturn : 31.95066261291504
Train_MaxReturn : 429.4992370605469
Train_MinReturn : 337.09722900390625
Train_AverageEpLen : 204.8
Train_EnvstepsSoFar : 375194
TimeSinceStart : 149.52933716773987
Training Loss : -0.0005985097959637642
Baseline Loss : 0.19275155663490295
Initial_DataCollection_AverageReturn : 9.580930709838867
Done logging...




********** Iteration 183 ************

Beginning logging procedure...

Collecting data for eval...
Eval_AverageReturn : 447.9259948730469
Eval_StdReturn : 14.102020263671875
Eval_MaxReturn : 462.02801513671875
Eval_MinReturn : 433.823974609375
Eval_AverageEpLen : 264.5
Train_AverageReturn : 368.003173828125
Train_StdReturn : 76.79326629638672
Train_MaxReturn : 464.47515869140625
Train_MinReturn : 156.79345703125
Train_AverageEpLen : 197.27272727272728
Train_EnvstepsSoFar : 377364
TimeSinceStart : 150.3834526538849
Training Loss : -0.0047807833179831505
Baseline Loss : 0.38596397638320923
Initial_DataCollection_AverageReturn : 9.580930709838867
Done logging...




********** Iteration 184 ************

Beginning logging procedure...

Collecting data for eval...
Eval_AverageReturn : 430.28070068359375
Eval_StdReturn : 3.8487701416015625
Eval_MaxReturn : 434.1294860839844
Eval_MinReturn : 426.43194580078125
Eval_AverageEpLen : 255.0
Train_AverageReturn : 358.9057922363281
Train_StdReturn : 50.88459777832031
Train_MaxReturn : 436.4083251953125
Train_MinReturn : 240.38478088378906
Train_AverageEpLen : 186.36363636363637
Train_EnvstepsSoFar : 379414
TimeSinceStart : 151.1445939540863
Training Loss : -0.006844212766736746
Baseline Loss : 0.3169328272342682
Initial_DataCollection_AverageReturn : 9.580930709838867
Done logging...




********** Iteration 185 ************

Beginning logging procedure...

Collecting data for eval...
Eval_AverageReturn : 402.8746643066406
Eval_StdReturn : 26.956207275390625
Eval_MaxReturn : 429.83087158203125
Eval_MinReturn : 375.91845703125
Eval_AverageEpLen : 210.0
Train_AverageReturn : 361.8066101074219
Train_StdReturn : 74.71868896484375
Train_MaxReturn : 465.7760314941406
Train_MinReturn : 195.6254119873047
Train_AverageEpLen : 193.54545454545453
Train_EnvstepsSoFar : 381543
TimeSinceStart : 151.99591708183289
Training Loss : -0.015934478491544724
Baseline Loss : 0.4107363820075989
Initial_DataCollection_AverageReturn : 9.580930709838867
Done logging...




********** Iteration 186 ************

Beginning logging procedure...

Collecting data for eval...
Eval_AverageReturn : 373.9549255371094
Eval_StdReturn : 97.98523712158203
Eval_MaxReturn : 512.509765625
Eval_MinReturn : 302.78765869140625
Eval_AverageEpLen : 187.33333333333334
Train_AverageReturn : 394.5453186035156
Train_StdReturn : 43.859954833984375
Train_MaxReturn : 472.7972106933594
Train_MinReturn : 308.3312072753906
Train_AverageEpLen : 214.8
Train_EnvstepsSoFar : 383691
TimeSinceStart : 152.9352056980133
Training Loss : -0.00811582338064909
Baseline Loss : 0.20999622344970703
Initial_DataCollection_AverageReturn : 9.580930709838867
Done logging...




********** Iteration 187 ************

Beginning logging procedure...

Collecting data for eval...
Eval_AverageReturn : 358.69287109375
Eval_StdReturn : 31.552268981933594
Eval_MaxReturn : 399.0608215332031
Eval_MinReturn : 322.0425720214844
Eval_AverageEpLen : 187.0
Train_AverageReturn : 382.3604431152344
Train_StdReturn : 48.20471954345703
Train_MaxReturn : 467.2452392578125
Train_MinReturn : 313.07562255859375
Train_AverageEpLen : 202.3
Train_EnvstepsSoFar : 385714
TimeSinceStart : 153.77961540222168
Training Loss : -0.0492066815495491
Baseline Loss : 0.16219738125801086
Initial_DataCollection_AverageReturn : 9.580930709838867
Done logging...




********** Iteration 188 ************

Beginning logging procedure...

Collecting data for eval...
Eval_AverageReturn : 321.9001159667969
Eval_StdReturn : 29.506811141967773
Eval_MaxReturn : 361.0724182128906
Eval_MinReturn : 289.8590087890625
Eval_AverageEpLen : 161.0
Train_AverageReturn : 376.6807556152344
Train_StdReturn : 83.52471923828125
Train_MaxReturn : 534.4442138671875
Train_MinReturn : 228.6206512451172
Train_AverageEpLen : 205.3
Train_EnvstepsSoFar : 387767
TimeSinceStart : 154.51790595054626
Training Loss : -0.0165745597332716
Baseline Loss : 0.2765105962753296
Initial_DataCollection_AverageReturn : 9.580930709838867
Done logging...




********** Iteration 189 ************

Beginning logging procedure...

Collecting data for eval...
Eval_AverageReturn : 382.30584716796875
Eval_StdReturn : 48.09480285644531
Eval_MaxReturn : 430.4006652832031
Eval_MinReturn : 334.2110595703125
Eval_AverageEpLen : 211.5
Train_AverageReturn : 360.7538146972656
Train_StdReturn : 98.23744201660156
Train_MaxReturn : 459.36956787109375
Train_MinReturn : 97.26512145996094
Train_AverageEpLen : 192.27272727272728
Train_EnvstepsSoFar : 389882
TimeSinceStart : 155.33020782470703
Training Loss : -0.008684847503900528
Baseline Loss : 0.4843147397041321
Initial_DataCollection_AverageReturn : 9.580930709838867
Done logging...




********** Iteration 190 ************

Beginning logging procedure...

Collecting data for eval...
Eval_AverageReturn : 387.55621337890625
Eval_StdReturn : 2.2099151611328125
Eval_MaxReturn : 389.76611328125
Eval_MinReturn : 385.3462829589844
Eval_AverageEpLen : 202.0
Train_AverageReturn : 329.8699951171875
Train_StdReturn : 76.90503692626953
Train_MaxReturn : 467.1217346191406
Train_MinReturn : 185.0502166748047
Train_AverageEpLen : 178.58333333333334
Train_EnvstepsSoFar : 392025
TimeSinceStart : 156.08896017074585
Training Loss : 0.04121101275086403
Baseline Loss : 0.5152749419212341
Initial_DataCollection_AverageReturn : 9.580930709838867
Done logging...




********** Iteration 191 ************

Beginning logging procedure...

Collecting data for eval...
Eval_AverageReturn : 402.9214172363281
Eval_StdReturn : 37.007659912109375
Eval_MaxReturn : 439.9290771484375
Eval_MinReturn : 365.91375732421875
Eval_AverageEpLen : 225.5
Train_AverageReturn : 374.81494140625
Train_StdReturn : 69.3046646118164
Train_MaxReturn : 443.5198974609375
Train_MinReturn : 186.21580505371094
Train_AverageEpLen : 201.6
Train_EnvstepsSoFar : 394041
TimeSinceStart : 156.88773560523987
Training Loss : 0.04071631655097008
Baseline Loss : 0.4528084993362427
Initial_DataCollection_AverageReturn : 9.580930709838867
Done logging...




********** Iteration 192 ************

Beginning logging procedure...

Collecting data for eval...
Eval_AverageReturn : 296.5162048339844
Eval_StdReturn : 33.90816116333008
Eval_MaxReturn : 344.36053466796875
Eval_MinReturn : 269.794921875
Eval_AverageEpLen : 174.66666666666666
Train_AverageReturn : 380.9820251464844
Train_StdReturn : 74.71442413330078
Train_MaxReturn : 435.8094177246094
Train_MinReturn : 163.4980010986328
Train_AverageEpLen : 200.5
Train_EnvstepsSoFar : 396046
TimeSinceStart : 157.698548078537
Training Loss : -0.0418500155210495
Baseline Loss : 0.3289015591144562
Initial_DataCollection_AverageReturn : 9.580930709838867
Done logging...




********** Iteration 193 ************

Beginning logging procedure...

Collecting data for eval...
Eval_AverageReturn : 360.2047424316406
Eval_StdReturn : 45.503746032714844
Eval_MaxReturn : 416.87628173828125
Eval_MinReturn : 305.465576171875
Eval_AverageEpLen : 184.66666666666666
Train_AverageReturn : 361.0869140625
Train_StdReturn : 35.63350296020508
Train_MaxReturn : 439.38275146484375
Train_MinReturn : 307.0635070800781
Train_AverageEpLen : 173.0
Train_EnvstepsSoFar : 398122
TimeSinceStart : 158.4862940311432
Training Loss : 0.01595931313931942
Baseline Loss : 0.2308550328016281
Initial_DataCollection_AverageReturn : 9.580930709838867
Done logging...




********** Iteration 194 ************

Beginning logging procedure...

Collecting data for eval...
Eval_AverageReturn : 338.5517883300781
Eval_StdReturn : 51.71535873413086
Eval_MaxReturn : 377.8552551269531
Eval_MinReturn : 265.4852294921875
Eval_AverageEpLen : 185.33333333333334
Train_AverageReturn : 395.6308288574219
Train_StdReturn : 57.339454650878906
Train_MaxReturn : 512.968505859375
Train_MinReturn : 321.51751708984375
Train_AverageEpLen : 202.7
Train_EnvstepsSoFar : 400149
TimeSinceStart : 159.3256061077118
Training Loss : 0.027168868109583855
Baseline Loss : 0.24992184340953827
Initial_DataCollection_AverageReturn : 9.580930709838867
Done logging...




********** Iteration 195 ************

Beginning logging procedure...

Collecting data for eval...
Eval_AverageReturn : 438.92266845703125
Eval_StdReturn : 18.5064697265625
Eval_MaxReturn : 457.42913818359375
Eval_MinReturn : 420.41619873046875
Eval_AverageEpLen : 210.0
Train_AverageReturn : 367.5444641113281
Train_StdReturn : 57.30180740356445
Train_MaxReturn : 475.2865905761719
Train_MinReturn : 269.1256408691406
Train_AverageEpLen : 186.45454545454547
Train_EnvstepsSoFar : 402200
TimeSinceStart : 160.09605264663696
Training Loss : 0.007940304465591908
Baseline Loss : 0.15699981153011322
Initial_DataCollection_AverageReturn : 9.580930709838867
Done logging...




********** Iteration 196 ************

Beginning logging procedure...

Collecting data for eval...
Eval_AverageReturn : 400.7208557128906
Eval_StdReturn : 25.335485458374023
Eval_MaxReturn : 435.35211181640625
Eval_MinReturn : 375.4466857910156
Eval_AverageEpLen : 192.33333333333334
Train_AverageReturn : 333.3155517578125
Train_StdReturn : 61.20103454589844
Train_MaxReturn : 474.05963134765625
Train_MinReturn : 218.47976684570312
Train_AverageEpLen : 167.91666666666666
Train_EnvstepsSoFar : 404215
TimeSinceStart : 160.9718234539032
Training Loss : -0.0181761272251606
Baseline Loss : 0.35237494111061096
Initial_DataCollection_AverageReturn : 9.580930709838867
Done logging...




********** Iteration 197 ************

Beginning logging procedure...

Collecting data for eval...
Eval_AverageReturn : 327.9771423339844
Eval_StdReturn : 160.3134765625
Eval_MaxReturn : 501.189697265625
Eval_MinReturn : 114.68748474121094
Eval_AverageEpLen : 193.66666666666666
Train_AverageReturn : 305.6200866699219
Train_StdReturn : 66.6685791015625
Train_MaxReturn : 401.0872802734375
Train_MinReturn : 169.87188720703125
Train_AverageEpLen : 156.46153846153845
Train_EnvstepsSoFar : 406249
TimeSinceStart : 161.7733874320984
Training Loss : -0.005713620223104954
Baseline Loss : 0.6052716374397278
Initial_DataCollection_AverageReturn : 9.580930709838867
Done logging...




********** Iteration 198 ************

Beginning logging procedure...

Collecting data for eval...
Eval_AverageReturn : 276.7751770019531
Eval_StdReturn : 98.33500671386719
Eval_MaxReturn : 383.9527587890625
Eval_MinReturn : 146.44406127929688
Eval_AverageEpLen : 140.33333333333334
Train_AverageReturn : 351.6319885253906
Train_StdReturn : 41.29045867919922
Train_MaxReturn : 436.8226623535156
Train_MinReturn : 304.7373352050781
Train_AverageEpLen : 175.58333333333334
Train_EnvstepsSoFar : 408356
TimeSinceStart : 162.62524247169495
Training Loss : -0.028661679476499557
Baseline Loss : 0.22610148787498474
Initial_DataCollection_AverageReturn : 9.580930709838867
Done logging...




********** Iteration 199 ************

Beginning logging procedure...

Collecting data for eval...
Eval_AverageReturn : 307.806640625
Eval_StdReturn : 120.06024932861328
Eval_MaxReturn : 439.14202880859375
Eval_MinReturn : 148.94583129882812
Eval_AverageEpLen : 156.33333333333334
Train_AverageReturn : 328.3730773925781
Train_StdReturn : 73.6119384765625
Train_MaxReturn : 458.19927978515625
Train_MinReturn : 166.7884521484375
Train_AverageEpLen : 162.92307692307693
Train_EnvstepsSoFar : 410474
TimeSinceStart : 163.42057251930237
Training Loss : -0.0029948365408927202
Baseline Loss : 0.31029415130615234
Initial_DataCollection_AverageReturn : 9.580930709838867
Done logging...




********** Iteration 200 ************

Beginning logging procedure...

Collecting data for eval...
Eval_AverageReturn : 332.4898376464844
Eval_StdReturn : 18.23992156982422
Eval_MaxReturn : 348.68756103515625
Eval_MinReturn : 307.005126953125
Eval_AverageEpLen : 179.0
Train_AverageReturn : 345.5880126953125
Train_StdReturn : 64.81632995605469
Train_MaxReturn : 432.4042053222656
Train_MinReturn : 183.27182006835938
Train_AverageEpLen : 169.33333333333334
Train_EnvstepsSoFar : 412506
TimeSinceStart : 164.30648827552795
Training Loss : -0.0383952371776104
Baseline Loss : 0.2544442117214203
Initial_DataCollection_AverageReturn : 9.580930709838867
Done logging...




********** Iteration 201 ************

Beginning logging procedure...

Collecting data for eval...
Eval_AverageReturn : 338.0496520996094
Eval_StdReturn : 31.969348907470703
Eval_MaxReturn : 378.99505615234375
Eval_MinReturn : 300.97381591796875
Eval_AverageEpLen : 153.66666666666666
Train_AverageReturn : 351.9206237792969
Train_StdReturn : 41.050880432128906
Train_MaxReturn : 415.8836364746094
Train_MinReturn : 290.2281799316406
Train_AverageEpLen : 167.58333333333334
Train_EnvstepsSoFar : 414517
TimeSinceStart : 165.09440279006958
Training Loss : 0.023697037249803543
Baseline Loss : 0.15292683243751526
Initial_DataCollection_AverageReturn : 9.580930709838867
Done logging...




********** Iteration 202 ************

Beginning logging procedure...

Collecting data for eval...
Eval_AverageReturn : 338.9169921875
Eval_StdReturn : 33.2489013671875
Eval_MaxReturn : 366.9171142578125
Eval_MinReturn : 292.20257568359375
Eval_AverageEpLen : 166.66666666666666
Train_AverageReturn : 331.7008361816406
Train_StdReturn : 73.74163055419922
Train_MaxReturn : 474.09735107421875
Train_MinReturn : 202.83816528320312
Train_AverageEpLen : 163.46153846153845
Train_EnvstepsSoFar : 416642
TimeSinceStart : 165.91855335235596
Training Loss : 0.022376643493771553
Baseline Loss : 0.37187567353248596
Initial_DataCollection_AverageReturn : 9.580930709838867
Done logging...




********** Iteration 203 ************

Beginning logging procedure...

Collecting data for eval...
Eval_AverageReturn : 327.9086608886719
Eval_StdReturn : 69.44171905517578
Eval_MaxReturn : 378.9930725097656
Eval_MinReturn : 229.73025512695312
Eval_AverageEpLen : 160.66666666666666
Train_AverageReturn : 298.4169006347656
Train_StdReturn : 102.79127502441406
Train_MaxReturn : 438.6728515625
Train_MinReturn : 98.1781005859375
Train_AverageEpLen : 143.0
Train_EnvstepsSoFar : 418644
TimeSinceStart : 166.68975710868835
Training Loss : 0.00015849285409785807
Baseline Loss : 0.5140477418899536
Initial_DataCollection_AverageReturn : 9.580930709838867
Done logging...




********** Iteration 204 ************

Beginning logging procedure...

Collecting data for eval...
Eval_AverageReturn : 370.9743347167969
Eval_StdReturn : 25.852556228637695
Eval_MaxReturn : 400.5483703613281
Eval_MinReturn : 337.5710754394531
Eval_AverageEpLen : 182.0
Train_AverageReturn : 339.2334289550781
Train_StdReturn : 38.333919525146484
Train_MaxReturn : 429.2728576660156
Train_MinReturn : 267.834228515625
Train_AverageEpLen : 166.3846153846154
Train_EnvstepsSoFar : 420807
TimeSinceStart : 167.49481654167175
Training Loss : -0.046319473534822464
Baseline Loss : 0.250192254781723
Initial_DataCollection_AverageReturn : 9.580930709838867
Done logging...




********** Iteration 205 ************

Beginning logging procedure...

Collecting data for eval...
Eval_AverageReturn : 326.1039123535156
Eval_StdReturn : 14.627782821655273
Eval_MaxReturn : 341.45880126953125
Eval_MinReturn : 306.4211120605469
Eval_AverageEpLen : 147.0
Train_AverageReturn : 345.8127136230469
Train_StdReturn : 29.273208618164062
Train_MaxReturn : 425.2322082519531
Train_MinReturn : 292.02691650390625
Train_AverageEpLen : 162.69230769230768
Train_EnvstepsSoFar : 422922
TimeSinceStart : 168.23329377174377
Training Loss : -0.04013281315565109
Baseline Loss : 0.14310729503631592
Initial_DataCollection_AverageReturn : 9.580930709838867
Done logging...




********** Iteration 206 ************

Beginning logging procedure...

Collecting data for eval...
Eval_AverageReturn : 334.3664245605469
Eval_StdReturn : 29.414722442626953
Eval_MaxReturn : 365.5582580566406
Eval_MinReturn : 294.9347839355469
Eval_AverageEpLen : 160.33333333333334
Train_AverageReturn : 314.6526184082031
Train_StdReturn : 66.43849182128906
Train_MaxReturn : 418.3104248046875
Train_MinReturn : 195.8370361328125
Train_AverageEpLen : 161.15384615384616
Train_EnvstepsSoFar : 425017
TimeSinceStart : 169.09305095672607
Training Loss : -0.032481174916028976
Baseline Loss : 0.5062040090560913
Initial_DataCollection_AverageReturn : 9.580930709838867
Done logging...




********** Iteration 207 ************

Beginning logging procedure...

Collecting data for eval...
Eval_AverageReturn : 397.74237060546875
Eval_StdReturn : 31.7713623046875
Eval_MaxReturn : 429.51373291015625
Eval_MinReturn : 365.97100830078125
Eval_AverageEpLen : 205.5
Train_AverageReturn : 330.85308837890625
Train_StdReturn : 89.55794525146484
Train_MaxReturn : 441.389404296875
Train_MinReturn : 88.85601043701172
Train_AverageEpLen : 159.0
Train_EnvstepsSoFar : 427084
TimeSinceStart : 169.92855668067932
Training Loss : -0.030728179961442947
Baseline Loss : 0.5358226895332336
Initial_DataCollection_AverageReturn : 9.580930709838867
Done logging...




********** Iteration 208 ************

Beginning logging procedure...

Collecting data for eval...
Eval_AverageReturn : 312.709716796875
Eval_StdReturn : 36.848182678222656
Eval_MaxReturn : 362.7073669433594
Eval_MinReturn : 274.988525390625
Eval_AverageEpLen : 145.33333333333334
Train_AverageReturn : 341.9328308105469
Train_StdReturn : 79.23114013671875
Train_MaxReturn : 529.7026977539062
Train_MinReturn : 165.88626098632812
Train_AverageEpLen : 163.76923076923077
Train_EnvstepsSoFar : 429213
TimeSinceStart : 170.8028380870819
Training Loss : 0.04589436203241348
Baseline Loss : 0.315868616104126
Initial_DataCollection_AverageReturn : 9.580930709838867
Done logging...




********** Iteration 209 ************

Beginning logging procedure...

Collecting data for eval...
Eval_AverageReturn : 315.5047607421875
Eval_StdReturn : 23.790922164916992
Eval_MaxReturn : 347.45947265625
Eval_MinReturn : 290.4068603515625
Eval_AverageEpLen : 148.0
Train_AverageReturn : 366.1207580566406
Train_StdReturn : 106.66674041748047
Train_MaxReturn : 599.85986328125
Train_MinReturn : 140.56089782714844
Train_AverageEpLen : 185.66666666666666
Train_EnvstepsSoFar : 431441
TimeSinceStart : 171.61386466026306
Training Loss : -0.024288468062877655
Baseline Loss : 0.3432673215866089
Initial_DataCollection_AverageReturn : 9.580930709838867
Done logging...




********** Iteration 210 ************

Beginning logging procedure...

Collecting data for eval...
Eval_AverageReturn : 352.5196838378906
Eval_StdReturn : 11.421157836914062
Eval_MaxReturn : 368.66851806640625
Eval_MinReturn : 344.1685485839844
Eval_AverageEpLen : 175.0
Train_AverageReturn : 345.7032775878906
Train_StdReturn : 41.59579086303711
Train_MaxReturn : 442.5166015625
Train_MinReturn : 283.9534912109375
Train_AverageEpLen : 166.76923076923077
Train_EnvstepsSoFar : 433609
TimeSinceStart : 172.60943150520325
Training Loss : -0.006408733315765858
Baseline Loss : 0.13844364881515503
Initial_DataCollection_AverageReturn : 9.580930709838867
Done logging...




********** Iteration 211 ************

Beginning logging procedure...

Collecting data for eval...
Eval_AverageReturn : 324.1958312988281
Eval_StdReturn : 40.02323532104492
Eval_MaxReturn : 372.2396240234375
Eval_MinReturn : 274.2580261230469
Eval_AverageEpLen : 148.66666666666666
Train_AverageReturn : 327.8326416015625
Train_StdReturn : 68.06941223144531
Train_MaxReturn : 433.9100036621094
Train_MinReturn : 170.44290161132812
Train_AverageEpLen : 156.3846153846154
Train_EnvstepsSoFar : 435642
TimeSinceStart : 173.32985997200012
Training Loss : -0.007606209721416235
Baseline Loss : 0.37052279710769653
Initial_DataCollection_AverageReturn : 9.580930709838867
Done logging...




********** Iteration 212 ************

Beginning logging procedure...

Collecting data for eval...
Eval_AverageReturn : 381.7215881347656
Eval_StdReturn : 98.4484634399414
Eval_MaxReturn : 503.9455871582031
Eval_MinReturn : 262.86773681640625
Eval_AverageEpLen : 184.0
Train_AverageReturn : 323.41448974609375
Train_StdReturn : 53.35963439941406
Train_MaxReturn : 413.26959228515625
Train_MinReturn : 243.0941925048828
Train_AverageEpLen : 156.92307692307693
Train_EnvstepsSoFar : 437682
TimeSinceStart : 174.07741117477417
Training Loss : 0.0037558407057076693
Baseline Loss : 0.318957656621933
Initial_DataCollection_AverageReturn : 9.580930709838867
Done logging...




********** Iteration 213 ************

Beginning logging procedure...

Collecting data for eval...
Eval_AverageReturn : 367.0872802734375
Eval_StdReturn : 4.52515983581543
Eval_MaxReturn : 372.51171875
Eval_MinReturn : 361.4344482421875
Eval_AverageEpLen : 175.0
Train_AverageReturn : 336.95123291015625
Train_StdReturn : 64.58375549316406
Train_MaxReturn : 427.8935852050781
Train_MinReturn : 199.77085876464844
Train_AverageEpLen : 163.92307692307693
Train_EnvstepsSoFar : 439813
TimeSinceStart : 174.91009712219238
Training Loss : -0.02010509744286537
Baseline Loss : 0.46960651874542236
Initial_DataCollection_AverageReturn : 9.580930709838867
Done logging...




********** Iteration 214 ************

Beginning logging procedure...

Collecting data for eval...
Eval_AverageReturn : 378.2284851074219
Eval_StdReturn : 23.81686019897461
Eval_MaxReturn : 409.9025573730469
Eval_MinReturn : 352.4703063964844
Eval_AverageEpLen : 171.0
Train_AverageReturn : 357.5271301269531
Train_StdReturn : 61.666053771972656
Train_MaxReturn : 483.02069091796875
Train_MinReturn : 240.9441680908203
Train_AverageEpLen : 166.46153846153845
Train_EnvstepsSoFar : 441977
TimeSinceStart : 175.75704050064087
Training Loss : -0.012458273209631443
Baseline Loss : 0.22081245481967926
Initial_DataCollection_AverageReturn : 9.580930709838867
Done logging...




********** Iteration 215 ************

Beginning logging procedure...

Collecting data for eval...
Eval_AverageReturn : 335.8963317871094
Eval_StdReturn : 26.645862579345703
Eval_MaxReturn : 359.60968017578125
Eval_MinReturn : 298.67706298828125
Eval_AverageEpLen : 157.33333333333334
Train_AverageReturn : 332.9874267578125
Train_StdReturn : 93.5354232788086
Train_MaxReturn : 588.0320434570312
Train_MinReturn : 206.15875244140625
Train_AverageEpLen : 161.0
Train_EnvstepsSoFar : 444070
TimeSinceStart : 176.5496165752411
Training Loss : -0.0012838972033932805
Baseline Loss : 0.5340989232063293
Initial_DataCollection_AverageReturn : 9.580930709838867
Done logging...




********** Iteration 216 ************

Beginning logging procedure...

Collecting data for eval...
Eval_AverageReturn : 459.055419921875
Eval_StdReturn : 62.49298095703125
Eval_MaxReturn : 521.5484008789062
Eval_MinReturn : 396.56243896484375
Eval_AverageEpLen : 213.5
Train_AverageReturn : 319.77862548828125
Train_StdReturn : 64.9670181274414
Train_MaxReturn : 423.1540222167969
Train_MinReturn : 141.5382843017578
Train_AverageEpLen : 151.21428571428572
Train_EnvstepsSoFar : 446187
TimeSinceStart : 177.39668250083923
Training Loss : -0.011532403528690338
Baseline Loss : 0.38163965940475464
Initial_DataCollection_AverageReturn : 9.580930709838867
Done logging...




********** Iteration 217 ************

Beginning logging procedure...

Collecting data for eval...
Eval_AverageReturn : 331.9354553222656
Eval_StdReturn : 53.62799835205078
Eval_MaxReturn : 406.86590576171875
Eval_MinReturn : 284.3205261230469
Eval_AverageEpLen : 153.66666666666666
Train_AverageReturn : 368.9809265136719
Train_StdReturn : 77.99650573730469
Train_MaxReturn : 528.021484375
Train_MinReturn : 199.0507049560547
Train_AverageEpLen : 178.08333333333334
Train_EnvstepsSoFar : 448324
TimeSinceStart : 178.26941013336182
Training Loss : -0.06899186223745346
Baseline Loss : 0.353371798992157
Initial_DataCollection_AverageReturn : 9.580930709838867
Done logging...




********** Iteration 218 ************

Beginning logging procedure...

Collecting data for eval...
Eval_AverageReturn : 314.8923645019531
Eval_StdReturn : 54.67912673950195
Eval_MaxReturn : 388.29071044921875
Eval_MinReturn : 257.1166076660156
Eval_AverageEpLen : 151.0
Train_AverageReturn : 350.0211181640625
Train_StdReturn : 65.36003875732422
Train_MaxReturn : 484.8242492675781
Train_MinReturn : 208.91419982910156
Train_AverageEpLen : 161.30769230769232
Train_EnvstepsSoFar : 450421
TimeSinceStart : 179.11318016052246
Training Loss : -0.012442154809832573
Baseline Loss : 0.32092219591140747
Initial_DataCollection_AverageReturn : 9.580930709838867
Done logging...




********** Iteration 219 ************

Beginning logging procedure...

Collecting data for eval...
Eval_AverageReturn : 373.340087890625
Eval_StdReturn : 181.69610595703125
Eval_MaxReturn : 605.916748046875
Eval_MinReturn : 162.4405517578125
Eval_AverageEpLen : 162.0
Train_AverageReturn : 375.4444580078125
Train_StdReturn : 50.54014587402344
Train_MaxReturn : 492.21478271484375
Train_MinReturn : 290.8391418457031
Train_AverageEpLen : 177.58333333333334
Train_EnvstepsSoFar : 452552
TimeSinceStart : 179.9828999042511
Training Loss : 0.032986629754304886
Baseline Loss : 0.3113965094089508
Initial_DataCollection_AverageReturn : 9.580930709838867
Done logging...




********** Iteration 220 ************

Beginning logging procedure...

Collecting data for eval...
Eval_AverageReturn : 320.8698425292969
Eval_StdReturn : 168.47068786621094
Eval_MaxReturn : 470.12298583984375
Eval_MinReturn : 85.41358947753906
Eval_AverageEpLen : 202.66666666666666
Train_AverageReturn : 371.8393859863281
Train_StdReturn : 62.73948287963867
Train_MaxReturn : 463.1716613769531
Train_MinReturn : 263.08441162109375
Train_AverageEpLen : 182.72727272727272
Train_EnvstepsSoFar : 454562
TimeSinceStart : 180.84682726860046
Training Loss : 0.03773345425724983
Baseline Loss : 0.24811722338199615
Initial_DataCollection_AverageReturn : 9.580930709838867
Done logging...




********** Iteration 221 ************

Beginning logging procedure...

Collecting data for eval...
Eval_AverageReturn : 274.3595275878906
Eval_StdReturn : 53.56867218017578
Eval_MaxReturn : 346.4618835449219
Eval_MinReturn : 218.17520141601562
Eval_AverageEpLen : 147.33333333333334
Train_AverageReturn : 392.42547607421875
Train_StdReturn : 90.21532440185547
Train_MaxReturn : 550.410400390625
Train_MinReturn : 227.92526245117188
Train_AverageEpLen : 182.72727272727272
Train_EnvstepsSoFar : 456572
TimeSinceStart : 181.66827917099
Training Loss : -0.015660405158996582
Baseline Loss : 0.5418832898139954
Initial_DataCollection_AverageReturn : 9.580930709838867
Done logging...




********** Iteration 222 ************

Beginning logging procedure...

Collecting data for eval...
Eval_AverageReturn : 248.50086975097656
Eval_StdReturn : 74.15021514892578
Eval_MaxReturn : 345.31591796875
Eval_MinReturn : 165.20040893554688
Eval_AverageEpLen : 134.0
Train_AverageReturn : 367.0380554199219
Train_StdReturn : 67.28295135498047
Train_MaxReturn : 446.3308410644531
Train_MinReturn : 213.57632446289062
Train_AverageEpLen : 187.45454545454547
Train_EnvstepsSoFar : 458634
TimeSinceStart : 182.52376747131348
Training Loss : -0.03541240468621254
Baseline Loss : 0.633264422416687
Initial_DataCollection_AverageReturn : 9.580930709838867
Done logging...




********** Iteration 223 ************

Beginning logging procedure...

Collecting data for eval...
Eval_AverageReturn : 414.4166259765625
Eval_StdReturn : 114.46842956542969
Eval_MaxReturn : 528.8850708007812
Eval_MinReturn : 299.9482116699219
Eval_AverageEpLen : 200.0
Train_AverageReturn : 404.36798095703125
Train_StdReturn : 68.1923599243164
Train_MaxReturn : 535.2922973632812
Train_MinReturn : 302.7100830078125
Train_AverageEpLen : 200.8
Train_EnvstepsSoFar : 460642
TimeSinceStart : 183.35888361930847
Training Loss : -0.03473901003599167
Baseline Loss : 0.2766469717025757
Initial_DataCollection_AverageReturn : 9.580930709838867
Done logging...




********** Iteration 224 ************

Beginning logging procedure...

Collecting data for eval...
Eval_AverageReturn : 463.6249084472656
Eval_StdReturn : 127.13200378417969
Eval_MaxReturn : 628.4429931640625
Eval_MinReturn : 319.0059814453125
Eval_AverageEpLen : 214.0
Train_AverageReturn : 305.3544006347656
Train_StdReturn : 76.23173522949219
Train_MaxReturn : 388.99688720703125
Train_MinReturn : 145.03427124023438
Train_AverageEpLen : 147.5
Train_EnvstepsSoFar : 462707
TimeSinceStart : 184.35758566856384
Training Loss : -0.026409180834889412
Baseline Loss : 0.44147658348083496
Initial_DataCollection_AverageReturn : 9.580930709838867
Done logging...




********** Iteration 225 ************

Beginning logging procedure...

Collecting data for eval...
Eval_AverageReturn : 534.27197265625
Eval_StdReturn : 230.17620849609375
Eval_MaxReturn : 764.4481811523438
Eval_MinReturn : 304.09576416015625
Eval_AverageEpLen : 261.0
Train_AverageReturn : 335.3056945800781
Train_StdReturn : 121.73196411132812
Train_MaxReturn : 580.5164184570312
Train_MinReturn : 130.3161163330078
Train_AverageEpLen : 165.84615384615384
Train_EnvstepsSoFar : 464863
TimeSinceStart : 185.33624029159546
Training Loss : 0.022074203938245773
Baseline Loss : 0.660892128944397
Initial_DataCollection_AverageReturn : 9.580930709838867
Done logging...




********** Iteration 226 ************

Beginning logging procedure...

Collecting data for eval...
Eval_AverageReturn : 366.268798828125
Eval_StdReturn : 54.53766632080078
Eval_MaxReturn : 434.71923828125
Eval_MinReturn : 301.2630920410156
Eval_AverageEpLen : 164.33333333333334
Train_AverageReturn : 329.9173583984375
Train_StdReturn : 143.98194885253906
Train_MaxReturn : 571.0472412109375
Train_MinReturn : 133.20547485351562
Train_AverageEpLen : 158.53846153846155
Train_EnvstepsSoFar : 466924
TimeSinceStart : 186.18792819976807
Training Loss : -0.024734647944569588
Baseline Loss : 0.6466982960700989
Initial_DataCollection_AverageReturn : 9.580930709838867
Done logging...




********** Iteration 227 ************

Beginning logging procedure...

Collecting data for eval...
Eval_AverageReturn : 480.1585388183594
Eval_StdReturn : 49.166534423828125
Eval_MaxReturn : 529.3250732421875
Eval_MinReturn : 430.99200439453125
Eval_AverageEpLen : 229.5
Train_AverageReturn : 364.6908874511719
Train_StdReturn : 74.45832061767578
Train_MaxReturn : 537.9119873046875
Train_MinReturn : 265.2666015625
Train_AverageEpLen : 184.1818181818182
Train_EnvstepsSoFar : 468950
TimeSinceStart : 187.0461392402649
Training Loss : -0.010621096007525921
Baseline Loss : 0.5278832316398621
Initial_DataCollection_AverageReturn : 9.580930709838867
Done logging...




********** Iteration 228 ************

Beginning logging procedure...

Collecting data for eval...
Eval_AverageReturn : 395.6629333496094
Eval_StdReturn : 125.74739074707031
Eval_MaxReturn : 533.657470703125
Eval_MinReturn : 229.5227813720703
Eval_AverageEpLen : 198.33333333333334
Train_AverageReturn : 346.6836853027344
Train_StdReturn : 103.04718780517578
Train_MaxReturn : 507.9227294921875
Train_MinReturn : 126.77411651611328
Train_AverageEpLen : 167.66666666666666
Train_EnvstepsSoFar : 470962
TimeSinceStart : 187.8130645751953
Training Loss : -0.022752070799469948
Baseline Loss : 0.4854015111923218
Initial_DataCollection_AverageReturn : 9.580930709838867
Done logging...




********** Iteration 229 ************

Beginning logging procedure...

Collecting data for eval...
Eval_AverageReturn : 526.8043212890625
Eval_StdReturn : 157.44615173339844
Eval_MaxReturn : 684.25048828125
Eval_MinReturn : 369.3581848144531
Eval_AverageEpLen : 257.5
Train_AverageReturn : 408.41094970703125
Train_StdReturn : 131.5644073486328
Train_MaxReturn : 606.8572998046875
Train_MinReturn : 168.92681884765625
Train_AverageEpLen : 196.9090909090909
Train_EnvstepsSoFar : 473128
TimeSinceStart : 188.76003503799438
Training Loss : 0.007017858792096376
Baseline Loss : 0.6436792612075806
Initial_DataCollection_AverageReturn : 9.580930709838867
Done logging...




********** Iteration 230 ************

Beginning logging procedure...

Collecting data for eval...
Eval_AverageReturn : 446.5921936035156
Eval_StdReturn : 252.20877075195312
Eval_MaxReturn : 698.8009643554688
Eval_MinReturn : 194.3834228515625
Eval_AverageEpLen : 234.0
Train_AverageReturn : 461.0437927246094
Train_StdReturn : 146.80230712890625
Train_MaxReturn : 823.4186401367188
Train_MinReturn : 285.1478576660156
Train_AverageEpLen : 220.8
Train_EnvstepsSoFar : 475336
TimeSinceStart : 189.6211462020874
Training Loss : -0.04207441583275795
Baseline Loss : 0.3460969030857086
Initial_DataCollection_AverageReturn : 9.580930709838867
Done logging...




********** Iteration 231 ************

Beginning logging procedure...

Collecting data for eval...
Eval_AverageReturn : 350.222412109375
Eval_StdReturn : 76.22799682617188
Eval_MaxReturn : 456.75177001953125
Eval_MinReturn : 282.6508483886719
Eval_AverageEpLen : 179.0
Train_AverageReturn : 366.5787353515625
Train_StdReturn : 103.89237976074219
Train_MaxReturn : 558.82958984375
Train_MinReturn : 154.14675903320312
Train_AverageEpLen : 175.75
Train_EnvstepsSoFar : 477445
TimeSinceStart : 190.45978903770447
Training Loss : 0.00214191316626966
Baseline Loss : 0.552991509437561
Initial_DataCollection_AverageReturn : 9.580930709838867
Done logging...




********** Iteration 232 ************

Beginning logging procedure...

Collecting data for eval...
Eval_AverageReturn : 459.0809326171875
Eval_StdReturn : 105.02873229980469
Eval_MaxReturn : 606.18212890625
Eval_MinReturn : 367.71240234375
Eval_AverageEpLen : 207.33333333333334
Train_AverageReturn : 512.2998046875
Train_StdReturn : 169.81092834472656
Train_MaxReturn : 851.451171875
Train_MinReturn : 345.4765930175781
Train_AverageEpLen : 249.77777777777777
Train_EnvstepsSoFar : 479693
TimeSinceStart : 191.37839531898499
Training Loss : -0.0696106031537056
Baseline Loss : 0.6878625154495239
Initial_DataCollection_AverageReturn : 9.580930709838867
Done logging...




********** Iteration 233 ************

Beginning logging procedure...

Collecting data for eval...
Eval_AverageReturn : 649.8880615234375
Eval_StdReturn : 124.72854614257812
Eval_MaxReturn : 774.6166381835938
Eval_MinReturn : 525.1595458984375
Eval_AverageEpLen : 314.0
Train_AverageReturn : 429.0055847167969
Train_StdReturn : 141.87222290039062
Train_MaxReturn : 638.5619506835938
Train_MinReturn : 163.19773864746094
Train_AverageEpLen : 195.0
Train_EnvstepsSoFar : 481838
TimeSinceStart : 192.21345806121826
Training Loss : -0.021597133949398994
Baseline Loss : 0.5678382515907288
Initial_DataCollection_AverageReturn : 9.580930709838867
Done logging...




********** Iteration 234 ************

Beginning logging procedure...

Collecting data for eval...
Eval_AverageReturn : 646.5758056640625
Eval_StdReturn : 37.348785400390625
Eval_MaxReturn : 683.9246215820312
Eval_MinReturn : 609.22705078125
Eval_AverageEpLen : 265.0
Train_AverageReturn : 447.09503173828125
Train_StdReturn : 123.05272674560547
Train_MaxReturn : 768.9880981445312
Train_MinReturn : 297.5130615234375
Train_AverageEpLen : 213.5
Train_EnvstepsSoFar : 483973
TimeSinceStart : 192.9478816986084
Training Loss : 0.0030326799023896456
Baseline Loss : 0.5207400918006897
Initial_DataCollection_AverageReturn : 9.580930709838867
Done logging...




********** Iteration 235 ************

Beginning logging procedure...

Collecting data for eval...
Eval_AverageReturn : 433.5527648925781
Eval_StdReturn : 130.8722381591797
Eval_MaxReturn : 616.7894287109375
Eval_MinReturn : 319.361083984375
Eval_AverageEpLen : 183.0
Train_AverageReturn : 376.9817199707031
Train_StdReturn : 152.1380615234375
Train_MaxReturn : 661.60693359375
Train_MinReturn : 166.39047241210938
Train_AverageEpLen : 186.27272727272728
Train_EnvstepsSoFar : 486022
TimeSinceStart : 193.66003108024597
Training Loss : -0.0210207961499691
Baseline Loss : 1.087533712387085
Initial_DataCollection_AverageReturn : 9.580930709838867
Done logging...




********** Iteration 236 ************

Beginning logging procedure...

Collecting data for eval...
Eval_AverageReturn : 855.1785888671875
Eval_StdReturn : 0.0
Eval_MaxReturn : 855.1785888671875
Eval_MinReturn : 855.1785888671875
Eval_AverageEpLen : 469.0
Train_AverageReturn : 425.27587890625
Train_StdReturn : 160.01736450195312
Train_MaxReturn : 757.4741821289062
Train_MinReturn : 158.78152465820312
Train_AverageEpLen : 225.44444444444446
Train_EnvstepsSoFar : 488051
TimeSinceStart : 194.39731431007385
Training Loss : -0.00948450155556202
Baseline Loss : 0.8409371972084045
Initial_DataCollection_AverageReturn : 9.580930709838867
Done logging...




********** Iteration 237 ************

Beginning logging procedure...

Collecting data for eval...
Eval_AverageReturn : 313.8748474121094
Eval_StdReturn : 106.0019302368164
Eval_MaxReturn : 419.87677001953125
Eval_MinReturn : 207.87290954589844
Eval_AverageEpLen : 201.0
Train_AverageReturn : 355.0144348144531
Train_StdReturn : 204.69036865234375
Train_MaxReturn : 756.3904418945312
Train_MinReturn : 136.0110321044922
Train_AverageEpLen : 168.58333333333334
Train_EnvstepsSoFar : 490074
TimeSinceStart : 195.13201522827148
Training Loss : -0.022592157125473022
Baseline Loss : 1.0356431007385254
Initial_DataCollection_AverageReturn : 9.580930709838867
Done logging...




********** Iteration 238 ************

Beginning logging procedure...

Collecting data for eval...
Eval_AverageReturn : 357.7740783691406
Eval_StdReturn : 131.6308135986328
Eval_MaxReturn : 543.5394287109375
Eval_MinReturn : 254.4781494140625
Eval_AverageEpLen : 151.33333333333334
Train_AverageReturn : 448.1595458984375
Train_StdReturn : 134.83126831054688
Train_MaxReturn : 708.8007202148438
Train_MinReturn : 200.40545654296875
Train_AverageEpLen : 225.11111111111111
Train_EnvstepsSoFar : 492100
TimeSinceStart : 195.91999888420105
Training Loss : -0.04803045839071274
Baseline Loss : 0.7319743037223816
Initial_DataCollection_AverageReturn : 9.580930709838867
Done logging...




********** Iteration 239 ************

Beginning logging procedure...

Collecting data for eval...
Eval_AverageReturn : 405.0411376953125
Eval_StdReturn : 55.81513977050781
Eval_MaxReturn : 460.85626220703125
Eval_MinReturn : 349.2259826660156
Eval_AverageEpLen : 249.5
Train_AverageReturn : 355.0235595703125
Train_StdReturn : 129.3109893798828
Train_MaxReturn : 657.6148071289062
Train_MinReturn : 123.8885269165039
Train_AverageEpLen : 170.75
Train_EnvstepsSoFar : 494149
TimeSinceStart : 196.6414999961853
Training Loss : -0.033121660351753235
Baseline Loss : 0.9450230598449707
Initial_DataCollection_AverageReturn : 9.580930709838867
Done logging...




********** Iteration 240 ************

Beginning logging procedure...

Collecting data for eval...
Eval_AverageReturn : 541.9266967773438
Eval_StdReturn : 67.72813415527344
Eval_MaxReturn : 609.6548461914062
Eval_MinReturn : 474.1985778808594
Eval_AverageEpLen : 265.5
Train_AverageReturn : 396.6680603027344
Train_StdReturn : 205.6112823486328
Train_MaxReturn : 841.021240234375
Train_MinReturn : 122.39132690429688
Train_AverageEpLen : 188.72727272727272
Train_EnvstepsSoFar : 496225
TimeSinceStart : 197.32260990142822
Training Loss : -0.058573465794324875
Baseline Loss : 0.7016649842262268
Initial_DataCollection_AverageReturn : 9.580930709838867
Done logging...




********** Iteration 241 ************

Beginning logging procedure...

Collecting data for eval...
Eval_AverageReturn : 242.86390686035156
Eval_StdReturn : 104.48310089111328
Eval_MaxReturn : 348.57647705078125
Eval_MinReturn : 106.4666976928711
Eval_AverageEpLen : 136.5
Train_AverageReturn : 375.6964111328125
Train_StdReturn : 152.04502868652344
Train_MaxReturn : 589.5859985351562
Train_MinReturn : 96.7920913696289
Train_AverageEpLen : 183.72727272727272
Train_EnvstepsSoFar : 498246
TimeSinceStart : 198.05117750167847
Training Loss : 0.022076979279518127
Baseline Loss : 0.6464483737945557
Initial_DataCollection_AverageReturn : 9.580930709838867
Done logging...




********** Iteration 242 ************

Beginning logging procedure...

Collecting data for eval...
Eval_AverageReturn : 372.9665832519531
Eval_StdReturn : 67.92312622070312
Eval_MaxReturn : 440.88970947265625
Eval_MinReturn : 305.04345703125
Eval_AverageEpLen : 211.0
Train_AverageReturn : 378.3215026855469
Train_StdReturn : 174.90155029296875
Train_MaxReturn : 715.0881958007812
Train_MinReturn : 101.2291488647461
Train_AverageEpLen : 188.8181818181818
Train_EnvstepsSoFar : 500323
TimeSinceStart : 198.78803753852844
Training Loss : -0.027797671034932137
Baseline Loss : 0.7643622756004333
Initial_DataCollection_AverageReturn : 9.580930709838867
Done logging...




********** Iteration 243 ************

Beginning logging procedure...

Collecting data for eval...
Eval_AverageReturn : 374.6730041503906
Eval_StdReturn : 160.5054473876953
Eval_MaxReturn : 535.178466796875
Eval_MinReturn : 214.1675567626953
Eval_AverageEpLen : 222.5
Train_AverageReturn : 445.86181640625
Train_StdReturn : 215.70907592773438
Train_MaxReturn : 1018.44775390625
Train_MinReturn : 194.15338134765625
Train_AverageEpLen : 211.1
Train_EnvstepsSoFar : 502434
TimeSinceStart : 199.5300533771515
Training Loss : -0.03274182602763176
Baseline Loss : 0.6719497442245483
Initial_DataCollection_AverageReturn : 9.580930709838867
Done logging...




********** Iteration 244 ************

Beginning logging procedure...

Collecting data for eval...
Eval_AverageReturn : 587.3016967773438
Eval_StdReturn : 244.02886962890625
Eval_MaxReturn : 831.33056640625
Eval_MinReturn : 343.2728271484375
Eval_AverageEpLen : 330.5
Train_AverageReturn : 361.4919128417969
Train_StdReturn : 127.64337158203125
Train_MaxReturn : 548.4924926757812
Train_MinReturn : 96.07518005371094
Train_AverageEpLen : 168.30769230769232
Train_EnvstepsSoFar : 504622
TimeSinceStart : 200.39020037651062
Training Loss : -0.029061786830425262
Baseline Loss : 0.6734691858291626
Initial_DataCollection_AverageReturn : 9.580930709838867
Done logging...




********** Iteration 245 ************

Beginning logging procedure...

Collecting data for eval...
Eval_AverageReturn : 492.9647216796875
Eval_StdReturn : 221.7738037109375
Eval_MaxReturn : 746.5682373046875
Eval_MinReturn : 206.35255432128906
Eval_AverageEpLen : 217.0
Train_AverageReturn : 382.87969970703125
Train_StdReturn : 158.63526916503906
Train_MaxReturn : 676.6118774414062
Train_MinReturn : 128.00119018554688
Train_AverageEpLen : 215.0
Train_EnvstepsSoFar : 506772
TimeSinceStart : 201.17818188667297
Training Loss : -0.015027511864900589
Baseline Loss : 1.1230686902999878
Initial_DataCollection_AverageReturn : 9.580930709838867
Done logging...




********** Iteration 246 ************

Beginning logging procedure...

Collecting data for eval...
Eval_AverageReturn : 252.0814208984375
Eval_StdReturn : 167.76962280273438
Eval_MaxReturn : 489.341552734375
Eval_MinReturn : 132.61981201171875
Eval_AverageEpLen : 141.0
Train_AverageReturn : 433.7857971191406
Train_StdReturn : 182.1062774658203
Train_MaxReturn : 783.6669311523438
Train_MinReturn : 232.69256591796875
Train_AverageEpLen : 214.6
Train_EnvstepsSoFar : 508918
TimeSinceStart : 201.89450407028198
Training Loss : -0.0369054339826107
Baseline Loss : 1.1381481885910034
Initial_DataCollection_AverageReturn : 9.580930709838867
Done logging...




********** Iteration 247 ************

Beginning logging procedure...

Collecting data for eval...
Eval_AverageReturn : 475.9299011230469
Eval_StdReturn : 30.630035400390625
Eval_MaxReturn : 506.5599365234375
Eval_MinReturn : 445.29986572265625
Eval_AverageEpLen : 244.5
Train_AverageReturn : 442.915771484375
Train_StdReturn : 178.72698974609375
Train_MaxReturn : 791.6432495117188
Train_MinReturn : 182.02511596679688
Train_AverageEpLen : 210.3
Train_EnvstepsSoFar : 511021
TimeSinceStart : 202.58395266532898
Training Loss : -0.011216145940124989
Baseline Loss : 0.5476787686347961
Initial_DataCollection_AverageReturn : 9.580930709838867
Done logging...




********** Iteration 248 ************

Beginning logging procedure...

Collecting data for eval...
Eval_AverageReturn : 338.5303649902344
Eval_StdReturn : 41.846153259277344
Eval_MaxReturn : 392.7327880859375
Eval_MinReturn : 290.85675048828125
Eval_AverageEpLen : 151.66666666666666
Train_AverageReturn : 325.0113220214844
Train_StdReturn : 112.14606475830078
Train_MaxReturn : 509.64227294921875
Train_MinReturn : 128.56529235839844
Train_AverageEpLen : 151.07142857142858
Train_EnvstepsSoFar : 513136
TimeSinceStart : 203.2918665409088
Training Loss : -0.03574969619512558
Baseline Loss : 0.6964839100837708
Initial_DataCollection_AverageReturn : 9.580930709838867
Done logging...




********** Iteration 249 ************

Beginning logging procedure...

Collecting data for eval...
Eval_AverageReturn : 344.4884338378906
Eval_StdReturn : 94.16006469726562
Eval_MaxReturn : 447.23638916015625
Eval_MinReturn : 219.75698852539062
Eval_AverageEpLen : 216.33333333333334
Train_AverageReturn : 355.4716491699219
Train_StdReturn : 142.5878448486328
Train_MaxReturn : 567.4290771484375
Train_MinReturn : 100.20433044433594
Train_AverageEpLen : 172.83333333333334
Train_EnvstepsSoFar : 515210
TimeSinceStart : 204.09345865249634
Training Loss : 0.0804990753531456
Baseline Loss : 0.9606370329856873
Initial_DataCollection_AverageReturn : 9.580930709838867
Done logging...




********** Iteration 250 ************

Beginning logging procedure...

Collecting data for eval...
Eval_AverageReturn : 328.1631774902344
Eval_StdReturn : 147.54161071777344
Eval_MaxReturn : 493.09405517578125
Eval_MinReturn : 135.01284790039062
Eval_AverageEpLen : 158.33333333333334
Train_AverageReturn : 459.35260009765625
Train_StdReturn : 172.1657257080078
Train_MaxReturn : 796.757080078125
Train_MinReturn : 222.70977783203125
Train_AverageEpLen : 227.66666666666666
Train_EnvstepsSoFar : 517259
TimeSinceStart : 204.84448099136353
Training Loss : 0.013169622048735619
Baseline Loss : 0.9293668270111084
Initial_DataCollection_AverageReturn : 9.580930709838867
Done logging...




********** Iteration 251 ************

Beginning logging procedure...

Collecting data for eval...
Eval_AverageReturn : 564.4811401367188
Eval_StdReturn : 62.50579833984375
Eval_MaxReturn : 626.9869384765625
Eval_MinReturn : 501.975341796875
Eval_AverageEpLen : 259.5
Train_AverageReturn : 392.1842956542969
Train_StdReturn : 188.43157958984375
Train_MaxReturn : 737.8106689453125
Train_MinReturn : 127.65299224853516
Train_AverageEpLen : 190.45454545454547
Train_EnvstepsSoFar : 519354
TimeSinceStart : 205.69503688812256
Training Loss : 0.021339382976293564
Baseline Loss : 0.7635160088539124
Initial_DataCollection_AverageReturn : 9.580930709838867
Done logging...




********** Iteration 252 ************

Beginning logging procedure...

Collecting data for eval...
Eval_AverageReturn : 545.2918701171875
Eval_StdReturn : 137.90997314453125
Eval_MaxReturn : 683.2018432617188
Eval_MinReturn : 407.38189697265625
Eval_AverageEpLen : 263.5
Train_AverageReturn : 355.9674072265625
Train_StdReturn : 170.41946411132812
Train_MaxReturn : 784.65185546875
Train_MinReturn : 125.13057708740234
Train_AverageEpLen : 163.0
Train_EnvstepsSoFar : 521473
TimeSinceStart : 206.4984996318817
Training Loss : -0.005645349621772766
Baseline Loss : 0.7288323044776917
Initial_DataCollection_AverageReturn : 9.580930709838867
Done logging...




********** Iteration 253 ************

Beginning logging procedure...

Collecting data for eval...
Eval_AverageReturn : 433.5935974121094
Eval_StdReturn : 118.6729507446289
Eval_MaxReturn : 573.0126342773438
Eval_MinReturn : 282.9726867675781
Eval_AverageEpLen : 199.66666666666666
Train_AverageReturn : 437.5621032714844
Train_StdReturn : 194.6988525390625
Train_MaxReturn : 651.0852661132812
Train_MinReturn : 124.64141082763672
Train_AverageEpLen : 189.41666666666666
Train_EnvstepsSoFar : 523746
TimeSinceStart : 207.25734686851501
Training Loss : 0.02418750710785389
Baseline Loss : 0.6568709015846252
Initial_DataCollection_AverageReturn : 9.580930709838867
Done logging...




********** Iteration 254 ************

Beginning logging procedure...

Collecting data for eval...
Eval_AverageReturn : 235.2530975341797
Eval_StdReturn : 69.23766326904297
Eval_MaxReturn : 351.7662353515625
Eval_MinReturn : 169.85345458984375
Eval_AverageEpLen : 115.25
Train_AverageReturn : 382.3423156738281
Train_StdReturn : 180.07032775878906
Train_MaxReturn : 643.5908813476562
Train_MinReturn : 119.6140365600586
Train_AverageEpLen : 182.33333333333334
Train_EnvstepsSoFar : 525934
TimeSinceStart : 208.00344944000244
Training Loss : 0.03576444834470749
Baseline Loss : 0.9439597129821777
Initial_DataCollection_AverageReturn : 9.580930709838867
Done logging...




********** Iteration 255 ************

Beginning logging procedure...

Collecting data for eval...
Eval_AverageReturn : 427.4017639160156
Eval_StdReturn : 121.06990814208984
Eval_MaxReturn : 555.7840576171875
Eval_MinReturn : 265.10162353515625
Eval_AverageEpLen : 191.33333333333334
Train_AverageReturn : 395.9159851074219
Train_StdReturn : 190.41299438476562
Train_MaxReturn : 874.4813232421875
Train_MinReturn : 149.063720703125
Train_AverageEpLen : 183.8181818181818
Train_EnvstepsSoFar : 527956
TimeSinceStart : 208.70066952705383
Training Loss : 0.017305366694927216
Baseline Loss : 0.7931147217750549
Initial_DataCollection_AverageReturn : 9.580930709838867
Done logging...




********** Iteration 256 ************

Beginning logging procedure...

Collecting data for eval...
Eval_AverageReturn : 288.23138427734375
Eval_StdReturn : 129.380126953125
Eval_MaxReturn : 434.08233642578125
Eval_MinReturn : 134.1184844970703
Eval_AverageEpLen : 137.25
Train_AverageReturn : 414.0519714355469
Train_StdReturn : 160.34060668945312
Train_MaxReturn : 692.3260498046875
Train_MinReturn : 112.9537582397461
Train_AverageEpLen : 189.54545454545453
Train_EnvstepsSoFar : 530041
TimeSinceStart : 209.4624481201172
Training Loss : -0.03083302453160286
Baseline Loss : 0.8455402255058289
Initial_DataCollection_AverageReturn : 9.580930709838867
Done logging...




********** Iteration 257 ************

Beginning logging procedure...

Collecting data for eval...
Eval_AverageReturn : 729.560302734375
Eval_StdReturn : 85.0184326171875
Eval_MaxReturn : 814.5787353515625
Eval_MinReturn : 644.5418701171875
Eval_AverageEpLen : 297.0
Train_AverageReturn : 352.3331604003906
Train_StdReturn : 185.96009826660156
Train_MaxReturn : 708.91650390625
Train_MinReturn : 116.7042465209961
Train_AverageEpLen : 161.30769230769232
Train_EnvstepsSoFar : 532138
TimeSinceStart : 210.36403489112854
Training Loss : -0.038824692368507385
Baseline Loss : 0.8000319600105286
Initial_DataCollection_AverageReturn : 9.580930709838867
Done logging...




********** Iteration 258 ************

Beginning logging procedure...

Collecting data for eval...
Eval_AverageReturn : 361.1338806152344
Eval_StdReturn : 107.41700744628906
Eval_MaxReturn : 441.34051513671875
Eval_MinReturn : 209.30416870117188
Eval_AverageEpLen : 184.0
Train_AverageReturn : 530.1478271484375
Train_StdReturn : 306.5768737792969
Train_MaxReturn : 1043.3961181640625
Train_MinReturn : 119.066650390625
Train_AverageEpLen : 257.0
Train_EnvstepsSoFar : 534194
TimeSinceStart : 211.1187665462494
Training Loss : 0.011451425030827522
Baseline Loss : 0.8615610003471375
Initial_DataCollection_AverageReturn : 9.580930709838867
Done logging...




********** Iteration 259 ************

Beginning logging procedure...

Collecting data for eval...
Eval_AverageReturn : 348.9925842285156
Eval_StdReturn : 42.3176155090332
Eval_MaxReturn : 397.26629638671875
Eval_MinReturn : 294.2222900390625
Eval_AverageEpLen : 176.33333333333334
Train_AverageReturn : 366.977294921875
Train_StdReturn : 189.07958984375
Train_MaxReturn : 781.3038330078125
Train_MinReturn : 115.89664459228516
Train_AverageEpLen : 174.41666666666666
Train_EnvstepsSoFar : 536287
TimeSinceStart : 211.88783025741577
Training Loss : 0.011276926845312119
Baseline Loss : 0.6543756127357483
Initial_DataCollection_AverageReturn : 9.580930709838867
Done logging...




********** Iteration 260 ************

Beginning logging procedure...

Collecting data for eval...
Eval_AverageReturn : 467.50750732421875
Eval_StdReturn : 60.120361328125
Eval_MaxReturn : 527.6278686523438
Eval_MinReturn : 407.38714599609375
Eval_AverageEpLen : 223.5
Train_AverageReturn : 412.8667297363281
Train_StdReturn : 151.00564575195312
Train_MaxReturn : 716.9180908203125
Train_MinReturn : 237.28549194335938
Train_AverageEpLen : 189.54545454545453
Train_EnvstepsSoFar : 538372
TimeSinceStart : 212.65651941299438
Training Loss : -0.0172199085354805
Baseline Loss : 0.6975870728492737
Initial_DataCollection_AverageReturn : 9.580930709838867
Done logging...




********** Iteration 261 ************

Beginning logging procedure...

Collecting data for eval...
Eval_AverageReturn : 286.6649475097656
Eval_StdReturn : 108.07746887207031
Eval_MaxReturn : 455.6697692871094
Eval_MinReturn : 156.9124298095703
Eval_AverageEpLen : 147.0
Train_AverageReturn : 482.283203125
Train_StdReturn : 107.99781799316406
Train_MaxReturn : 729.85693359375
Train_MinReturn : 348.0684509277344
Train_AverageEpLen : 213.8
Train_EnvstepsSoFar : 540510
TimeSinceStart : 213.50257205963135
Training Loss : -0.006611713673919439
Baseline Loss : 0.6531140804290771
Initial_DataCollection_AverageReturn : 9.580930709838867
Done logging...




********** Iteration 262 ************

Beginning logging procedure...

Collecting data for eval...
Eval_AverageReturn : 400.6949157714844
Eval_StdReturn : 201.65328979492188
Eval_MaxReturn : 619.0563354492188
Eval_MinReturn : 132.65957641601562
Eval_AverageEpLen : 175.33333333333334
Train_AverageReturn : 391.0473937988281
Train_StdReturn : 131.7442626953125
Train_MaxReturn : 630.729736328125
Train_MinReturn : 204.54995727539062
Train_AverageEpLen : 186.36363636363637
Train_EnvstepsSoFar : 542560
TimeSinceStart : 214.30217361450195
Training Loss : -0.016441630199551582
Baseline Loss : 0.6229866147041321
Initial_DataCollection_AverageReturn : 9.580930709838867
Done logging...




********** Iteration 263 ************

Beginning logging procedure...

Collecting data for eval...
Eval_AverageReturn : 375.4606018066406
Eval_StdReturn : 118.98300170898438
Eval_MaxReturn : 494.443603515625
Eval_MinReturn : 256.47760009765625
Eval_AverageEpLen : 204.0
Train_AverageReturn : 507.6507263183594
Train_StdReturn : 215.06089782714844
Train_MaxReturn : 887.84716796875
Train_MinReturn : 190.17784118652344
Train_AverageEpLen : 247.44444444444446
Train_EnvstepsSoFar : 544787
TimeSinceStart : 215.01266241073608
Training Loss : -0.015540191903710365
Baseline Loss : 0.7943485379219055
Initial_DataCollection_AverageReturn : 9.580930709838867
Done logging...




********** Iteration 264 ************

Beginning logging procedure...

Collecting data for eval...
Eval_AverageReturn : 508.263916015625
Eval_StdReturn : 275.673828125
Eval_MaxReturn : 783.937744140625
Eval_MinReturn : 232.590087890625
Eval_AverageEpLen : 215.0
Train_AverageReturn : 420.1448059082031
Train_StdReturn : 137.92970275878906
Train_MaxReturn : 620.2467651367188
Train_MinReturn : 148.5237579345703
Train_AverageEpLen : 190.27272727272728
Train_EnvstepsSoFar : 546880
TimeSinceStart : 215.72540283203125
Training Loss : -0.04876130074262619
Baseline Loss : 0.7520139217376709
Initial_DataCollection_AverageReturn : 9.580930709838867
Done logging...




********** Iteration 265 ************

Beginning logging procedure...

Collecting data for eval...
Eval_AverageReturn : 241.069580078125
Eval_StdReturn : 109.39386749267578
Eval_MaxReturn : 418.510498046875
Eval_MinReturn : 149.1211395263672
Eval_AverageEpLen : 122.5
Train_AverageReturn : 420.19189453125
Train_StdReturn : 147.02325439453125
Train_MaxReturn : 653.4105834960938
Train_MinReturn : 167.88345336914062
Train_AverageEpLen : 190.27272727272728
Train_EnvstepsSoFar : 548973
TimeSinceStart : 216.49002194404602
Training Loss : -0.0179047379642725
Baseline Loss : 0.5964993834495544
Initial_DataCollection_AverageReturn : 9.580930709838867
Done logging...




********** Iteration 266 ************

Beginning logging procedure...

Collecting data for eval...
Eval_AverageReturn : 272.642578125
Eval_StdReturn : 110.28451538085938
Eval_MaxReturn : 399.448486328125
Eval_MinReturn : 130.59988403320312
Eval_AverageEpLen : 141.66666666666666
Train_AverageReturn : 381.2681579589844
Train_StdReturn : 183.3650665283203
Train_MaxReturn : 721.28271484375
Train_MinReturn : 115.88196563720703
Train_AverageEpLen : 183.0
Train_EnvstepsSoFar : 550986
TimeSinceStart : 217.1878321170807
Training Loss : 0.025530869141221046
Baseline Loss : 0.9165934324264526
Initial_DataCollection_AverageReturn : 9.580930709838867
Done logging...




********** Iteration 267 ************

Beginning logging procedure...

Collecting data for eval...
Eval_AverageReturn : 279.4735412597656
Eval_StdReturn : 77.48341369628906
Eval_MaxReturn : 336.65625
Eval_MinReturn : 169.93084716796875
Eval_AverageEpLen : 145.0
Train_AverageReturn : 341.9934997558594
Train_StdReturn : 128.8701629638672
Train_MaxReturn : 569.0907592773438
Train_MinReturn : 137.54864501953125
Train_AverageEpLen : 168.16666666666666
Train_EnvstepsSoFar : 553004
TimeSinceStart : 217.8763666152954
Training Loss : -0.002050293842330575
Baseline Loss : 0.841587245464325
Initial_DataCollection_AverageReturn : 9.580930709838867
Done logging...




********** Iteration 268 ************

Beginning logging procedure...

Collecting data for eval...
Eval_AverageReturn : 444.8646240234375
Eval_StdReturn : 80.86296081542969
Eval_MaxReturn : 557.9656982421875
Eval_MinReturn : 373.6737976074219
Eval_AverageEpLen : 210.33333333333334
Train_AverageReturn : 399.35400390625
Train_StdReturn : 114.77845764160156
Train_MaxReturn : 591.4791870117188
Train_MinReturn : 243.44183349609375
Train_AverageEpLen : 176.75
Train_EnvstepsSoFar : 555125
TimeSinceStart : 218.6318657398224
Training Loss : 0.001200642203912139
Baseline Loss : 0.6534781455993652
Initial_DataCollection_AverageReturn : 9.580930709838867
Done logging...




********** Iteration 269 ************

Beginning logging procedure...

Collecting data for eval...
Eval_AverageReturn : 471.30206298828125
Eval_StdReturn : 115.1163330078125
Eval_MaxReturn : 586.4183959960938
Eval_MinReturn : 356.18572998046875
Eval_AverageEpLen : 237.0
Train_AverageReturn : 393.7156677246094
Train_StdReturn : 227.3723907470703
Train_MaxReturn : 1031.071533203125
Train_MinReturn : 116.88134002685547
Train_AverageEpLen : 178.16666666666666
Train_EnvstepsSoFar : 557263
TimeSinceStart : 219.37661743164062
Training Loss : -0.044542472809553146
Baseline Loss : 0.6178696155548096
Initial_DataCollection_AverageReturn : 9.580930709838867
Done logging...




********** Iteration 270 ************

Beginning logging procedure...

Collecting data for eval...
Eval_AverageReturn : 308.0148620605469
Eval_StdReturn : 114.45574951171875
Eval_MaxReturn : 420.6928405761719
Eval_MinReturn : 151.03823852539062
Eval_AverageEpLen : 143.66666666666666
Train_AverageReturn : 378.6644592285156
Train_StdReturn : 167.01141357421875
Train_MaxReturn : 738.5936279296875
Train_MinReturn : 149.46595764160156
Train_AverageEpLen : 202.27272727272728
Train_EnvstepsSoFar : 559488
TimeSinceStart : 220.12512850761414
Training Loss : -0.03332442045211792
Baseline Loss : 1.010756492614746
Initial_DataCollection_AverageReturn : 9.580930709838867
Done logging...




********** Iteration 271 ************

Beginning logging procedure...

Collecting data for eval...
Eval_AverageReturn : 408.2820739746094
Eval_StdReturn : 37.67128372192383
Eval_MaxReturn : 456.8575744628906
Eval_MinReturn : 365.04693603515625
Eval_AverageEpLen : 185.33333333333334
Train_AverageReturn : 328.6418762207031
Train_StdReturn : 103.65316009521484
Train_MaxReturn : 487.4386291503906
Train_MinReturn : 161.96697998046875
Train_AverageEpLen : 162.53846153846155
Train_EnvstepsSoFar : 561601
TimeSinceStart : 220.84111833572388
Training Loss : -0.02924908697605133
Baseline Loss : 0.9304043054580688
Initial_DataCollection_AverageReturn : 9.580930709838867
Done logging...




********** Iteration 272 ************

Beginning logging procedure...

Collecting data for eval...
Eval_AverageReturn : 322.9299011230469
Eval_StdReturn : 136.8336639404297
Eval_MaxReturn : 510.42059326171875
Eval_MinReturn : 187.70437622070312
Eval_AverageEpLen : 153.66666666666666
Train_AverageReturn : 376.00384521484375
Train_StdReturn : 209.68797302246094
Train_MaxReturn : 810.5421142578125
Train_MinReturn : 103.54135131835938
Train_AverageEpLen : 176.30769230769232
Train_EnvstepsSoFar : 563893
TimeSinceStart : 221.6269793510437
Training Loss : 0.01716940477490425
Baseline Loss : 0.7695888876914978
Initial_DataCollection_AverageReturn : 9.580930709838867
Done logging...




********** Iteration 273 ************

Beginning logging procedure...

Collecting data for eval...
Eval_AverageReturn : 342.2461853027344
Eval_StdReturn : 148.5753631591797
Eval_MaxReturn : 552.0506591796875
Eval_MinReturn : 227.4180145263672
Eval_AverageEpLen : 146.0
Train_AverageReturn : 332.4540710449219
Train_StdReturn : 207.65467834472656
Train_MaxReturn : 851.0638427734375
Train_MinReturn : 122.41345977783203
Train_AverageEpLen : 168.83333333333334
Train_EnvstepsSoFar : 565919
TimeSinceStart : 222.42673659324646
Training Loss : -0.03630533814430237
Baseline Loss : 0.7613715529441833
Initial_DataCollection_AverageReturn : 9.580930709838867
Done logging...




********** Iteration 274 ************

Beginning logging procedure...

Collecting data for eval...
Eval_AverageReturn : 323.7817077636719
Eval_StdReturn : 111.09186553955078
Eval_MaxReturn : 497.458740234375
Eval_MinReturn : 189.502685546875
Eval_AverageEpLen : 163.5
Train_AverageReturn : 386.9647521972656
Train_StdReturn : 214.97927856445312
Train_MaxReturn : 779.4033203125
Train_MinReturn : 107.83345031738281
Train_AverageEpLen : 184.45454545454547
Train_EnvstepsSoFar : 567948
TimeSinceStart : 223.1908540725708
Training Loss : 0.012395231984555721
Baseline Loss : 0.9052248001098633
Initial_DataCollection_AverageReturn : 9.580930709838867
Done logging...




********** Iteration 275 ************

Beginning logging procedure...

Collecting data for eval...
Eval_AverageReturn : 490.700927734375
Eval_StdReturn : 43.10963439941406
Eval_MaxReturn : 533.810546875
Eval_MinReturn : 447.5912780761719
Eval_AverageEpLen : 235.5
Train_AverageReturn : 408.3398742675781
Train_StdReturn : 215.2831268310547
Train_MaxReturn : 751.4476928710938
Train_MinReturn : 126.4726333618164
Train_AverageEpLen : 187.0
Train_EnvstepsSoFar : 570005
TimeSinceStart : 223.84775733947754
Training Loss : -0.021182963624596596
Baseline Loss : 0.8085033297538757
Initial_DataCollection_AverageReturn : 9.580930709838867
Done logging...




********** Iteration 276 ************

Beginning logging procedure...

Collecting data for eval...
Eval_AverageReturn : 439.2674255371094
Eval_StdReturn : 111.0071029663086
Eval_MaxReturn : 569.9080810546875
Eval_MinReturn : 298.5572509765625
Eval_AverageEpLen : 194.0
Train_AverageReturn : 444.0798034667969
Train_StdReturn : 152.2108612060547
Train_MaxReturn : 818.6094970703125
Train_MinReturn : 246.6189422607422
Train_AverageEpLen : 182.0909090909091
Train_EnvstepsSoFar : 572008
TimeSinceStart : 224.60929656028748
Training Loss : -0.038469478487968445
Baseline Loss : 0.6851916313171387
Initial_DataCollection_AverageReturn : 9.580930709838867
Done logging...




********** Iteration 277 ************

Beginning logging procedure...

Collecting data for eval...
Eval_AverageReturn : 594.9251708984375
Eval_StdReturn : 170.41763305664062
Eval_MaxReturn : 765.3427734375
Eval_MinReturn : 424.50750732421875
Eval_AverageEpLen : 227.0
Train_AverageReturn : 377.69244384765625
Train_StdReturn : 158.44935607910156
Train_MaxReturn : 676.8653564453125
Train_MinReturn : 130.59625244140625
Train_AverageEpLen : 161.69230769230768
Train_EnvstepsSoFar : 574110
TimeSinceStart : 225.39540314674377
Training Loss : 0.004966914653778076
Baseline Loss : 0.7472568154335022
Initial_DataCollection_AverageReturn : 9.580930709838867
Done logging...




********** Iteration 278 ************

Beginning logging procedure...

Collecting data for eval...
Eval_AverageReturn : 295.4795837402344
Eval_StdReturn : 124.54869842529297
Eval_MaxReturn : 390.62005615234375
Eval_MinReturn : 119.53572845458984
Eval_AverageEpLen : 149.0
Train_AverageReturn : 534.3401489257812
Train_StdReturn : 197.43431091308594
Train_MaxReturn : 913.3004150390625
Train_MinReturn : 295.196044921875
Train_AverageEpLen : 312.42857142857144
Train_EnvstepsSoFar : 576297
TimeSinceStart : 226.2808473110199
Training Loss : -0.03436953201889992
Baseline Loss : 1.0270795822143555
Initial_DataCollection_AverageReturn : 9.580930709838867
Done logging...




********** Iteration 279 ************

Beginning logging procedure...

Collecting data for eval...
Eval_AverageReturn : 476.085205078125
Eval_StdReturn : 141.82861328125
Eval_MaxReturn : 617.913818359375
Eval_MinReturn : 334.256591796875
Eval_AverageEpLen : 221.0
Train_AverageReturn : 464.1109924316406
Train_StdReturn : 151.4395751953125
Train_MaxReturn : 737.4019165039062
Train_MinReturn : 138.00889587402344
Train_AverageEpLen : 211.6
Train_EnvstepsSoFar : 578413
TimeSinceStart : 227.05425691604614
Training Loss : -0.05783228203654289
Baseline Loss : 0.9058306217193604
Initial_DataCollection_AverageReturn : 9.580930709838867
Done logging...




********** Iteration 280 ************

Beginning logging procedure...

Collecting data for eval...
Eval_AverageReturn : 271.0248718261719
Eval_StdReturn : 104.11339569091797
Eval_MaxReturn : 393.07330322265625
Eval_MinReturn : 138.6737060546875
Eval_AverageEpLen : 135.33333333333334
Train_AverageReturn : 336.8226318359375
Train_StdReturn : 125.36542510986328
Train_MaxReturn : 585.9761962890625
Train_MinReturn : 101.37841033935547
Train_AverageEpLen : 166.92307692307693
Train_EnvstepsSoFar : 580583
TimeSinceStart : 227.8238561153412
Training Loss : 0.007846870459616184
Baseline Loss : 1.0262582302093506
Initial_DataCollection_AverageReturn : 9.580930709838867
Done logging...




********** Iteration 281 ************

Beginning logging procedure...

Collecting data for eval...
Eval_AverageReturn : 348.9832458496094
Eval_StdReturn : 187.97714233398438
Eval_MaxReturn : 575.8714599609375
Eval_MinReturn : 115.56241607666016
Eval_AverageEpLen : 157.66666666666666
Train_AverageReturn : 345.2990417480469
Train_StdReturn : 199.21234130859375
Train_MaxReturn : 744.42138671875
Train_MinReturn : 99.67233276367188
Train_AverageEpLen : 167.16666666666666
Train_EnvstepsSoFar : 582589
TimeSinceStart : 228.5940544605255
Training Loss : -0.0494399294257164
Baseline Loss : 0.9102350473403931
Initial_DataCollection_AverageReturn : 9.580930709838867
Done logging...




********** Iteration 282 ************

Beginning logging procedure...

Collecting data for eval...
Eval_AverageReturn : 360.485107421875
Eval_StdReturn : 172.46922302246094
Eval_MaxReturn : 596.89306640625
Eval_MinReturn : 109.5511703491211
Eval_AverageEpLen : 147.75
Train_AverageReturn : 388.0671691894531
Train_StdReturn : 234.96615600585938
Train_MaxReturn : 844.1067504882812
Train_MinReturn : 99.39411926269531
Train_AverageEpLen : 182.66666666666666
Train_EnvstepsSoFar : 584781
TimeSinceStart : 229.5328722000122
Training Loss : -0.05636320263147354
Baseline Loss : 0.7349374294281006
Initial_DataCollection_AverageReturn : 9.580930709838867
Done logging...




********** Iteration 283 ************

Beginning logging procedure...

Collecting data for eval...
Eval_AverageReturn : 300.29681396484375
Eval_StdReturn : 178.2566680908203
Eval_MaxReturn : 560.700927734375
Eval_MinReturn : 129.3771514892578
Eval_AverageEpLen : 133.5
Train_AverageReturn : 376.1222229003906
Train_StdReturn : 193.1896514892578
Train_MaxReturn : 758.2504272460938
Train_MinReturn : 109.11975860595703
Train_AverageEpLen : 173.08333333333334
Train_EnvstepsSoFar : 586858
TimeSinceStart : 230.3475320339203
Training Loss : -0.03870232030749321
Baseline Loss : 0.9596847891807556
Initial_DataCollection_AverageReturn : 9.580930709838867
Done logging...




********** Iteration 284 ************

Beginning logging procedure...

Collecting data for eval...
Eval_AverageReturn : 454.8439025878906
Eval_StdReturn : 194.96826171875
Eval_MaxReturn : 656.0606689453125
Eval_MinReturn : 190.97869873046875
Eval_AverageEpLen : 173.33333333333334
Train_AverageReturn : 284.6016540527344
Train_StdReturn : 190.0466766357422
Train_MaxReturn : 598.567138671875
Train_MinReturn : 93.25179290771484
Train_AverageEpLen : 133.8
Train_EnvstepsSoFar : 588865
TimeSinceStart : 231.05698776245117
Training Loss : -0.03895634785294533
Baseline Loss : 0.9415575861930847
Initial_DataCollection_AverageReturn : 9.580930709838867
Done logging...




********** Iteration 285 ************

Beginning logging procedure...

Collecting data for eval...
Eval_AverageReturn : 334.3456115722656
Eval_StdReturn : 183.33242797851562
Eval_MaxReturn : 562.2998046875
Eval_MinReturn : 113.39268493652344
Eval_AverageEpLen : 184.0
Train_AverageReturn : 470.81951904296875
Train_StdReturn : 252.95130920410156
Train_MaxReturn : 860.5181274414062
Train_MinReturn : 126.13414764404297
Train_AverageEpLen : 205.6
Train_EnvstepsSoFar : 590921
TimeSinceStart : 231.73130130767822
Training Loss : -0.020615732297301292
Baseline Loss : 0.7684277296066284
Initial_DataCollection_AverageReturn : 9.580930709838867
Done logging...




********** Iteration 286 ************

Beginning logging procedure...

Collecting data for eval...
Eval_AverageReturn : 491.32916259765625
Eval_StdReturn : 243.3413848876953
Eval_MaxReturn : 734.6705322265625
Eval_MinReturn : 247.98776245117188
Eval_AverageEpLen : 219.5
Train_AverageReturn : 436.86376953125
Train_StdReturn : 239.89651489257812
Train_MaxReturn : 787.994140625
Train_MinReturn : 116.40457916259766
Train_AverageEpLen : 209.4
Train_EnvstepsSoFar : 593015
TimeSinceStart : 232.39993023872375
Training Loss : -0.05208560824394226
Baseline Loss : 0.9002428650856018
Initial_DataCollection_AverageReturn : 9.580930709838867
Done logging...




********** Iteration 287 ************

Beginning logging procedure...

Collecting data for eval...
Eval_AverageReturn : 447.4150390625
Eval_StdReturn : 213.1405029296875
Eval_MaxReturn : 660.5555419921875
Eval_MinReturn : 234.27452087402344
Eval_AverageEpLen : 232.5
Train_AverageReturn : 255.35736083984375
Train_StdReturn : 102.47808074951172
Train_MaxReturn : 525.5963134765625
Train_MinReturn : 104.0282211303711
Train_AverageEpLen : 120.05882352941177
Train_EnvstepsSoFar : 595056
TimeSinceStart : 233.15883111953735
Training Loss : 0.033412955701351166
Baseline Loss : 0.7692400813102722
Initial_DataCollection_AverageReturn : 9.580930709838867
Done logging...




********** Iteration 288 ************

Beginning logging procedure...

Collecting data for eval...
Eval_AverageReturn : 317.9743347167969
Eval_StdReturn : 138.26971435546875
Eval_MaxReturn : 424.63397216796875
Eval_MinReturn : 122.70944213867188
Eval_AverageEpLen : 138.0
Train_AverageReturn : 391.90850830078125
Train_StdReturn : 252.84213256835938
Train_MaxReturn : 861.7131958007812
Train_MinReturn : 105.78075408935547
Train_AverageEpLen : 161.30769230769232
Train_EnvstepsSoFar : 597153
TimeSinceStart : 233.92156839370728
Training Loss : 0.007433398626744747
Baseline Loss : 0.9195917844772339
Initial_DataCollection_AverageReturn : 9.580930709838867
Done logging...




********** Iteration 289 ************

Beginning logging procedure...

Collecting data for eval...
Eval_AverageReturn : 348.6681213378906
Eval_StdReturn : 154.4017791748047
Eval_MaxReturn : 504.74310302734375
Eval_MinReturn : 138.37969970703125
Eval_AverageEpLen : 211.33333333333334
Train_AverageReturn : 353.3164978027344
Train_StdReturn : 211.7274169921875
Train_MaxReturn : 669.7518310546875
Train_MinReturn : 105.30194854736328
Train_AverageEpLen : 170.91666666666666
Train_EnvstepsSoFar : 599204
TimeSinceStart : 234.67666101455688
Training Loss : -0.02364995889365673
Baseline Loss : 0.9415485262870789
Initial_DataCollection_AverageReturn : 9.580930709838867
Done logging...




********** Iteration 290 ************

Beginning logging procedure...

Collecting data for eval...
Eval_AverageReturn : 262.265869140625
Eval_StdReturn : 159.48910522460938
Eval_MaxReturn : 529.5927734375
Eval_MinReturn : 111.21302032470703
Eval_AverageEpLen : 141.25
Train_AverageReturn : 382.3919982910156
Train_StdReturn : 260.56927490234375
Train_MaxReturn : 983.188720703125
Train_MinReturn : 87.5649185180664
Train_AverageEpLen : 181.33333333333334
Train_EnvstepsSoFar : 601380
TimeSinceStart : 235.52621722221375
Training Loss : 0.0158879105001688
Baseline Loss : 0.858927845954895
Initial_DataCollection_AverageReturn : 9.580930709838867
Done logging...




********** Iteration 291 ************

Beginning logging procedure...

Collecting data for eval...
Eval_AverageReturn : 311.63848876953125
Eval_StdReturn : 23.877670288085938
Eval_MaxReturn : 345.18304443359375
Eval_MinReturn : 291.5066223144531
Eval_AverageEpLen : 160.0
Train_AverageReturn : 418.4306945800781
Train_StdReturn : 156.9756622314453
Train_MaxReturn : 754.9890747070312
Train_MinReturn : 188.01925659179688
Train_AverageEpLen : 183.33333333333334
Train_EnvstepsSoFar : 603580
TimeSinceStart : 236.41295194625854
Training Loss : -0.0049993195571005344
Baseline Loss : 0.8180819749832153
Initial_DataCollection_AverageReturn : 9.580930709838867
Done logging...




********** Iteration 292 ************

Beginning logging procedure...

Collecting data for eval...
Eval_AverageReturn : 307.4714050292969
Eval_StdReturn : 158.2601318359375
Eval_MaxReturn : 503.07470703125
Eval_MinReturn : 115.46827697753906
Eval_AverageEpLen : 134.66666666666666
Train_AverageReturn : 371.1081237792969
Train_StdReturn : 234.3607177734375
Train_MaxReturn : 824.5867919921875
Train_MinReturn : 89.59659576416016
Train_AverageEpLen : 159.84615384615384
Train_EnvstepsSoFar : 605658
TimeSinceStart : 237.16469168663025
Training Loss : 0.014196195639669895
Baseline Loss : 0.9643738865852356
Initial_DataCollection_AverageReturn : 9.580930709838867
Done logging...




********** Iteration 293 ************

Beginning logging procedure...

Collecting data for eval...
Eval_AverageReturn : 308.35443115234375
Eval_StdReturn : 104.3461685180664
Eval_MaxReturn : 387.2568359375
Eval_MinReturn : 128.8673095703125
Eval_AverageEpLen : 138.5
Train_AverageReturn : 398.3678894042969
Train_StdReturn : 144.36459350585938
Train_MaxReturn : 664.7963256835938
Train_MinReturn : 181.9156036376953
Train_AverageEpLen : 168.25
Train_EnvstepsSoFar : 607677
TimeSinceStart : 237.80441045761108
Training Loss : 0.026962243020534515
Baseline Loss : 0.7239711284637451
Initial_DataCollection_AverageReturn : 9.580930709838867
Done logging...




********** Iteration 294 ************

Beginning logging procedure...

Collecting data for eval...
Eval_AverageReturn : 347.03656005859375
Eval_StdReturn : 165.79664611816406
Eval_MaxReturn : 595.1533203125
Eval_MinReturn : 140.96878051757812
Eval_AverageEpLen : 153.5
Train_AverageReturn : 483.6882019042969
Train_StdReturn : 225.0469207763672
Train_MaxReturn : 899.817626953125
Train_MinReturn : 128.54904174804688
Train_AverageEpLen : 237.77777777777777
Train_EnvstepsSoFar : 609817
TimeSinceStart : 238.56687879562378
Training Loss : -0.016262197867035866
Baseline Loss : 0.7299321293830872
Initial_DataCollection_AverageReturn : 9.580930709838867
Done logging...




********** Iteration 295 ************

Beginning logging procedure...

Collecting data for eval...
Eval_AverageReturn : 376.79248046875
Eval_StdReturn : 56.204261779785156
Eval_MaxReturn : 450.763916015625
Eval_MinReturn : 314.61651611328125
Eval_AverageEpLen : 166.33333333333334
Train_AverageReturn : 284.71881103515625
Train_StdReturn : 143.6469268798828
Train_MaxReturn : 511.7298889160156
Train_MinReturn : 108.06311798095703
Train_AverageEpLen : 137.86666666666667
Train_EnvstepsSoFar : 611885
TimeSinceStart : 239.2179856300354
Training Loss : -0.035227540880441666
Baseline Loss : 0.8249900937080383
Initial_DataCollection_AverageReturn : 9.580930709838867
Done logging...




********** Iteration 296 ************

Beginning logging procedure...

Collecting data for eval...
Eval_AverageReturn : 650.1035766601562
Eval_StdReturn : 305.47015380859375
Eval_MaxReturn : 1055.3883056640625
Eval_MinReturn : 317.93804931640625
Eval_AverageEpLen : 305.3333333333333
Train_AverageReturn : 362.2398681640625
Train_StdReturn : 182.98147583007812
Train_MaxReturn : 757.9857177734375
Train_MinReturn : 113.31053161621094
Train_AverageEpLen : 176.41666666666666
Train_EnvstepsSoFar : 614002
TimeSinceStart : 240.05823135375977
Training Loss : -0.026011740788817406
Baseline Loss : 0.8532803654670715
Initial_DataCollection_AverageReturn : 9.580930709838867
Done logging...




********** Iteration 297 ************

Beginning logging procedure...

Collecting data for eval...
Eval_AverageReturn : 429.8333740234375
Eval_StdReturn : 178.847900390625
Eval_MaxReturn : 608.6812744140625
Eval_MinReturn : 250.98548889160156
Eval_AverageEpLen : 317.5
Train_AverageReturn : 556.1268310546875
Train_StdReturn : 296.0491638183594
Train_MaxReturn : 1094.6702880859375
Train_MinReturn : 157.42291259765625
Train_AverageEpLen : 240.77777777777777
Train_EnvstepsSoFar : 616169
TimeSinceStart : 240.90786862373352
Training Loss : -0.020473157986998558
Baseline Loss : 0.849662184715271
Initial_DataCollection_AverageReturn : 9.580930709838867
Done logging...




********** Iteration 298 ************

Beginning logging procedure...

Collecting data for eval...
Eval_AverageReturn : 426.4759521484375
Eval_StdReturn : 212.60968017578125
Eval_MaxReturn : 639.0856323242188
Eval_MinReturn : 213.8662872314453
Eval_AverageEpLen : 231.5
Train_AverageReturn : 677.0474243164062
Train_StdReturn : 164.4825897216797
Train_MaxReturn : 922.5486450195312
Train_MinReturn : 474.611328125
Train_AverageEpLen : 306.7142857142857
Train_EnvstepsSoFar : 618316
TimeSinceStart : 241.62406396865845
Training Loss : -0.029301200062036514
Baseline Loss : 0.8136784434318542
Initial_DataCollection_AverageReturn : 9.580930709838867
Done logging...




********** Iteration 299 ************

Beginning logging procedure...

Collecting data for eval...
Eval_AverageReturn : 547.890625
Eval_StdReturn : 222.1878204345703
Eval_MaxReturn : 769.7222900390625
Eval_MinReturn : 244.24655151367188
Eval_AverageEpLen : 242.66666666666666
Train_AverageReturn : 479.67999267578125
Train_StdReturn : 136.72564697265625
Train_MaxReturn : 620.3236083984375
Train_MinReturn : 147.68955993652344
Train_AverageEpLen : 201.8
Train_EnvstepsSoFar : 620334
TimeSinceStart : 242.41202211380005
Training Loss : -0.002333768643438816
Baseline Loss : 0.7752209305763245
Initial_DataCollection_AverageReturn : 9.580930709838867
Done logging...


